{
 "type": "FeatureCollection",
 "name": "miyagi_kukaku_2023",
 "metadata": {
  "source": "水産庁「宮城県宮城海区 区画漁業権に関する情報一覧」",
  "source_url": "https://www.jfa.maff.go.jp/j/enoki/attach/pdf/gyogyouken_jouhou3-434.pdf",
  "source_sha256": "20b6e4e6033d7fe698245861b0c88cefcf649d64fea25be31f7edbdef9fa5fc1",
  "generated": "2026-09-26T11:58:24+00:00",
  "crs_note": "Coordinates as published (datum unstated; assumed JGD2011 ≈ WGS84)."
 },
 "features": [
  {
   "type": "Feature",
   "id": "区第1101号",
   "properties": {
    "right_no": "区第1101号",
    "holder": "宮城県漁業協同組合",
    "location": "気仙沼市唐桑町泥這島地先",
    "right_type": "第一種区画漁業",
    "fishery": "貝類等垂下式養殖業",
    "season": "1月1日から12月31日まで",
    "term": "令和5年9月1日から令和10年8月31日まで",
    "districts": "気仙沼市唐桑町",
    "conditions": "イ及びウの点に夜間識別可能な標識を設置しなければならない。",
    "n_vertices": 4,
    "missing_vertices": null,
    "shoreline_bounded": false,
    "valid": true,
    "invalid_reason": null,
    "area_ha": 14.18,
    "source_page": 1
   },
   "geometry": {
    "type": "Polygon",
    "coordinates": [
     [
      [
       141.6348333,
       38.971
      ],
      [
       141.643,
       38.9715
      ],
      [
       141.644,
       38.9696667
      ],
      [
       141.6356667,
       38.9693333
      ],
      [
       141.6348333,
       38.971
      ]
     ]
    ]
   }
  },
  {
   "type": "Feature",
   "id": "区第1102号",
   "properties": {
    "right_no": "区第1102号",
    "holder": "宮城県漁業協同組合",
    "location": "気仙沼市唐桑町大沢地先",
    "right_type": "第一種区画漁業",
    "fishery": "藻類養殖業・貝類等垂下式養殖業",
    "season": "9月1日から翌年5月31日まで1月1日から12月31日まで",
    "term": "令和5年9月1日から令和10年8月31日まで",
    "districts": "気仙沼市唐桑町",
    "conditions": "イの点に夜間識別可能な標識を設置しなければならない。",
    "n_vertices": 5,
    "missing_vertices": null,
    "shoreline_bounded": false,
    "valid": true,
    "invalid_reason": null,
    "area_ha": 35.76,
    "source_page": 1
   },
   "geometry": {
    "type": "Polygon",
    "coordinates": [
     [
      [
       141.6385,
       38.9641667
      ],
      [
       141.6473333,
       38.9646667
      ],
      [
       141.6495,
       38.9611667
      ],
      [
       141.6428333,
       38.9595
      ],
      [
       141.6405,
       38.961
      ],
      [
       141.6385,
       38.9641667
      ]
     ]
    ]
   }
  },
  {
   "type": "Feature",
   "id": "区第1103号",
   "properties": {
    "right_no": "区第1103号",
    "holder": "宮城県漁業協同組合",
    "location": "気仙沼市唐桑町舘地先",
    "right_type": "第一種区画漁業",
    "fishery": "藻類養殖業・貝類等垂下式養殖業",
    "season": "9月1日から翌年5月31日まで1月1日から12月31日まで",
    "term": "令和5年9月1日から令和10年8月31日まで",
    "districts": "気仙沼市唐桑町",
    "conditions": "イ、ウ及びエの点に夜間識別可能な標識を設置しなければならない。",
    "n_vertices": 8,
    "missing_vertices": null,
    "shoreline_bounded": false,
    "valid": true,
    "invalid_reason": null,
    "area_ha": 129.08,
    "source_page": 1
   },
   "geometry": {
    "type": "Polygon",
    "coordinates": [
     [
      [
       141.6425,
       38.9536667
      ],
      [
       141.6513333,
       38.9563333
      ],
      [
       141.6565,
       38.949
      ],
      [
       141.6563333,
       38.9461667
      ],
      [
       141.6463333,
       38.9446667
      ],
      [
       141.6451667,
       38.9448333
      ],
      [
       141.64,
       38.9485
      ],
      [
       141.6396667,
       38.9515
      ],
      [
       141.6425,
       38.9536667
      ]
     ]
    ]
   }
  },
  {
   "type": "Feature",
   "id": "区第1104号",
   "properties": {
    "right_no": "区第1104号",
    "holder": "宮城県漁業協同組合",
    "location": "気仙沼市唐桑町只越地先",
    "right_type": "第一種区画漁業",
    "fishery": "藻類養殖業・貝類等垂下式養殖業",
    "season": "9月1日から翌年5月31日まで1月1日から12月31日まで",
    "term": "令和5年9月1日から令和10年8月31日まで",
    "districts": "気仙沼市唐桑町",
    "conditions": "イ及びウの点に夜間識別可能な標識を設置しなければならない。（光達距離３キロメートル以上）",
    "n_vertices": 4,
    "missing_vertices": null,
    "shoreline_bounded": false,
    "valid": true,
    "invalid_reason": null,
    "area_ha": 154.12,
    "source_page": 1
   },
   "geometry": {
    "type": "Polygon",
    "coordinates": [
     [
      [
       141.6461667,
       38.9395
      ],
      [
       141.6596667,
       38.94
      ],
      [
       141.667,
       38.9305
      ],
      [
       141.6455,
       38.9306667
      ],
      [
       141.6461667,
       38.9395
      ]
     ]
    ]
   }
  },
  {
   "type": "Feature",
   "id": "区第1105号",
   "properties": {
    "right_no": "区第1105号",
    "holder": "宮城県漁業協同組合",
    "location": "気仙沼市唐桑町只越、石浜地先",
    "right_type": "第一種区画漁業",
    "fishery": "藻類養殖業・貝類等垂下式養殖業",
    "season": "1月1日から12月31日まで1月1日から12月31日まで",
    "term": "令和5年9月1日から令和10年8月31日まで",
    "districts": "気仙沼市唐桑町",
    "conditions": "イ、ウ及びエの点に夜間識別可能な標識を設置しなければならない。（光達距離３キロメートル以上）",
    "n_vertices": 7,
    "missing_vertices": null,
    "shoreline_bounded": false,
    "valid": true,
    "invalid_reason": null,
    "area_ha": 360.57,
    "source_page": 1
   },
   "geometry": {
    "type": "Polygon",
    "coordinates": [
     [
      [
       141.6455,
       38.9293333
      ],
      [
       141.6676667,
       38.929
      ],
      [
       141.6706667,
       38.919
      ],
      [
       141.6735,
       38.9098333
      ],
      [
       141.6586667,
       38.9063333
      ],
      [
       141.6541667,
       38.9203333
      ],
      [
       141.6453333,
       38.9266667
      ],
      [
       141.6455,
       38.9293333
      ]
     ]
    ]
   }
  },
  {
   "type": "Feature",
   "id": "区第1106号",
   "properties": {
    "right_no": "区第1106号",
    "holder": "宮城県漁業協同組合",
    "location": "気仙沼市唐桑町馬場浜地先",
    "right_type": "第一種区画漁業",
    "fishery": "藻類養殖業・貝類等垂下式養殖業",
    "season": "1月1日から12月31日まで1月1日から12月31日まで",
    "term": "令和5年9月1日から令和10年8月31日まで",
    "districts": "気仙沼市唐桑町",
    "conditions": "イ及びウの点に夜間識別可能な標識を設置しなければならない。（光達距離３キロメートル以上）",
    "n_vertices": 4,
    "missing_vertices": null,
    "shoreline_bounded": false,
    "valid": true,
    "invalid_reason": null,
    "area_ha": 94.8,
    "source_page": 1
   },
   "geometry": {
    "type": "Polygon",
    "coordinates": [
     [
      [
       141.6588333,
       38.9041667
      ],
      [
       141.6745,
       38.9058333
      ],
      [
       141.6761667,
       38.8993333
      ],
      [
       141.6628333,
       38.8976667
      ],
      [
       141.6588333,
       38.9041667
      ]
     ]
    ]
   }
  },
  {
   "type": "Feature",
   "id": "区第1107号",
   "properties": {
    "right_no": "区第1107号",
    "holder": "宮城県漁業協同組合",
    "location": "気仙沼市唐桑町中井地先",
    "right_type": "第一種区画漁業",
    "fishery": "藻類養殖業・貝類等垂下式養殖業",
    "season": "1月1日から12月31日まで1月1日から12月31日まで",
    "term": "令和5年9月1日から令和10年8月31日まで",
    "districts": "気仙沼市唐桑町",
    "conditions": "イの点に夜間識別可能な標識を設置しなければならない。（光達距離３キロメートル以上）",
    "n_vertices": 4,
    "missing_vertices": null,
    "shoreline_bounded": false,
    "valid": true,
    "invalid_reason": null,
    "area_ha": 25.99,
    "source_page": 1
   },
   "geometry": {
    "type": "Polygon",
    "coordinates": [
     [
      [
       141.671,
       38.8881667
      ],
      [
       141.6783333,
       38.8891667
      ],
      [
       141.6791667,
       38.8858333
      ],
      [
       141.672,
       38.8843333
      ],
      [
       141.671,
       38.8881667
      ]
     ]
    ]
   }
  },
  {
   "type": "Feature",
   "id": "区第1108号",
   "properties": {
    "right_no": "区第1108号",
    "holder": "宮城県漁業協同組合",
    "location": "気仙沼市唐桑町中井地先",
    "right_type": "第一種区画漁業",
    "fishery": "藻類養殖業・貝類等垂下式養殖業",
    "season": "1月1日から12月31日まで1月1日から12月31日まで",
    "term": "令和5年9月1日から令和10年8月31日まで",
    "districts": "気仙沼市唐桑町",
    "conditions": "ウの点に夜間識別可能な標識を設置しなければならない。（光達距離３キロメートル以上）",
    "n_vertices": 6,
    "missing_vertices": null,
    "shoreline_bounded": false,
    "valid": true,
    "invalid_reason": null,
    "area_ha": 97.62,
    "source_page": 2
   },
   "geometry": {
    "type": "Polygon",
    "coordinates": [
     [
      [
       141.6706667,
       38.8823333
      ],
      [
       141.6795,
       38.8845
      ],
      [
       141.6811667,
       38.8703333
      ],
      [
       141.6775,
       38.87
      ],
      [
       141.6771667,
       38.872
      ],
      [
       141.674,
       38.8713333
      ],
      [
       141.6706667,
       38.8823333
      ]
     ]
    ]
   }
  },
  {
   "type": "Feature",
   "id": "区第1109号",
   "properties": {
    "right_no": "区第1109号",
    "holder": "宮城県漁業協同組合",
    "location": "気仙沼市唐桑町津本地先",
    "right_type": "第一種区画漁業",
    "fishery": "藻類養殖業・貝類等垂下式養殖業",
    "season": "1月1日から12月31日まで1月1日から12月31日まで",
    "term": "令和5年9月1日から令和10年8月31日まで",
    "districts": "気仙沼市唐桑町",
    "conditions": "ウ及びエの点に夜間識別可能な標識を設置しなければならない。（エのみ光達距離３キロメートル以上）",
    "n_vertices": 4,
    "missing_vertices": null,
    "shoreline_bounded": false,
    "valid": true,
    "invalid_reason": null,
    "area_ha": 7.69,
    "source_page": 2
   },
   "geometry": {
    "type": "Polygon",
    "coordinates": [
     [
      [
       141.6643333,
       38.8578333
      ],
      [
       141.6675,
       38.8583333
      ],
      [
       141.668,
       38.8558333
      ],
      [
       141.6646667,
       38.8555
      ],
      [
       141.6643333,
       38.8578333
      ]
     ]
    ]
   }
  },
  {
   "type": "Feature",
   "id": "区第1110号",
   "properties": {
    "right_no": "区第1110号",
    "holder": "宮城県漁業協同組合",
    "location": "気仙沼市唐桑町津本地先",
    "right_type": "第一種区画漁業",
    "fishery": "藻類養殖業・貝類等垂下式養殖業",
    "season": "9月1日から翌年5月31日まで1月1日から12月31日まで",
    "term": "令和5年9月1日から令和10年8月31日まで",
    "districts": "気仙沼市唐桑町",
    "conditions": "エの点に夜間識別可能な赤色の標識を設置しなければならない。（光達距離３キロメートル以上）",
    "n_vertices": 5,
    "missing_vertices": null,
    "shoreline_bounded": false,
    "valid": true,
    "invalid_reason": null,
    "area_ha": 13.58,
    "source_page": 2
   },
   "geometry": {
    "type": "Polygon",
    "coordinates": [
     [
      [
       141.6513333,
       38.8678333
      ],
      [
       141.6553333,
       38.8641667
      ],
      [
       141.655,
       38.8633333
      ],
      [
       141.65,
       38.8638333
      ],
      [
       141.6498333,
       38.8656667
      ],
      [
       141.6513333,
       38.8678333
      ]
     ]
    ]
   }
  },
  {
   "type": "Feature",
   "id": "区第1111号",
   "properties": {
    "right_no": "区第1111号",
    "holder": "宮城県漁業協同組合",
    "location": "気仙沼市唐桑町中井鴨木、神止地先",
    "right_type": "第一種区画漁業",
    "fishery": "藻類養殖業・貝類等垂下式養殖業",
    "season": "9月1日から翌年5月31日まで1月1日から12月31日まで",
    "term": "令和5年9月1日から令和10年8月31日まで",
    "districts": "気仙沼市唐桑町",
    "conditions": "ア、キ及びクの点に夜間識別可能な赤色の標識を設置しなければならない。（光達距離３キロメートル以上）ケの点に夜間識別可能な標識を設置しなければならない。（光達距離３キロメートル以上）",
    "n_vertices": 9,
    "missing_vertices": null,
    "shoreline_bounded": false,
    "valid": true,
    "invalid_reason": null,
    "area_ha": 42.11,
    "source_page": 2
   },
   "geometry": {
    "type": "Polygon",
    "coordinates": [
     [
      [
       141.6385,
       38.8786667
      ],
      [
       141.642,
       38.8813333
      ],
      [
       141.6423333,
       38.877
      ],
      [
       141.6431667,
       38.8765
      ],
      [
       141.6443333,
       38.8775
      ],
      [
       141.6495,
       38.8711667
      ],
      [
       141.6458333,
       38.8693333
      ],
      [
       141.6426667,
       38.8733333
      ],
      [
       141.6423333,
       38.8738333
      ],
      [
       141.6385,
       38.8786667
      ]
     ]
    ]
   }
  },
  {
   "type": "Feature",
   "id": "区第1112号",
   "properties": {
    "right_no": "区第1112号",
    "holder": "宮城県漁業協同組合",
    "location": "気仙沼市唐桑町上鮪立ウノトリ、上鮪立かき磯地先",
    "right_type": "第一種区画漁業",
    "fishery": "藻類養殖業・貝類等垂下式養殖業",
    "season": "1月1日から12月31日まで1月1日から12月31日まで",
    "term": "令和5年9月1日から令和10年8月31日まで",
    "districts": "気仙沼市唐桑町",
    "conditions": "ケの点に夜間識別可能な標識を設置しなければならない。（光達距離３キロメートル以上）コの点に夜間識別可能な赤色の標識を設置しなければならない。（光達距離３キロメートル以上）",
    "n_vertices": 10,
    "missing_vertices": null,
    "shoreline_bounded": false,
    "valid": true,
    "invalid_reason": null,
    "area_ha": 22.22,
    "source_page": 2
   },
   "geometry": {
    "type": "Polygon",
    "coordinates": [
     [
      [
       141.6388333,
       38.8881667
      ],
      [
       141.6391667,
       38.8876667
      ],
      [
       141.6373333,
       38.8866667
      ],
      [
       141.638,
       38.8861667
      ],
      [
       141.6378333,
       38.8856667
      ],
      [
       141.636,
       38.8851667
      ],
      [
       141.6405,
       38.883
      ],
      [
       141.6393333,
       38.8813333
      ],
      [
       141.6366667,
       38.8811667
      ],
      [
       141.633,
       38.8856667
      ],
      [
       141.6388333,
       38.8881667
      ]
     ]
    ]
   }
  },
  {
   "type": "Feature",
   "id": "区第1113号",
   "properties": {
    "right_no": "区第1113号",
    "holder": "宮城県漁業協同組合",
    "location": "気仙沼市唐桑町鮪立天神、宿浦地先",
    "right_type": "第一種区画漁業",
    "fishery": "貝類等垂下式養殖業",
    "season": "1月1日から12月31日まで",
    "term": "令和5年9月1日から令和10年8月31日まで",
    "districts": "気仙沼市唐桑町",
    "conditions": "ケ及びコの点に夜間識別可能な標識を設置しなければならない。（光達距離３キロメートル以上）",
    "n_vertices": 10,
    "missing_vertices": null,
    "shoreline_bounded": false,
    "valid": true,
    "invalid_reason": null,
    "area_ha": 23.91,
    "source_page": 2
   },
   "geometry": {
    "type": "Polygon",
    "coordinates": [
     [
      [
       141.6326667,
       38.896
      ],
      [
       141.6331667,
       38.8948333
      ],
      [
       141.6356667,
       38.8948333
      ],
      [
       141.636,
       38.8926667
      ],
      [
       141.6348333,
       38.8916667
      ],
      [
       141.6355,
       38.8883333
      ],
      [
       141.6376667,
       38.889
      ],
      [
       141.638,
       38.8881667
      ],
      [
       141.633,
       38.8866667
      ],
      [
       141.6321667,
       38.896
      ],
      [
       141.6326667,
       38.896
      ]
     ]
    ]
   }
  },
  {
   "type": "Feature",
   "id": "区第1114号",
   "properties": {
    "right_no": "区第1114号",
    "holder": "宮城県漁業協同組合",
    "location": "気仙沼市唐桑町宿浦地先",
    "right_type": "第一種区画漁業",
    "fishery": "貝類等垂下式養殖業",
    "season": "1月1日から12月31日まで",
    "term": "令和5年9月1日から令和10年8月31日まで",
    "districts": "気仙沼市唐桑町",
    "conditions": "",
    "n_vertices": 8,
    "missing_vertices": null,
    "shoreline_bounded": false,
    "valid": true,
    "invalid_reason": null,
    "area_ha": 3.73,
    "source_page": 2
   },
   "geometry": {
    "type": "Polygon",
    "coordinates": [
     [
      [
       141.6353333,
       38.9003333
      ],
      [
       141.6343333,
       38.8998333
      ],
      [
       141.634,
       38.8968333
      ],
      [
       141.633,
       38.8965
      ],
      [
       141.6325,
       38.8966667
      ],
      [
       141.6336667,
       38.8995
      ],
      [
       141.6343333,
       38.9003333
      ],
      [
       141.6353333,
       38.901
      ],
      [
       141.6353333,
       38.9003333
      ]
     ]
    ]
   }
  },
  {
   "type": "Feature",
   "id": "区第1115号",
   "properties": {
    "right_no": "区第1115号",
    "holder": "宮城県漁業協同組合",
    "location": "気仙沼市唐桑町宿浦笹ヶ崎、浦、東舞根地先",
    "right_type": "第一種区画漁業",
    "fishery": "貝類等垂下式養殖業",
    "season": "1月1日から12月31日まで",
    "term": "令和5年9月1日から令和10年8月31日まで",
    "districts": "気仙沼市唐桑町",
    "conditions": "",
    "n_vertices": 14,
    "missing_vertices": null,
    "shoreline_bounded": false,
    "valid": true,
    "invalid_reason": null,
    "area_ha": 9.69,
    "source_page": 3
   },
   "geometry": {
    "type": "Polygon",
    "coordinates": [
     [
      [
       141.6356667,
       38.9016667
      ],
      [
       141.6333333,
       38.9006667
      ],
      [
       141.6316667,
       38.8951667
      ],
      [
       141.6286667,
       38.8951667
      ],
      [
       141.6268333,
       38.8971667
      ],
      [
       141.627,
       38.8973333
      ],
      [
       141.6285,
       38.897
      ],
      [
       141.6288333,
       38.8955
      ],
      [
       141.6301667,
       38.8955
      ],
      [
       141.6311667,
       38.8968333
      ],
      [
       141.6315,
       38.8985
      ],
      [
       141.6321667,
       38.8988333
      ],
      [
       141.6321667,
       38.9011667
      ],
      [
       141.6355,
       38.9018333
      ],
      [
       141.6356667,
       38.9016667
      ]
     ]
    ]
   }
  },
  {
   "type": "Feature",
   "id": "区第1116号",
   "properties": {
    "right_no": "区第1116号",
    "holder": "宮城県漁業協同組合",
    "location": "気仙沼市唐桑町西舞根地先",
    "right_type": "第一種区画漁業",
    "fishery": "貝類等垂下式養殖業",
    "season": "1月1日から12月31日まで",
    "term": "令和5年9月1日から令和10年8月31日まで",
    "districts": "気仙沼市唐桑町",
    "conditions": "エ及びカの点に夜間識別可能な標識を設置しなければらない。（カのみ光達距離３キロメートル以上）",
    "n_vertices": 10,
    "missing_vertices": null,
    "shoreline_bounded": false,
    "valid": true,
    "invalid_reason": null,
    "area_ha": 7.25,
    "source_page": 3
   },
   "geometry": {
    "type": "Polygon",
    "coordinates": [
     [
      [
       141.6253333,
       38.8976667
      ],
      [
       141.6266667,
       38.8966667
      ],
      [
       141.6286667,
       38.8946667
      ],
      [
       141.631,
       38.8946667
      ],
      [
       141.6313333,
       38.894
      ],
      [
       141.6318333,
       38.8911667
      ],
      [
       141.6311667,
       38.891
      ],
      [
       141.6305,
       38.8943333
      ],
      [
       141.6273333,
       38.8943333
      ],
      [
       141.6246667,
       38.8975
      ],
      [
       141.6253333,
       38.8976667
      ]
     ]
    ]
   }
  },
  {
   "type": "Feature",
   "id": "区第1117号",
   "properties": {
    "right_no": "区第1117号",
    "holder": "宮城県漁業協同組合",
    "location": "気仙沼市唐桑町西舞根九九鳴浜、西舞根貝浜長面地先",
    "right_type": "第一種区画漁業",
    "fishery": "藻類養殖業・貝類等垂下式養殖業",
    "season": "1月1日から12月31日まで1月1日から12月31日まで",
    "term": "令和5年9月1日から令和10年8月31日まで",
    "districts": "気仙沼市唐桑町",
    "conditions": "カ、キ、ケ及びコの点に夜間識別可能な赤色の標識を設置しなければらない。（光達距離３キロメートル以上）",
    "n_vertices": 14,
    "missing_vertices": null,
    "shoreline_bounded": false,
    "valid": true,
    "invalid_reason": null,
    "area_ha": 37.44,
    "source_page": 3
   },
   "geometry": {
    "type": "Polygon",
    "coordinates": [
     [
      [
       141.6208333,
       38.8921667
      ],
      [
       141.6221667,
       38.8925
      ],
      [
       141.6235,
       38.8916667
      ],
      [
       141.6261667,
       38.8921667
      ],
      [
       141.6288333,
       38.8921667
      ],
      [
       141.6301667,
       38.8903333
      ],
      [
       141.6226667,
       38.8886667
      ],
      [
       141.6186667,
       38.8873333
      ],
      [
       141.6173333,
       38.886
      ],
      [
       141.6165,
       38.8823333
      ],
      [
       141.6155,
       38.8821667
      ],
      [
       141.6156667,
       38.8875
      ],
      [
       141.6178333,
       38.8885
      ],
      [
       141.6215,
       38.8903333
      ],
      [
       141.6208333,
       38.8921667
      ]
     ]
    ]
   }
  },
  {
   "type": "Feature",
   "id": "区第1118号",
   "properties": {
    "right_no": "区第1118号",
    "holder": "宮城県漁業協同組合",
    "location": "気仙沼市唐桑町西舞根日向貝新場地先",
    "right_type": "第一種区画漁業",
    "fishery": "貝類等垂下式養殖業",
    "season": "1月1日から12月31日まで",
    "term": "令和5年9月1日から令和10年8月31日まで",
    "districts": "気仙沼市唐桑町",
    "conditions": "",
    "n_vertices": 4,
    "missing_vertices": null,
    "shoreline_bounded": false,
    "valid": true,
    "invalid_reason": null,
    "area_ha": 0.79,
    "source_page": 3
   },
   "geometry": {
    "type": "Polygon",
    "coordinates": [
     [
      [
       141.613,
       38.881
      ],
      [
       141.6145,
       38.8816667
      ],
      [
       141.6148333,
       38.8811667
      ],
      [
       141.6133333,
       38.8806667
      ],
      [
       141.613,
       38.881
      ]
     ]
    ]
   }
  },
  {
   "type": "Feature",
   "id": "区第1201号",
   "properties": {
    "right_no": "区第1201号",
    "holder": "宮城県漁業協同組合",
    "location": "気仙沼市鶴ヶ浦地先",
    "right_type": "第一種区画漁業",
    "fishery": "藻類養殖業・貝類等垂下式養殖業",
    "season": "1月1日から12月31日まで1月1日から12月31日まで",
    "term": "令和5年9月1日から令和10年8月31日まで",
    "districts": "気仙沼市浪板、大浦、小ヶ汐、梶ヶ浦、鶴ヶ浦",
    "conditions": "エの点に夜間識別可能な赤色の標識を設置しなければならない。（光達距離３キロメートル以上）",
    "n_vertices": 5,
    "missing_vertices": null,
    "shoreline_bounded": false,
    "valid": true,
    "invalid_reason": null,
    "area_ha": 3.82,
    "source_page": 3
   },
   "geometry": {
    "type": "Polygon",
    "coordinates": [
     [
      [
       141.6116667,
       38.8835
      ],
      [
       141.6125,
       38.8835
      ],
      [
       141.6128333,
       38.8805
      ],
      [
       141.6118333,
       38.8801667
      ],
      [
       141.6111667,
       38.881
      ],
      [
       141.6116667,
       38.8835
      ]
     ]
    ]
   }
  },
  {
   "type": "Feature",
   "id": "区第1202号",
   "properties": {
    "right_no": "区第1202号",
    "holder": "宮城県漁業協同組合",
    "location": "気仙沼市鶴ヶ浦地先",
    "right_type": "第一種区画漁業",
    "fishery": "藻類養殖業・貝類等垂下式養殖業",
    "season": "1月1日から12月31日まで1月1日から12月31日まで",
    "term": "令和5年9月1日から令和10年8月31日まで",
    "districts": "気仙沼市浪板、大浦、小ヶ汐、梶ヶ浦、鶴ヶ浦",
    "conditions": "オ及びカ点に夜間識別可能な赤色の標識を設置しなければならない。（光達距離３キロメートル以上）",
    "n_vertices": 8,
    "missing_vertices": null,
    "shoreline_bounded": false,
    "valid": true,
    "invalid_reason": null,
    "area_ha": 5.82,
    "source_page": 3
   },
   "geometry": {
    "type": "Polygon",
    "coordinates": [
     [
      [
       141.6106667,
       38.8826667
      ],
      [
       141.6113333,
       38.8825
      ],
      [
       141.6108333,
       38.8808333
      ],
      [
       141.6115,
       38.88
      ],
      [
       141.6083333,
       38.8791667
      ],
      [
       141.6051667,
       38.8795
      ],
      [
       141.6056667,
       38.8798333
      ],
      [
       141.6083333,
       38.8795
      ],
      [
       141.6106667,
       38.8826667
      ]
     ]
    ]
   }
  },
  {
   "type": "Feature",
   "id": "区第1203号",
   "properties": {
    "right_no": "区第1203号",
    "holder": "宮城県漁業協同組合",
    "location": "気仙沼市梶ヶ浦地先",
    "right_type": "第一種区画漁業",
    "fishery": "藻類養殖業・貝類等垂下式養殖業",
    "season": "1月1日から12月31日まで1月1日から12月31日まで",
    "term": "令和5年9月1日から令和10年8月31日まで",
    "districts": "気仙沼市浪板、大浦、小ヶ汐、梶ヶ浦、鶴ヶ浦",
    "conditions": "ウの点に夜間識別可能な標識を設置しなければならない。",
    "n_vertices": 6,
    "missing_vertices": null,
    "shoreline_bounded": false,
    "valid": true,
    "invalid_reason": null,
    "area_ha": 3.27,
    "source_page": 4
   },
   "geometry": {
    "type": "Polygon",
    "coordinates": [
     [
      [
       141.603,
       38.8825
      ],
      [
       141.6041667,
       38.8803333
      ],
      [
       141.604,
       38.8798333
      ],
      [
       141.6015,
       38.882
      ],
      [
       141.6013333,
       38.8825
      ],
      [
       141.602,
       38.8828333
      ],
      [
       141.603,
       38.8825
      ]
     ]
    ]
   }
  },
  {
   "type": "Feature",
   "id": "区第1204号",
   "properties": {
    "right_no": "区第1204号",
    "holder": "宮城県漁業協同組合",
    "location": "気仙沼市梶ヶ浦地先",
    "right_type": "第一種区画漁業",
    "fishery": "藻類養殖業",
    "season": "1月1日から12月31日まで",
    "term": "令和5年9月1日から令和10年8月31日まで",
    "districts": "気仙沼市浪板、大浦、小ヶ汐、梶ヶ浦、鶴ヶ浦",
    "conditions": "エ及びオの点に夜間識別可能な標識を設置しなければならない。（光達距離３キロメートル以上）",
    "n_vertices": 5,
    "missing_vertices": null,
    "shoreline_bounded": false,
    "valid": true,
    "invalid_reason": null,
    "area_ha": 11.02,
    "source_page": 4
   },
   "geometry": {
    "type": "Polygon",
    "coordinates": [
     [
      [
       141.5965,
       38.8925
      ],
      [
       141.5971667,
       38.892
      ],
      [
       141.6013333,
       38.8833333
      ],
      [
       141.6006667,
       38.883
      ],
      [
       141.5955,
       38.892
      ],
      [
       141.5965,
       38.8925
      ]
     ]
    ]
   }
  },
  {
   "type": "Feature",
   "id": "区第1205号",
   "properties": {
    "right_no": "区第1205号",
    "holder": "宮城県漁業協同組合",
    "location": "気仙沼市小々汐地先",
    "right_type": "第一種区画漁業",
    "fishery": "藻類養殖業・貝類等垂下式養殖業",
    "season": "1月1日から12月31日まで1月1日から12月31日まで",
    "term": "令和5年9月1日から令和10年8月31日まで",
    "districts": "気仙沼市浪板、大浦、小ヶ汐、梶ヶ浦、鶴ヶ浦",
    "conditions": "ア及びオの点に夜間識別可能な標識を設置しなければならない。",
    "n_vertices": 5,
    "missing_vertices": null,
    "shoreline_bounded": false,
    "valid": true,
    "invalid_reason": null,
    "area_ha": 4.7,
    "source_page": 4
   },
   "geometry": {
    "type": "Polygon",
    "coordinates": [
     [
      [
       141.5886667,
       38.8943333
      ],
      [
       141.5913333,
       38.8948333
      ],
      [
       141.5943333,
       38.8941667
      ],
      [
       141.5961667,
       38.8931667
      ],
      [
       141.5951667,
       38.8931667
      ],
      [
       141.5886667,
       38.8943333
      ]
     ]
    ]
   }
  },
  {
   "type": "Feature",
   "id": "区第1206号",
   "properties": {
    "right_no": "区第1206号",
    "holder": "宮城県漁業協同組合",
    "location": "気仙沼市大浦地先",
    "right_type": "第一種区画漁業",
    "fishery": "藻類養殖業",
    "season": "1月1日から12月31日まで",
    "term": "令和5年9月1日から令和10年8月31日まで",
    "districts": "気仙沼市浪板、大浦、小ヶ汐、梶ヶ浦、鶴ヶ浦",
    "conditions": "ア及びキの点に夜間識別可能な標識を設置しなければならない。",
    "n_vertices": 8,
    "missing_vertices": null,
    "shoreline_bounded": false,
    "valid": true,
    "invalid_reason": null,
    "area_ha": 12.95,
    "source_page": 4
   },
   "geometry": {
    "type": "Polygon",
    "coordinates": [
     [
      [
       141.5838333,
       38.9035
      ],
      [
       141.5856667,
       38.9035
      ],
      [
       141.5871667,
       38.9016667
      ],
      [
       141.5871667,
       38.8996667
      ],
      [
       141.5875,
       38.8976667
      ],
      [
       141.5866667,
       38.8973333
      ],
      [
       141.5855,
       38.8983333
      ],
      [
       141.5851667,
       38.8986667
      ],
      [
       141.5838333,
       38.9035
      ]
     ]
    ]
   }
  },
  {
   "type": "Feature",
   "id": "区第1207号",
   "properties": {
    "right_no": "区第1207号",
    "holder": "宮城県漁業協同組合",
    "location": "気仙沼市松崎前浜地先",
    "right_type": "第一種区画漁業",
    "fishery": "藻類養殖業・貝類等垂下式養殖業",
    "season": "1月1日から12月31日まで1月1日から12月31日まで",
    "term": "令和5年9月1日から令和10年8月31日まで",
    "districts": "気仙沼市松崎、赤岩",
    "conditions": "",
    "n_vertices": 3,
    "missing_vertices": null,
    "shoreline_bounded": false,
    "valid": true,
    "invalid_reason": null,
    "area_ha": 4.71,
    "source_page": 4
   },
   "geometry": {
    "type": "Polygon",
    "coordinates": [
     [
      [
       141.591,
       38.885
      ],
      [
       141.5948333,
       38.8835
      ],
      [
       141.5908333,
       38.8825
      ],
      [
       141.591,
       38.885
      ]
     ]
    ]
   }
  },
  {
   "type": "Feature",
   "id": "区第1208号",
   "properties": {
    "right_no": "区第1208号",
    "holder": "宮城県漁業協同組合",
    "location": "気仙沼市松崎アミダ鼻、母体田片浜地先",
    "right_type": "第一種区画漁業",
    "fishery": "藻類養殖業・貝類等垂下式養殖業",
    "season": "1月1日から12月31日まで1月1日から12月31日まで",
    "term": "令和5年9月1日から令和10年8月31日まで",
    "districts": "気仙沼市松崎、赤岩",
    "conditions": "イの点に夜間識別可能な緑色の標識を設置しなければならない。（光達距離３キロメートル以上）ウの点に夜間識別可能な標識を設置しなければならない。（光達距離３キロメートル以上）",
    "n_vertices": 7,
    "missing_vertices": null,
    "shoreline_bounded": false,
    "valid": true,
    "invalid_reason": null,
    "area_ha": 42.55,
    "source_page": 4
   },
   "geometry": {
    "type": "Polygon",
    "coordinates": [
     [
      [
       141.5911667,
       38.882
      ],
      [
       141.5963333,
       38.8828333
      ],
      [
       141.597,
       38.8743333
      ],
      [
       141.5921667,
       38.8745
      ],
      [
       141.5905,
       38.874
      ],
      [
       141.5896667,
       38.876
      ],
      [
       141.5921667,
       38.8775
      ],
      [
       141.5911667,
       38.882
      ]
     ]
    ]
   }
  },
  {
   "type": "Feature",
   "id": "区第1209号",
   "properties": {
    "right_no": "区第1209号",
    "holder": "宮城県漁業協同組合",
    "location": "気仙沼市松崎片浜地先",
    "right_type": "第一種区画漁業",
    "fishery": "藻類養殖業・貝類等垂下式養殖業",
    "season": "9月1日から翌年5月31日まで1月1日から12月31日まで",
    "term": "令和5年9月1日から令和10年8月31日まで",
    "districts": "気仙沼市松崎、赤岩",
    "conditions": "イの点に夜間識別可能な緑色の標識を設置しなければならない。（光達距離３キロメートル以上）",
    "n_vertices": 5,
    "missing_vertices": null,
    "shoreline_bounded": false,
    "valid": true,
    "invalid_reason": null,
    "area_ha": 10.81,
    "source_page": 4
   },
   "geometry": {
    "type": "Polygon",
    "coordinates": [
     [
      [
       141.5928333,
       38.874
      ],
      [
       141.597,
       38.8736667
      ],
      [
       141.597,
       38.8716667
      ],
      [
       141.592,
       38.8716667
      ],
      [
       141.5915,
       38.8733333
      ],
      [
       141.5928333,
       38.874
      ]
     ]
    ]
   }
  },
  {
   "type": "Feature",
   "id": "区第1210号",
   "properties": {
    "right_no": "区第1210号",
    "holder": "宮城県漁業協同組合",
    "location": "気仙沼市松崎尾崎地先",
    "right_type": "第一種区画漁業",
    "fishery": "藻類養殖業・貝類等垂下式養殖業",
    "season": "1月1日から12月31日まで1月1日から12月31日まで",
    "term": "令和5年9月1日から令和10年8月31日まで",
    "districts": "気仙沼市松崎、赤岩",
    "conditions": "イの点に夜間識別可能な緑色の標識を設置しなければならない。（光達距離３キロメートル以上）",
    "n_vertices": 4,
    "missing_vertices": null,
    "shoreline_bounded": false,
    "valid": true,
    "invalid_reason": null,
    "area_ha": 26.33,
    "source_page": 5
   },
   "geometry": {
    "type": "Polygon",
    "coordinates": [
     [
      [
       141.5923333,
       38.8706667
      ],
      [
       141.5971667,
       38.8706667
      ],
      [
       141.5975,
       38.8633333
      ],
      [
       141.5936667,
       38.865
      ],
      [
       141.5923333,
       38.8706667
      ]
     ]
    ]
   }
  },
  {
   "type": "Feature",
   "id": "区第1211号",
   "properties": {
    "right_no": "区第1211号",
    "holder": "宮城県漁業協同組合",
    "location": "気仙沼市松崎尾崎地先",
    "right_type": "第一種区画漁業",
    "fishery": "藻類養殖業",
    "season": "1月1日から12月31日まで",
    "term": "令和5年9月1日から令和10年8月31日まで",
    "districts": "気仙沼市松崎、赤岩",
    "conditions": "",
    "n_vertices": 4,
    "missing_vertices": null,
    "shoreline_bounded": false,
    "valid": true,
    "invalid_reason": null,
    "area_ha": 10.01,
    "source_page": 5
   },
   "geometry": {
    "type": "Polygon",
    "coordinates": [
     [
      [
       141.5873333,
       38.8678333
      ],
      [
       141.59,
       38.8695
      ],
      [
       141.5926667,
       38.8671667
      ],
      [
       141.5933333,
       38.8651667
      ],
      [
       141.5873333,
       38.8678333
      ]
     ]
    ]
   }
  },
  {
   "type": "Feature",
   "id": "区第1212号",
   "properties": {
    "right_no": "区第1212号",
    "holder": "宮城県漁業協同組合",
    "location": "気仙沼市岩月千岩田、岩月台の沢、地先",
    "right_type": "第一種区画漁業",
    "fishery": "藻類養殖業・貝類等垂下式養殖業",
    "season": "1月1日から12月31日まで1月1日から12月31日まで",
    "term": "令和5年9月1日から令和10年8月31日まで",
    "districts": "気仙沼市岩月、最知、長磯、波路上",
    "conditions": "",
    "n_vertices": 4,
    "missing_vertices": null,
    "shoreline_bounded": false,
    "valid": true,
    "invalid_reason": null,
    "area_ha": 36.55,
    "source_page": 5
   },
   "geometry": {
    "type": "Polygon",
    "coordinates": [
     [
      [
       141.5873333,
       38.8678333
      ],
      [
       141.5923333,
       38.8655
      ],
      [
       141.591,
       38.8595
      ],
      [
       141.5863333,
       38.8583333
      ],
      [
       141.5873333,
       38.8678333
      ]
     ]
    ]
   }
  },
  {
   "type": "Feature",
   "id": "区第1213号",
   "properties": {
    "right_no": "区第1213号",
    "holder": "宮城県漁業協同組合",
    "location": "気仙沼市岩月千岩田、岩月台の沢、最知川原、長磯七半沢、長磯地先",
    "right_type": "第一種区画漁業",
    "fishery": "藻類養殖業・貝類等垂下式養殖業",
    "season": "1月1日から12月31日まで1月1日から12月31日まで",
    "term": "令和5年9月1日から令和10年8月31日まで",
    "districts": "気仙沼市岩月、最知、長磯、波路上",
    "conditions": "イ、ウ、オ及びキの点に夜間識別可能な標識を設置しなければならない。（光達距離３キロメートル以上）エ、カの点に夜間識別可能な緑色の標識を設置しなければならない。（光達距離３キロメートル以上）",
    "n_vertices": 12,
    "missing_vertices": null,
    "shoreline_bounded": false,
    "valid": true,
    "invalid_reason": null,
    "area_ha": 158.59,
    "source_page": 5
   },
   "geometry": {
    "type": "Polygon",
    "coordinates": [
     [
      [
       141.5928333,
       38.8653333
      ],
      [
       141.5975,
       38.8633333
      ],
      [
       141.5975,
       38.8608333
      ],
      [
       141.5975,
       38.8595
      ],
      [
       141.6005,
       38.848
      ],
      [
       141.6008333,
       38.8473333
      ],
      [
       141.6031667,
       38.839
      ],
      [
       141.5966667,
       38.838
      ],
      [
       141.5933333,
       38.8496667
      ],
      [
       141.5918333,
       38.8571667
      ],
      [
       141.5915,
       38.8595
      ],
      [
       141.592,
       38.8618333
      ],
      [
       141.5928333,
       38.8653333
      ]
     ]
    ]
   }
  },
  {
   "type": "Feature",
   "id": "区第1214号",
   "properties": {
    "right_no": "区第1214号",
    "holder": "宮城県漁業協同組合",
    "location": "気仙沼市岩月台の沢、最知川原、最知地先",
    "right_type": "第一種区画漁業",
    "fishery": "藻類養殖業・貝類等垂下式養殖業",
    "season": "1月1日から12月31日まで1月1日から12月31日まで",
    "term": "令和5年9月1日から令和10年8月31日まで",
    "districts": "気仙沼市岩月、最知、長磯、波路上",
    "conditions": "",
    "n_vertices": 6,
    "missing_vertices": null,
    "shoreline_bounded": false,
    "valid": true,
    "invalid_reason": null,
    "area_ha": 77.59,
    "source_page": 5
   },
   "geometry": {
    "type": "Polygon",
    "coordinates": [
     [
      [
       141.5836667,
       38.8565
      ],
      [
       141.585,
       38.8561667
      ],
      [
       141.5873333,
       38.8581667
      ],
      [
       141.591,
       38.8593333
      ],
      [
       141.5933333,
       38.8478333
      ],
      [
       141.5853333,
       38.8475
      ],
      [
       141.5836667,
       38.8565
      ]
     ]
    ]
   }
  },
  {
   "type": "Feature",
   "id": "区第1215号",
   "properties": {
    "right_no": "区第1215号",
    "holder": "宮城県漁業協同組合",
    "location": "気仙沼市長磯七半沢、長磯地先",
    "right_type": "第一種区画漁業",
    "fishery": "藻類養殖業・貝類等垂下式養殖業",
    "season": "1月1日から12月31日まで1月1日から12月31日まで",
    "term": "令和5年9月1日から令和10年8月31日まで",
    "districts": "気仙沼市岩月、最知、長磯、波路上",
    "conditions": "",
    "n_vertices": 4,
    "missing_vertices": null,
    "shoreline_bounded": false,
    "valid": true,
    "invalid_reason": null,
    "area_ha": 50.69,
    "source_page": 5
   },
   "geometry": {
    "type": "Polygon",
    "coordinates": [
     [
      [
       141.5871667,
       38.8465
      ],
      [
       141.5931667,
       38.8473333
      ],
      [
       141.5961667,
       38.838
      ],
      [
       141.5916667,
       38.837
      ],
      [
       141.5871667,
       38.8465
      ]
     ]
    ]
   }
  },
  {
   "type": "Feature",
   "id": "区第1216号",
   "properties": {
    "right_no": "区第1216号",
    "holder": "宮城県漁業協同組合",
    "location": "気仙沼市波路上瀬向、波路上岩井崎地先",
    "right_type": "第一種区画漁業",
    "fishery": "藻類養殖業・貝類等垂下式養殖業",
    "season": "1月1日から12月31日まで1月1日から12月31日まで",
    "term": "令和5年9月1日から令和10年8月31日まで",
    "districts": "気仙沼市岩月、最知、長磯、波路上",
    "conditions": "ウの点に夜間識別可能な緑色の標識を設置しなければならない。（光達距離３キロメートル以上）",
    "n_vertices": 7,
    "missing_vertices": null,
    "shoreline_bounded": false,
    "valid": true,
    "invalid_reason": null,
    "area_ha": 23.1,
    "source_page": 5
   },
   "geometry": {
    "type": "Polygon",
    "coordinates": [
     [
      [
       141.5963333,
       38.837
      ],
      [
       141.6018333,
       38.8381667
      ],
      [
       141.6043333,
       38.8365
      ],
      [
       141.6048333,
       38.8343333
      ],
      [
       141.6021667,
       38.8328333
      ],
      [
       141.5993333,
       38.8353333
      ],
      [
       141.5981667,
       38.8353333
      ],
      [
       141.5963333,
       38.837
      ]
     ]
    ]
   }
  },
  {
   "type": "Feature",
   "id": "区第1217号",
   "properties": {
    "right_no": "区第1217号",
    "holder": "宮城県漁業協同組合",
    "location": "気仙沼市波路上岩井崎地先",
    "right_type": "第一種区画漁業",
    "fishery": "藻類養殖業",
    "season": "1月1日から12月31日まで",
    "term": "令和5年9月1日から令和10年8月31日まで",
    "districts": "気仙沼市岩月、最知、長磯、波路上",
    "conditions": "",
    "n_vertices": 7,
    "missing_vertices": null,
    "shoreline_bounded": false,
    "valid": true,
    "invalid_reason": null,
    "area_ha": 3.02,
    "source_page": 6
   },
   "geometry": {
    "type": "Polygon",
    "coordinates": [
     [
      [
       141.6028333,
       38.8328333
      ],
      [
       141.6038333,
       38.833
      ],
      [
       141.604,
       38.8316667
      ],
      [
       141.6046667,
       38.831
      ],
      [
       141.6026667,
       38.8303333
      ],
      [
       141.602,
       38.831
      ],
      [
       141.6031667,
       38.8315
      ],
      [
       141.6028333,
       38.8328333
      ]
     ]
    ]
   }
  },
  {
   "type": "Feature",
   "id": "区第1218号",
   "properties": {
    "right_no": "区第1218号",
    "holder": "宮城県漁業協同組合",
    "location": "気仙沼市波路上明戸浜地先",
    "right_type": "第一種区画漁業",
    "fishery": "藻類養殖業",
    "season": "1月1日から12月31日まで",
    "term": "令和5年9月1日から令和10年8月31日まで",
    "districts": "気仙沼市岩月、最知、長磯、波路上",
    "conditions": "",
    "n_vertices": 4,
    "missing_vertices": null,
    "shoreline_bounded": false,
    "valid": true,
    "invalid_reason": null,
    "area_ha": 2.04,
    "source_page": 6
   },
   "geometry": {
    "type": "Polygon",
    "coordinates": [
     [
      [
       141.5945,
       38.8265
      ],
      [
       141.595,
       38.8261667
      ],
      [
       141.5926667,
       38.8231667
      ],
      [
       141.5921667,
       38.8233333
      ],
      [
       141.5945,
       38.8265
      ]
     ]
    ]
   }
  },
  {
   "type": "Feature",
   "id": "区第1219号",
   "properties": {
    "right_no": "区第1219号",
    "holder": "宮城県漁業協同組合",
    "location": "気仙沼市波路上明戸浜地先",
    "right_type": "第一種区画漁業",
    "fishery": "藻類養殖業",
    "season": "1月1日から12月31日まで",
    "term": "令和5年9月1日から令和10年8月31日まで",
    "districts": "気仙沼市岩月、最知、長磯、波路上",
    "conditions": "",
    "n_vertices": 6,
    "missing_vertices": null,
    "shoreline_bounded": false,
    "valid": true,
    "invalid_reason": null,
    "area_ha": 31.26,
    "source_page": 6
   },
   "geometry": {
    "type": "Polygon",
    "coordinates": [
     [
      [
       141.5986667,
       38.8268333
      ],
      [
       141.6031667,
       38.8246667
      ],
      [
       141.5985,
       38.8186667
      ],
      [
       141.5951667,
       38.8201667
      ],
      [
       141.5976667,
       38.8231667
      ],
      [
       141.596,
       38.8238333
      ],
      [
       141.5986667,
       38.8268333
      ]
     ]
    ]
   }
  },
  {
   "type": "Feature",
   "id": "区第1220号",
   "properties": {
    "right_no": "区第1220号",
    "holder": "宮城県漁業協同組合",
    "location": "気仙沼市波路上岩井崎地先",
    "right_type": "第一種区画漁業",
    "fishery": "藻類養殖業・貝類等垂下式養殖業",
    "season": "1月1日から12月31日まで1月1日から12月31日まで",
    "term": "令和5年9月1日から令和10年8月31日まで",
    "districts": "気仙沼市岩月、最知、長磯、波路上",
    "conditions": "ア、イ、ウ及びエの点に夜間識別可能な標識を設置しなければならない。（光達距離３キロメートル以上）",
    "n_vertices": 4,
    "missing_vertices": null,
    "shoreline_bounded": false,
    "valid": true,
    "invalid_reason": null,
    "area_ha": 76.17,
    "source_page": 6
   },
   "geometry": {
    "type": "Polygon",
    "coordinates": [
     [
      [
       141.6048333,
       38.824
      ],
      [
       141.608,
       38.8305
      ],
      [
       141.6146667,
       38.8195
      ],
      [
       141.6116667,
       38.8126667
      ],
      [
       141.6048333,
       38.824
      ]
     ]
    ]
   }
  },
  {
   "type": "Feature",
   "id": "区第1221号",
   "properties": {
    "right_no": "区第1221号",
    "holder": "宮城県漁業協同組合",
    "location": "気仙沼市磯草地先",
    "right_type": "第一種区画漁業",
    "fishery": "藻類養殖業・貝類等垂下式養殖業",
    "season": "1月1日から12月31日まで1月1日から12月31日まで",
    "term": "令和5年9月1日から令和10年8月31日まで",
    "districts": "気仙沼市大島",
    "conditions": "ア及びスの点に夜間識別可能な赤色の標識を設置しなければならない。（光達距離３キロメートル以上）サの点に夜間識別可能な標識を設置しなければならない。（光達距離３キロメートル以上）",
    "n_vertices": 13,
    "missing_vertices": null,
    "shoreline_bounded": false,
    "valid": true,
    "invalid_reason": null,
    "area_ha": 25.63,
    "source_page": 6
   },
   "geometry": {
    "type": "Polygon",
    "coordinates": [
     [
      [
       141.601,
       38.8775
      ],
      [
       141.6046667,
       38.8778333
      ],
      [
       141.6033333,
       38.8751667
      ],
      [
       141.6011667,
       38.8736667
      ],
      [
       141.602,
       38.8721667
      ],
      [
       141.6028333,
       38.8701667
      ],
      [
       141.6043333,
       38.87
      ],
      [
       141.6033333,
       38.8691667
      ],
      [
       141.6068333,
       38.8663333
      ],
      [
       141.6066667,
       38.8661667
      ],
      [
       141.6006667,
       38.869
      ],
      [
       141.5998333,
       38.873
      ],
      [
       141.5998333,
       38.8736667
      ],
      [
       141.601,
       38.8775
      ]
     ]
    ]
   }
  },
  {
   "type": "Feature",
   "id": "区第1222号",
   "properties": {
    "right_no": "区第1222号",
    "holder": "宮城県漁業協同組合",
    "location": "気仙沼市亀山地先",
    "right_type": "第一種区画漁業",
    "fishery": "藻類養殖業・貝類等垂下式養殖業",
    "season": "10月1日から翌年8月31日まで1月1日から12月31日まで",
    "term": "令和5年9月1日から令和10年8月31日まで",
    "districts": "気仙沼市大島",
    "conditions": "ア、ケ及びコの点に夜間識別可能な緑色の標識を設置しなければならない。（光達距離３キロメートル以上）",
    "n_vertices": 10,
    "missing_vertices": null,
    "shoreline_bounded": false,
    "valid": true,
    "invalid_reason": null,
    "area_ha": 17.23,
    "source_page": 6
   },
   "geometry": {
    "type": "Polygon",
    "coordinates": [
     [
      [
       141.6211667,
       38.884
      ],
      [
       141.6216667,
       38.8833333
      ],
      [
       141.6218333,
       38.882
      ],
      [
       141.6185,
       38.8791667
      ],
      [
       141.6146667,
       38.8778333
      ],
      [
       141.612,
       38.8785
      ],
      [
       141.6081667,
       38.878
      ],
      [
       141.6073333,
       38.8771667
      ],
      [
       141.6056667,
       38.8781667
      ],
      [
       141.616,
       38.8791667
      ],
      [
       141.6211667,
       38.884
      ]
     ]
    ]
   }
  },
  {
   "type": "Feature",
   "id": "区第1223号",
   "properties": {
    "right_no": "区第1223号",
    "holder": "宮城県漁業協同組合",
    "location": "気仙沼市十八鳴浜地先",
    "right_type": "第一種区画漁業",
    "fishery": "藻類養殖業・貝類等垂下式養殖業",
    "season": "9月1日から翌年5月31日まで1月1日から12月31日まで",
    "term": "令和5年9月1日から令和10年8月31日まで",
    "districts": "気仙沼市大島",
    "conditions": "ア、イ、ウ、オ、キ、ク及びシの点に夜間識別可能な緑色の標識を設置しなければならない。（光達距離３キロメートル以上）",
    "n_vertices": 27,
    "missing_vertices": null,
    "shoreline_bounded": false,
    "valid": true,
    "invalid_reason": null,
    "area_ha": 191.64,
    "source_page": 7
   },
   "geometry": {
    "type": "Polygon",
    "coordinates": [
     [
      [
       141.6246667,
       38.886
      ],
      [
       141.627,
       38.8863333
      ],
      [
       141.6321667,
       38.8811667
      ],
      [
       141.6368333,
       38.8763333
      ],
      [
       141.6376667,
       38.875
      ],
      [
       141.6391667,
       38.8728333
      ],
      [
       141.6411667,
       38.8691667
      ],
      [
       141.6431667,
       38.8655
      ],
      [
       141.6396667,
       38.863
      ],
      [
       141.6393333,
       38.86
      ],
      [
       141.6451667,
       38.8608333
      ],
      [
       141.6453333,
       38.8603333
      ],
      [
       141.6423333,
       38.8585
      ],
      [
       141.6298333,
       38.8551667
      ],
      [
       141.6275,
       38.8581667
      ],
      [
       141.6298333,
       38.8621667
      ],
      [
       141.6361667,
       38.866
      ],
      [
       141.6323333,
       38.8723333
      ],
      [
       141.6351667,
       38.8736667
      ],
      [
       141.6335,
       38.8766667
      ],
      [
       141.6328333,
       38.8765
      ],
      [
       141.6296667,
       38.8795
      ],
      [
       141.628,
       38.879
      ],
      [
       141.6276667,
       38.8795
      ],
      [
       141.6288333,
       38.8801667
      ],
      [
       141.6273333,
       38.8835
      ],
      [
       141.6253333,
       38.8843333
      ],
      [
       141.6246667,
       38.886
      ]
     ]
    ]
   }
  },
  {
   "type": "Feature",
   "id": "区第1224号",
   "properties": {
    "right_no": "区第1224号",
    "holder": "宮城県漁業協同組合",
    "location": "気仙沼市長崎、大前見島地先",
    "right_type": "第一種区画漁業",
    "fishery": "藻類養殖業・貝類等垂下式養殖業",
    "season": "9月1日から翌年5月31日まで1月1日から12月31日まで",
    "term": "令和5年9月1日から令和10年8月31日まで",
    "districts": "気仙沼市大島",
    "conditions": "オ及びカの点に夜間識別可能な緑色の標識を設置しなければならない。（光達距離3キロメートル以上）",
    "n_vertices": 16,
    "missing_vertices": null,
    "shoreline_bounded": false,
    "valid": true,
    "invalid_reason": null,
    "area_ha": 143.18,
    "source_page": 7
   },
   "geometry": {
    "type": "Polygon",
    "coordinates": [
     [
      [
       141.6261667,
       38.852
      ],
      [
       141.6286667,
       38.8535
      ],
      [
       141.641,
       38.857
      ],
      [
       141.643,
       38.8525
      ],
      [
       141.648,
       38.8513333
      ],
      [
       141.6486667,
       38.8481667
      ],
      [
       141.6505,
       38.8415
      ],
      [
       141.6473333,
       38.8393333
      ],
      [
       141.6425,
       38.8458333
      ],
      [
       141.6376667,
       38.8448333
      ],
      [
       141.637,
       38.8463333
      ],
      [
       141.6421667,
       38.8471667
      ],
      [
       141.6398333,
       38.853
      ],
      [
       141.6348333,
       38.8501667
      ],
      [
       141.6293333,
       38.8493333
      ],
      [
       141.6266667,
       38.8501667
      ],
      [
       141.6261667,
       38.852
      ]
     ]
    ]
   }
  },
  {
   "type": "Feature",
   "id": "区第1225号",
   "properties": {
    "right_no": "区第1225号",
    "holder": "宮城県漁業協同組合",
    "location": "気仙沼市新王平地先",
    "right_type": "第一種区画漁業",
    "fishery": "藻類養殖業・貝類等垂下式養殖業",
    "season": "9月1日から翌年5月31日まで1月1日から12月31日まで",
    "term": "令和5年9月1日から令和10年8月31日まで",
    "districts": "気仙沼市大島",
    "conditions": "",
    "n_vertices": 4,
    "missing_vertices": null,
    "shoreline_bounded": false,
    "valid": true,
    "invalid_reason": null,
    "area_ha": 5.78,
    "source_page": 7
   },
   "geometry": {
    "type": "Polygon",
    "coordinates": [
     [
      [
       141.6363333,
       38.8451667
      ],
      [
       141.64,
       38.8415
      ],
      [
       141.639,
       38.8408333
      ],
      [
       141.6351667,
       38.8448333
      ],
      [
       141.6363333,
       38.8451667
      ]
     ]
    ]
   }
  },
  {
   "type": "Feature",
   "id": "区第1226号",
   "properties": {
    "right_no": "区第1226号",
    "holder": "宮城県漁業協同組合",
    "location": "気仙沼市横沼竜舞崎地先",
    "right_type": "第一種区画漁業",
    "fishery": "藻類養殖業・貝類等垂下式養殖業",
    "season": "9月1日から翌年5月31日まで1月1日から12月31日まで",
    "term": "令和5年9月1日から令和10年8月31日まで",
    "districts": "気仙沼市大島",
    "conditions": "",
    "n_vertices": 8,
    "missing_vertices": null,
    "shoreline_bounded": false,
    "valid": true,
    "invalid_reason": null,
    "area_ha": 62.53,
    "source_page": 7
   },
   "geometry": {
    "type": "Polygon",
    "coordinates": [
     [
      [
       141.6296667,
       38.8383333
      ],
      [
       141.6385,
       38.8333333
      ],
      [
       141.63,
       38.8275
      ],
      [
       141.6256667,
       38.8303333
      ],
      [
       141.6261667,
       38.8315
      ],
      [
       141.6273333,
       38.8306667
      ],
      [
       141.6291667,
       38.8326667
      ],
      [
       141.6275,
       38.8338333
      ],
      [
       141.6296667,
       38.8383333
      ]
     ]
    ]
   }
  },
  {
   "type": "Feature",
   "id": "区第1227号",
   "properties": {
    "right_no": "区第1227号",
    "holder": "宮城県漁業協同組合",
    "location": "気仙沼市横沼風待地先",
    "right_type": "第一種区画漁業",
    "fishery": "藻類養殖業",
    "season": "1月1日から12月31日まで",
    "term": "令和5年9月1日から令和10年8月31日まで",
    "districts": "気仙沼市大島",
    "conditions": "イ及びウの点に夜間識別可能な標識を設置しなければならない。（光達距離３キロメートル以上）",
    "n_vertices": 9,
    "missing_vertices": null,
    "shoreline_bounded": false,
    "valid": true,
    "invalid_reason": null,
    "area_ha": 55.3,
    "source_page": 8
   },
   "geometry": {
    "type": "Polygon",
    "coordinates": [
     [
      [
       141.6271667,
       38.8248333
      ],
      [
       141.6235,
       38.824
      ],
      [
       141.6198333,
       38.828
      ],
      [
       141.6105,
       38.838
      ],
      [
       141.6121667,
       38.8391667
      ],
      [
       141.6171667,
       38.8341667
      ],
      [
       141.6195,
       38.8338333
      ],
      [
       141.6233333,
       38.8303333
      ],
      [
       141.6225,
       38.8288333
      ],
      [
       141.6271667,
       38.8248333
      ]
     ]
    ]
   }
  },
  {
   "type": "Feature",
   "id": "区第1228号",
   "properties": {
    "right_no": "区第1228号",
    "holder": "宮城県漁業協同組合",
    "location": "気仙沼市駒形、要害前浜地先",
    "right_type": "第一種区画漁業",
    "fishery": "藻類養殖業",
    "season": "1月1日から12月31日まで",
    "term": "令和5年9月1日から令和10年8月31日まで",
    "districts": "気仙沼市大島",
    "conditions": "アの点に夜間識別可能な赤色の標識を設置しなければならない。（光達距離３キロメートル以上）",
    "n_vertices": 8,
    "missing_vertices": null,
    "shoreline_bounded": false,
    "valid": true,
    "invalid_reason": null,
    "area_ha": 37.24,
    "source_page": 8
   },
   "geometry": {
    "type": "Polygon",
    "coordinates": [
     [
      [
       141.6056667,
       38.8476667
      ],
      [
       141.61,
       38.8473333
      ],
      [
       141.6148333,
       38.8426667
      ],
      [
       141.6151667,
       38.8408333
      ],
      [
       141.613,
       38.8401667
      ],
      [
       141.6121667,
       38.841
      ],
      [
       141.609,
       38.8406667
      ],
      [
       141.6075,
       38.844
      ],
      [
       141.6056667,
       38.8476667
      ]
     ]
    ]
   }
  },
  {
   "type": "Feature",
   "id": "区第1229号",
   "properties": {
    "right_no": "区第1229号",
    "holder": "宮城県漁業協同組合",
    "location": "気仙沼市要害地先",
    "right_type": "第一種区画漁業",
    "fishery": "藻類養殖業",
    "season": "1月1日から12月31日まで",
    "term": "令和5年9月1日から令和10年8月31日まで",
    "districts": "気仙沼市大島",
    "conditions": "",
    "n_vertices": 4,
    "missing_vertices": null,
    "shoreline_bounded": false,
    "valid": true,
    "invalid_reason": null,
    "area_ha": 1.73,
    "source_page": 8
   },
   "geometry": {
    "type": "Polygon",
    "coordinates": [
     [
      [
       141.6128333,
       38.8496667
      ],
      [
       141.6135,
       38.8476667
      ],
      [
       141.6125,
       38.8473333
      ],
      [
       141.612,
       38.848
      ],
      [
       141.6128333,
       38.8496667
      ]
     ]
    ]
   }
  },
  {
   "type": "Feature",
   "id": "区第1230号",
   "properties": {
    "right_no": "区第1230号",
    "holder": "宮城県漁業協同組合",
    "location": "気仙沼市浅根地先",
    "right_type": "第一種区画漁業",
    "fishery": "藻類養殖業・貝類等垂下式養殖業",
    "season": "1月1日から12月31日まで1月1日から12月31日まで",
    "term": "令和5年9月1日から令和10年8月31日まで",
    "districts": "気仙沼市大島",
    "conditions": "",
    "n_vertices": 9,
    "missing_vertices": null,
    "shoreline_bounded": false,
    "valid": true,
    "invalid_reason": null,
    "area_ha": 20.68,
    "source_page": 8
   },
   "geometry": {
    "type": "Polygon",
    "coordinates": [
     [
      [
       141.604,
       38.8515
      ],
      [
       141.607,
       38.8521667
      ],
      [
       141.6098333,
       38.8525
      ],
      [
       141.6106667,
       38.8505
      ],
      [
       141.6121667,
       38.85
      ],
      [
       141.6113333,
       38.8481667
      ],
      [
       141.6101667,
       38.8481667
      ],
      [
       141.6093333,
       38.8493333
      ],
      [
       141.6053333,
       38.8486667
      ],
      [
       141.604,
       38.8515
      ]
     ]
    ]
   }
  },
  {
   "type": "Feature",
   "id": "区第1231号",
   "properties": {
    "right_no": "区第1231号",
    "holder": "宮城県漁業協同組合",
    "location": "気仙沼市大向地先",
    "right_type": "第一種区画漁業",
    "fishery": "藻類養殖業・貝類等垂下式養殖業",
    "season": "1月1日から12月31日まで1月1日から12月31日まで",
    "term": "令和5年9月1日から令和10年8月31日まで",
    "districts": "気仙沼市大島",
    "conditions": "ア及びケの点に夜間識別可能な赤色の標識を設置しなければならない。（光達距離３キロメートル以上）コの点に夜間識別可能な標識を設置しなければならない。（光達距離３キロメートル以上）",
    "n_vertices": 10,
    "missing_vertices": null,
    "shoreline_bounded": false,
    "valid": true,
    "invalid_reason": null,
    "area_ha": 42.32,
    "source_page": 8
   },
   "geometry": {
    "type": "Polygon",
    "coordinates": [
     [
      [
       141.6008333,
       38.8646667
      ],
      [
       141.6058333,
       38.8646667
      ],
      [
       141.6058333,
       38.8636667
      ],
      [
       141.6043333,
       38.862
      ],
      [
       141.6043333,
       38.8603333
      ],
      [
       141.6061667,
       38.8576667
      ],
      [
       141.6058333,
       38.8575
      ],
      [
       141.6066667,
       38.8533333
      ],
      [
       141.6038333,
       38.852
      ],
      [
       141.6026667,
       38.8541667
      ],
      [
       141.6008333,
       38.8646667
      ]
     ]
    ]
   }
  },
  {
   "type": "Feature",
   "id": "区第1301号",
   "properties": {
    "right_no": "区第1301号",
    "holder": "宮城県漁業協同組合",
    "location": "気仙沼市本吉町大谷地先",
    "right_type": "第一種区画漁業",
    "fishery": "藻類養殖業・貝類等垂下式養殖業",
    "season": "1月1日から12月31日まで1月1日から12月31日まで",
    "term": "令和5年9月1日から令和10年8月31日まで",
    "districts": "気仙沼市本吉町沖の田、後田、土樋下、菖蒲沢、石川原、寺沢、直伝、道貫、長畑、野々下、洞沢、長根、大谷、寺谷、窪、三島、滝根、九多九、木戸、日門、山谷、田の沢、天ヶ沢、猿内、大森、前浜、谷地、府中、大朴木、高、赤牛、小金沢",
    "conditions": "イの点に夜間識別可能な標識を設置しなければならない。",
    "n_vertices": 5,
    "missing_vertices": null,
    "shoreline_bounded": false,
    "valid": true,
    "invalid_reason": null,
    "area_ha": 95.66,
    "source_page": 9
   },
   "geometry": {
    "type": "Polygon",
    "coordinates": [
     [
      [
       141.5835,
       38.8221667
      ],
      [
       141.5951667,
       38.8128333
      ],
      [
       141.5916667,
       38.8093333
      ],
      [
       141.5835,
       38.8131667
      ],
      [
       141.5776667,
       38.8173333
      ],
      [
       141.5835,
       38.8221667
      ]
     ]
    ]
   }
  },
  {
   "type": "Feature",
   "id": "区第1302号",
   "properties": {
    "right_no": "区第1302号",
    "holder": "宮城県漁業協同組合",
    "location": "気仙沼市本吉町大谷地先",
    "right_type": "第一種区画漁業",
    "fishery": "藻類養殖業・貝類等垂下式養殖業",
    "season": "1月1日から12月31日まで1月1日から12月31日まで",
    "term": "令和5年9月1日から令和10年8月31日まで",
    "districts": "気仙沼市本吉町沖の田、後田、土樋下、菖蒲沢、石川原、寺沢、直伝、道貫、長畑、野々下、洞沢、長根、大谷、寺谷、窪、三島、滝根、九多九、木戸、日門、山谷、田の沢、天ヶ沢、猿内、大森、前浜、谷地、府中、大朴木、高、赤牛、小金沢",
    "conditions": "",
    "n_vertices": 4,
    "missing_vertices": null,
    "shoreline_bounded": false,
    "valid": true,
    "invalid_reason": null,
    "area_ha": 61.58,
    "source_page": 9
   },
   "geometry": {
    "type": "Polygon",
    "coordinates": [
     [
      [
       141.583,
       38.8123333
      ],
      [
       141.592,
       38.8071667
      ],
      [
       141.5871667,
       38.8026667
      ],
      [
       141.5785,
       38.8076667
      ],
      [
       141.583,
       38.8123333
      ]
     ]
    ]
   }
  },
  {
   "type": "Feature",
   "id": "区第1303号",
   "properties": {
    "right_no": "区第1303号",
    "holder": "宮城県漁業協同組合",
    "location": "気仙沼市本吉町大谷地先",
    "right_type": "第一種区画漁業",
    "fishery": "藻類養殖業・貝類等垂下式養殖業",
    "season": "9月1日から翌年5月31日まで1月1日から12月31日まで",
    "term": "令和5年9月1日から令和10年8月31日まで",
    "districts": "気仙沼市本吉町沖の田、後田、土樋下、菖蒲沢、石川原、寺沢、直伝、道貫、長畑、野々下、洞沢、長根、大谷、寺谷、窪、三島、滝根、九多九、木戸、日門、山谷、田の沢、天ヶ沢、猿内、大森、前浜、谷地、府中、大朴木、高、赤牛、小金沢",
    "conditions": "ウの点に夜間識別可能な標識を設置しなければならない。（光達距離３キロメートル以上）",
    "n_vertices": 4,
    "missing_vertices": null,
    "shoreline_bounded": false,
    "valid": true,
    "invalid_reason": null,
    "area_ha": 37.48,
    "source_page": 9
   },
   "geometry": {
    "type": "Polygon",
    "coordinates": [
     [
      [
       141.575,
       38.807
      ],
      [
       141.5853333,
       38.801
      ],
      [
       141.5828333,
       38.7986667
      ],
      [
       141.5726667,
       38.8045
      ],
      [
       141.575,
       38.807
      ]
     ]
    ]
   }
  },
  {
   "type": "Feature",
   "id": "区第1304号",
   "properties": {
    "right_no": "区第1304号",
    "holder": "宮城県漁業協同組合",
    "location": "気仙沼市本吉町大谷、日門地先",
    "right_type": "第一種区画漁業",
    "fishery": "藻類養殖業・貝類等垂下式養殖業",
    "season": "1月1日から12月31日まで1月1日から12月31日まで",
    "term": "令和5年9月1日から令和10年8月31日まで",
    "districts": "気仙沼市本吉町沖の田、後田、土樋下、菖蒲沢、石川原、寺沢、直伝、道貫、長畑、野々下、洞沢、長根、大谷、寺谷、窪、三島、滝根、九多九、木戸、日門、山谷、田の沢、天ヶ沢、猿内、大森、前浜、谷地、府中、大朴木、高、赤牛、小金沢",
    "conditions": "エ及びカの点に夜間識別可能な標識を設置しなければならない。",
    "n_vertices": 7,
    "missing_vertices": null,
    "shoreline_bounded": false,
    "valid": true,
    "invalid_reason": null,
    "area_ha": 23.66,
    "source_page": 9
   },
   "geometry": {
    "type": "Polygon",
    "coordinates": [
     [
      [
       141.5703333,
       38.812
      ],
      [
       141.5708333,
       38.811
      ],
      [
       141.5665,
       38.8096667
      ],
      [
       141.5671667,
       38.8073333
      ],
      [
       141.5623333,
       38.8063333
      ],
      [
       141.5611667,
       38.8101667
      ],
      [
       141.5671667,
       38.8111667
      ],
      [
       141.5703333,
       38.812
      ]
     ]
    ]
   }
  },
  {
   "type": "Feature",
   "id": "区第1305号",
   "properties": {
    "right_no": "区第1305号",
    "holder": "宮城県漁業協同組合",
    "location": "気仙沼市本吉町前浜地先",
    "right_type": "第一種区画漁業",
    "fishery": "藻類養殖業・貝類等垂下式養殖業",
    "season": "9月1日から翌年5月31日まで1月1日から12月31日まで",
    "term": "令和5年9月1日から令和10年8月31日まで",
    "districts": "気仙沼市本吉町沖の田、後田、土樋下、菖蒲沢、石川原、寺沢、直伝、道貫、長畑、野々下、洞沢、長根、大谷、寺谷、窪、三島、滝根、九多九、木戸、日門、山谷、田の沢、天ヶ沢、猿内、大森、前浜、谷地、府中、大朴木、高、赤牛、小金沢",
    "conditions": "イ及びウの点に夜間識別可能な標識を設置しなければならない。（光達距離３キロメートル以上）",
    "n_vertices": 4,
    "missing_vertices": null,
    "shoreline_bounded": false,
    "valid": true,
    "invalid_reason": null,
    "area_ha": 56.44,
    "source_page": 10
   },
   "geometry": {
    "type": "Polygon",
    "coordinates": [
     [
      [
       141.5586667,
       38.7985
      ],
      [
       141.5696667,
       38.7923333
      ],
      [
       141.5665,
       38.7888333
      ],
      [
       141.5553333,
       38.795
      ],
      [
       141.5586667,
       38.7985
      ]
     ]
    ]
   }
  },
  {
   "type": "Feature",
   "id": "区第1306号",
   "properties": {
    "right_no": "区第1306号",
    "holder": "宮城県漁業協同組合",
    "location": "気仙沼市本吉町前浜地先",
    "right_type": "第一種区画漁業",
    "fishery": "藻類養殖業・貝類等垂下式養殖業",
    "season": "9月1日から翌年5月31日まで1月1日から12月31日まで",
    "term": "令和5年9月1日から令和10年8月31日まで",
    "districts": "気仙沼市本吉町沖の田、後田、土樋下、菖蒲沢、石川原、寺沢、直伝、道貫、長畑、野々下、洞沢、長根、大谷、寺谷、窪、三島、滝根、九多九、木戸、日門、山谷、田の沢、天ヶ沢、猿内、大森、前浜、谷地、府中、大朴木、高、赤牛、小金沢",
    "conditions": "イ及びウの点に夜間識別可能な標識を設置しなければならない。（光達距離３キロメートル以上）",
    "n_vertices": 4,
    "missing_vertices": null,
    "shoreline_bounded": false,
    "valid": true,
    "invalid_reason": null,
    "area_ha": 93.93,
    "source_page": 10
   },
   "geometry": {
    "type": "Polygon",
    "coordinates": [
     [
      [
       141.5491667,
       38.797
      ],
      [
       141.5656667,
       38.788
      ],
      [
       141.562,
       38.784
      ],
      [
       141.5456667,
       38.793
      ],
      [
       141.5491667,
       38.797
      ]
     ]
    ]
   }
  },
  {
   "type": "Feature",
   "id": "区第1307号",
   "properties": {
    "right_no": "区第1307号",
    "holder": "宮城県漁業協同組合",
    "location": "気仙沼市本吉町前浜地先",
    "right_type": "第一種区画漁業",
    "fishery": "藻類養殖業・貝類等垂下式養殖業",
    "season": "9月1日から翌年5月31日まで1月1日から12月31日まで",
    "term": "令和5年9月1日から令和10年8月31日まで",
    "districts": "気仙沼市本吉町沖の田、後田、土樋下、菖蒲沢、石川原、寺沢、直伝、道貫、長畑、野々下、洞沢、長根、大谷、寺谷、窪、三島、滝根、九多九、木戸、日門、山谷、田の沢、天ヶ沢、猿内、大森、前浜、谷地、府中、大朴木、高、赤牛、小金沢",
    "conditions": "ウの点に夜間識別可能な標識を設置しなければならない。（光達距離３キロメートル以上）",
    "n_vertices": 4,
    "missing_vertices": null,
    "shoreline_bounded": false,
    "valid": true,
    "invalid_reason": null,
    "area_ha": 86.2,
    "source_page": 10
   },
   "geometry": {
    "type": "Polygon",
    "coordinates": [
     [
      [
       141.5418333,
       38.7938333
      ],
      [
       141.5613333,
       38.7833333
      ],
      [
       141.5583333,
       38.78
      ],
      [
       141.539,
       38.7911667
      ],
      [
       141.5418333,
       38.7938333
      ]
     ]
    ]
   }
  },
  {
   "type": "Feature",
   "id": "区第1308号",
   "properties": {
    "right_no": "区第1308号",
    "holder": "宮城県漁業協同組合",
    "location": "気仙沼市本吉町大沢地先",
    "right_type": "第一種区画漁業",
    "fishery": "藻類養殖業・貝類等垂下式養殖業",
    "season": "1月1日から12月31日まで1月1日から12月31日まで",
    "term": "令和5年9月1日から令和10年8月31日まで",
    "districts": "気仙沼市本吉町幸土、大沢、津谷長根、風越、登米沢、道外",
    "conditions": "ウ及びエの点に夜間識別可能な標識を設置しなければならない。（光達距離３キロメートル以上）",
    "n_vertices": 5,
    "missing_vertices": null,
    "shoreline_bounded": false,
    "valid": true,
    "invalid_reason": null,
    "area_ha": 145.09,
    "source_page": 10
   },
   "geometry": {
    "type": "Polygon",
    "coordinates": [
     [
      [
       141.5375,
       38.789
      ],
      [
       141.5396667,
       38.7886667
      ],
      [
       141.5585,
       38.7771667
      ],
      [
       141.5571667,
       38.7751667
      ],
      [
       141.5346667,
       38.7795
      ],
      [
       141.5375,
       38.789
      ]
     ]
    ]
   }
  },
  {
   "type": "Feature",
   "id": "区第1309号",
   "properties": {
    "right_no": "区第1309号",
    "holder": "宮城県漁業協同組合",
    "location": "気仙沼市本吉町今朝磯地先",
    "right_type": "第一種区画漁業",
    "fishery": "藻類養殖業・貝類等垂下式養殖業",
    "season": "1月1日から12月31日まで1月1日から12月31日まで",
    "term": "令和5年9月1日から令和10年8月31日まで",
    "districts": "気仙沼市本吉町中島、卯名沢、泉、下宿、平貝、菅の沢、小浜、二十一浜、長窪、柳沢、蔵内、今朝磯、歌生、北明戸、蕨野、外尾",
    "conditions": "イ及びウの点に夜間識別可能な標識を設置しなければならない。（光達距離３キロメートル以上）",
    "n_vertices": 6,
    "missing_vertices": null,
    "shoreline_bounded": false,
    "valid": true,
    "invalid_reason": null,
    "area_ha": 491.74,
    "source_page": 10
   },
   "geometry": {
    "type": "Polygon",
    "coordinates": [
     [
      [
       141.5331667,
       38.7688333
      ],
      [
       141.5735,
       38.7716667
      ],
      [
       141.5753333,
       38.7621667
      ],
      [
       141.5355,
       38.7531667
      ],
      [
       141.5348333,
       38.757
      ],
      [
       141.5356667,
       38.7571667
      ],
      [
       141.5331667,
       38.7688333
      ]
     ]
    ]
   }
  },
  {
   "type": "Feature",
   "id": "区第1401号",
   "properties": {
    "right_no": "区第1401号",
    "holder": "宮城県漁業協同組合",
    "location": "本吉郡南三陸町歌津港地先",
    "right_type": "第一種区画漁業",
    "fishery": "藻類養殖業・貝類等垂下式養殖業",
    "season": "1月1日から12月31日まで1月1日から12月31日まで",
    "term": "令和5年9月1日から令和10年8月31日まで",
    "districts": "本吉郡南三陸町歌津",
    "conditions": "",
    "n_vertices": 4,
    "missing_vertices": null,
    "shoreline_bounded": false,
    "valid": true,
    "invalid_reason": null,
    "area_ha": 15.73,
    "source_page": 11
   },
   "geometry": {
    "type": "Polygon",
    "coordinates": [
     [
      [
       141.5398333,
       38.7511667
      ],
      [
       141.5453333,
       38.7521667
      ],
      [
       141.5455,
       38.749
      ],
      [
       141.5406667,
       38.7481667
      ],
      [
       141.5398333,
       38.7511667
      ]
     ]
    ]
   }
  },
  {
   "type": "Feature",
   "id": "区第1402号",
   "properties": {
    "right_no": "区第1402号",
    "holder": "宮城県漁業協同組合",
    "location": "本吉郡南三陸町歌津港地先",
    "right_type": "第一種区画漁業",
    "fishery": "藻類養殖業・貝類等垂下式養殖業",
    "season": "1月1日から12月31日まで1月1日から12月31日まで",
    "term": "令和5年9月1日から令和10年8月31日まで",
    "districts": "本吉郡南三陸町歌津",
    "conditions": "",
    "n_vertices": 4,
    "missing_vertices": null,
    "shoreline_bounded": false,
    "valid": true,
    "invalid_reason": null,
    "area_ha": 5.17,
    "source_page": 11
   },
   "geometry": {
    "type": "Polygon",
    "coordinates": [
     [
      [
       141.5411667,
       38.7465
      ],
      [
       141.5455,
       38.7473333
      ],
      [
       141.5455,
       38.7463333
      ],
      [
       141.5415,
       38.745
      ],
      [
       141.5411667,
       38.7465
      ]
     ]
    ]
   }
  },
  {
   "type": "Feature",
   "id": "区第1403号",
   "properties": {
    "right_no": "区第1403号",
    "holder": "宮城県漁業協同組合",
    "location": "本吉郡南三陸町歌津港地先",
    "right_type": "第一種区画漁業",
    "fishery": "藻類養殖業・貝類等垂下式養殖業",
    "season": "9月1日から翌年5月31日まで1月1日から12月31日まで",
    "term": "令和5年9月1日から令和10年8月31日まで",
    "districts": "本吉郡南三陸町歌津",
    "conditions": "",
    "n_vertices": 6,
    "missing_vertices": null,
    "shoreline_bounded": false,
    "valid": true,
    "invalid_reason": null,
    "area_ha": 7.35,
    "source_page": 11
   },
   "geometry": {
    "type": "Polygon",
    "coordinates": [
     [
      [
       141.5418333,
       38.7421667
      ],
      [
       141.545,
       38.745
      ],
      [
       141.5458333,
       38.7443333
      ],
      [
       141.5448333,
       38.7431667
      ],
      [
       141.5455,
       38.7425
      ],
      [
       141.5441667,
       38.7408333
      ],
      [
       141.5418333,
       38.7421667
      ]
     ]
    ]
   }
  },
  {
   "type": "Feature",
   "id": "区第1404号",
   "properties": {
    "right_no": "区第1404号",
    "holder": "宮城県漁業協同組合",
    "location": "本吉郡南三陸町歌津港、田の浦地先",
    "right_type": "第一種区画漁業",
    "fishery": "藻類養殖業・貝類等垂下式養殖業",
    "season": "9月1日から翌年5月31日まで1月1日から12月31日まで",
    "term": "令和5年9月1日から令和10年8月31日まで",
    "districts": "本吉郡南三陸町歌津",
    "conditions": "ア、イ、ウ及びエの点に夜間識別可能な標識を設置しなければならない。（イ、ウのみ光達距離３キロメートル以上）",
    "n_vertices": 9,
    "missing_vertices": null,
    "shoreline_bounded": false,
    "valid": true,
    "invalid_reason": null,
    "area_ha": 272.29,
    "source_page": 11
   },
   "geometry": {
    "type": "Polygon",
    "coordinates": [
     [
      [
       141.5473333,
       38.7525
      ],
      [
       141.5591667,
       38.7546667
      ],
      [
       141.584,
       38.759
      ],
      [
       141.5848333,
       38.7571667
      ],
      [
       141.5518333,
       38.7416667
      ],
      [
       141.5493333,
       38.737
      ],
      [
       141.5475,
       38.7378333
      ],
      [
       141.5496667,
       38.7428333
      ],
      [
       141.547,
       38.7441667
      ],
      [
       141.5473333,
       38.7525
      ]
     ]
    ]
   }
  },
  {
   "type": "Feature",
   "id": "区第1405号",
   "properties": {
    "right_no": "区第1405号",
    "holder": "宮城県漁業協同組合",
    "location": "本吉郡南三陸町歌津田の浦、石浜地先",
    "right_type": "第一種区画漁業",
    "fishery": "藻類養殖業・貝類等垂下式養殖業",
    "season": "1月1日から12月31日まで1月1日から12月31日まで",
    "term": "令和5年9月1日から令和10年8月31日まで",
    "districts": "本吉郡南三陸町歌津",
    "conditions": "イ、ウ及びエの点に夜間識別可能な標識を設置しなければならない。（イ、ウのみ光達距離３キロメートル以上）",
    "n_vertices": 8,
    "missing_vertices": null,
    "shoreline_bounded": false,
    "valid": true,
    "invalid_reason": null,
    "area_ha": 513.74,
    "source_page": 11
   },
   "geometry": {
    "type": "Polygon",
    "coordinates": [
     [
      [
       141.5533333,
       38.7408333
      ],
      [
       141.5858333,
       38.755
      ],
      [
       141.5941667,
       38.7391667
      ],
      [
       141.5938333,
       38.7313333
      ],
      [
       141.5675,
       38.7315
      ],
      [
       141.5673333,
       38.7395
      ],
      [
       141.5646667,
       38.7423333
      ],
      [
       141.5576667,
       38.7395
      ],
      [
       141.5533333,
       38.7408333
      ]
     ]
    ]
   }
  },
  {
   "type": "Feature",
   "id": "区第1406号",
   "properties": {
    "right_no": "区第1406号",
    "holder": "宮城県漁業協同組合",
    "location": "本吉郡南三陸町歌津名足地先",
    "right_type": "第一種区画漁業",
    "fishery": "藻類養殖業・貝類等垂下式養殖業",
    "season": "9月1日から翌年5月31日まで1月1日から12月31日まで",
    "term": "令和5年9月1日から令和10年8月31日まで",
    "districts": "本吉郡南三陸町歌津",
    "conditions": "イ及びウの点に夜間識別可能な標識を設置しなければならない。（ウのみ光達距離３キロメートル以上）",
    "n_vertices": 4,
    "missing_vertices": null,
    "shoreline_bounded": false,
    "valid": true,
    "invalid_reason": null,
    "area_ha": 206.44,
    "source_page": 11
   },
   "geometry": {
    "type": "Polygon",
    "coordinates": [
     [
      [
       141.5693333,
       38.7296667
      ],
      [
       141.5936667,
       38.7293333
      ],
      [
       141.593,
       38.7195
      ],
      [
       141.5688333,
       38.7218333
      ],
      [
       141.5693333,
       38.7296667
      ]
     ]
    ]
   }
  },
  {
   "type": "Feature",
   "id": "区第1407号",
   "properties": {
    "right_no": "区第1407号",
    "holder": "宮城県漁業協同組合",
    "location": "本吉郡南三陸町歌津名足、泊浜地先",
    "right_type": "第一種区画漁業",
    "fishery": "藻類養殖業・貝類等垂下式養殖業",
    "season": "9月1日から翌年5月31日まで1月1日から12月31日まで",
    "term": "令和5年9月1日から令和10年8月31日まで",
    "districts": "本吉郡南三陸町歌津",
    "conditions": "イ、ウ、エ、カ、キ、ク及びケの点に夜間識別可能な標識を設置しなければならない。（イ、キのみ光達距離３キロメートル以上）",
    "n_vertices": 12,
    "missing_vertices": null,
    "shoreline_bounded": false,
    "valid": true,
    "invalid_reason": null,
    "area_ha": 940.32,
    "source_page": 11
   },
   "geometry": {
    "type": "Polygon",
    "coordinates": [
     [
      [
       141.564,
       38.7211667
      ],
      [
       141.593,
       38.7183333
      ],
      [
       141.5923333,
       38.705
      ],
      [
       141.5921667,
       38.7031667
      ],
      [
       141.5915,
       38.6988333
      ],
      [
       141.5853333,
       38.6856667
      ],
      [
       141.5821667,
       38.6791667
      ],
      [
       141.5705,
       38.6773333
      ],
      [
       141.562,
       38.682
      ],
      [
       141.568,
       38.7
      ],
      [
       141.569,
       38.7133333
      ],
      [
       141.5635,
       38.7143333
      ],
      [
       141.564,
       38.7211667
      ]
     ]
    ]
   }
  },
  {
   "type": "Feature",
   "id": "区第1408号",
   "properties": {
    "right_no": "区第1408号",
    "holder": "宮城県漁業協同組合",
    "location": "本吉郡南三陸町歌津泊浜、稲淵、韮ノ浜地先",
    "right_type": "第一種区画漁業",
    "fishery": "藻類養殖業・貝類等垂下式養殖業",
    "season": "9月1日から翌年5月31日まで1月1日から12月31日まで",
    "term": "令和5年9月1日から令和10年8月31日まで",
    "districts": "本吉郡南三陸町歌津",
    "conditions": "ア、イ、ウ、エ、オ、カ、キ、ク、ケ、コ、サ、シ、ス及びセの点に夜間識別可能な標識を設置しなければならない。（エ、キ、ク、サ、スのみ光達距離３キロメートル以上）",
    "n_vertices": 14,
    "missing_vertices": null,
    "shoreline_bounded": false,
    "valid": true,
    "invalid_reason": null,
    "area_ha": 504.97,
    "source_page": 12
   },
   "geometry": {
    "type": "Polygon",
    "coordinates": [
     [
      [
       141.5211667,
       38.6785
      ],
      [
       141.5408333,
       38.6926667
      ],
      [
       141.5498333,
       38.6873333
      ],
      [
       141.551,
       38.6865
      ],
      [
       141.5573333,
       38.6815
      ],
      [
       141.5676667,
       38.6741667
      ],
      [
       141.578,
       38.6703333
      ],
      [
       141.5766667,
       38.6676667
      ],
      [
       141.5635,
       38.6703333
      ],
      [
       141.5503333,
       38.6728333
      ],
      [
       141.5471667,
       38.6735
      ],
      [
       141.5368333,
       38.6755
      ],
      [
       141.535,
       38.676
      ],
      [
       141.5256667,
       38.6776667
      ],
      [
       141.5211667,
       38.6785
      ]
     ]
    ]
   }
  },
  {
   "type": "Feature",
   "id": "区第1409号",
   "properties": {
    "right_no": "区第1409号",
    "holder": "宮城県漁業協同組合",
    "location": "本吉郡南三陸町歌津泊浜地先",
    "right_type": "第一種区画漁業",
    "fishery": "藻類養殖業",
    "season": "9月1日から翌年5月31日まで",
    "term": "令和5年9月1日から令和10年8月31日まで",
    "districts": "本吉郡南三陸町歌津",
    "conditions": "",
    "n_vertices": 4,
    "missing_vertices": null,
    "shoreline_bounded": false,
    "valid": true,
    "invalid_reason": null,
    "area_ha": 6.24,
    "source_page": 12
   },
   "geometry": {
    "type": "Polygon",
    "coordinates": [
     [
      [
       141.5536667,
       38.6941667
      ],
      [
       141.5568333,
       38.6921667
      ],
      [
       141.5563333,
       38.6905
      ],
      [
       141.5531667,
       38.6923333
      ],
      [
       141.5536667,
       38.6941667
      ]
     ]
    ]
   }
  },
  {
   "type": "Feature",
   "id": "区第1410号",
   "properties": {
    "right_no": "区第1410号",
    "holder": "宮城県漁業協同組合",
    "location": "本吉郡南三陸町歌津泊浜、稲淵地先",
    "right_type": "第一種区画漁業",
    "fishery": "藻類養殖業・貝類等垂下式養殖業",
    "season": "1月1日から12月31日まで1月1日から12月31日まで",
    "term": "令和5年9月1日から令和10年8月31日まで",
    "districts": "本吉郡南三陸町歌津",
    "conditions": "",
    "n_vertices": 6,
    "missing_vertices": null,
    "shoreline_bounded": false,
    "valid": true,
    "invalid_reason": null,
    "area_ha": 79.13,
    "source_page": 12
   },
   "geometry": {
    "type": "Polygon",
    "coordinates": [
     [
      [
       141.5461667,
       38.71
      ],
      [
       141.5483333,
       38.7096667
      ],
      [
       141.5545,
       38.7058333
      ],
      [
       141.5503333,
       38.6953333
      ],
      [
       141.5473333,
       38.695
      ],
      [
       141.5456667,
       38.7093333
      ],
      [
       141.5461667,
       38.71
      ]
     ]
    ]
   }
  },
  {
   "type": "Feature",
   "id": "区第1411号",
   "properties": {
    "right_no": "区第1411号",
    "holder": "宮城県漁業協同組合",
    "location": "本吉郡南三陸町歌津泊浜、稲淵地先",
    "right_type": "第一種区画漁業",
    "fishery": "藻類養殖業・貝類等垂下式養殖業",
    "season": "1月1日から12月31日まで1月1日から12月31日まで",
    "term": "令和5年9月1日から令和10年8月31日まで",
    "districts": "本吉郡南三陸町歌津",
    "conditions": "ウの点に夜間識別可能な標識を設置しなければならない。",
    "n_vertices": 4,
    "missing_vertices": null,
    "shoreline_bounded": false,
    "valid": true,
    "invalid_reason": null,
    "area_ha": 87.22,
    "source_page": 12
   },
   "geometry": {
    "type": "Polygon",
    "coordinates": [
     [
      [
       141.5451667,
       38.7086667
      ],
      [
       141.5468333,
       38.695
      ],
      [
       141.5443333,
       38.6948333
      ],
      [
       141.5341667,
       38.7026667
      ],
      [
       141.5451667,
       38.7086667
      ]
     ]
    ]
   }
  },
  {
   "type": "Feature",
   "id": "区第1412号",
   "properties": {
    "right_no": "区第1412号",
    "holder": "宮城県漁業協同組合",
    "location": "本吉郡南三陸町歌津伊里前浜地先",
    "right_type": "第一種区画漁業",
    "fishery": "藻類養殖業・貝類等垂下式養殖業",
    "season": "1月1日から12月31日まで1月1日から12月31日まで",
    "term": "令和5年9月1日から令和10年8月31日まで",
    "districts": "本吉郡南三陸町歌津",
    "conditions": "イ、ウ及びエの点に夜間識別可能な赤色の標識を設置しなければならない。（光達距離２キロメートル以上）",
    "n_vertices": 7,
    "missing_vertices": null,
    "shoreline_bounded": false,
    "valid": true,
    "invalid_reason": null,
    "area_ha": 51.39,
    "source_page": 12
   },
   "geometry": {
    "type": "Polygon",
    "coordinates": [
     [
      [
       141.5348333,
       38.7045
      ],
      [
       141.5328333,
       38.7035
      ],
      [
       141.5301667,
       38.7055
      ],
      [
       141.5266667,
       38.7145
      ],
      [
       141.531,
       38.716
      ],
      [
       141.534,
       38.7118333
      ],
      [
       141.5326667,
       38.7088333
      ],
      [
       141.5348333,
       38.7045
      ]
     ]
    ]
   }
  },
  {
   "type": "Feature",
   "id": "区第1413号",
   "properties": {
    "right_no": "区第1413号",
    "holder": "宮城県漁業協同組合",
    "location": "本吉郡南三陸町歌津伊里前浜、寄木地先",
    "right_type": "第一種区画漁業",
    "fishery": "藻類養殖業・貝類等垂下式養殖業",
    "season": "1月1日から12月31日まで1月1日から12月31日まで",
    "term": "令和5年9月1日から令和10年8月31日まで",
    "districts": "本吉郡南三陸町歌津",
    "conditions": "ア及びシの点に夜間識別可能な緑色の標識を設置しなければならない。（光達距離２キロメートル以上）",
    "n_vertices": 12,
    "missing_vertices": null,
    "shoreline_bounded": false,
    "valid": true,
    "invalid_reason": null,
    "area_ha": 69.0,
    "source_page": 13
   },
   "geometry": {
    "type": "Polygon",
    "coordinates": [
     [
      [
       141.5306667,
       38.702
      ],
      [
       141.5221667,
       38.6945
      ],
      [
       141.5213333,
       38.6951667
      ],
      [
       141.5248333,
       38.7055
      ],
      [
       141.523,
       38.7068333
      ],
      [
       141.5248333,
       38.7091667
      ],
      [
       141.526,
       38.7081667
      ],
      [
       141.5271667,
       38.7083333
      ],
      [
       141.526,
       38.7116667
      ],
      [
       141.5251667,
       38.7115
      ],
      [
       141.5246667,
       38.7131667
      ],
      [
       141.5261667,
       38.7138333
      ],
      [
       141.5306667,
       38.702
      ]
     ]
    ]
   }
  },
  {
   "type": "Feature",
   "id": "区第1414号",
   "properties": {
    "right_no": "区第1414号",
    "holder": "宮城県漁業協同組合",
    "location": "本吉郡南三陸町歌津寄木地先",
    "right_type": "第一種区画漁業",
    "fishery": "藻類養殖業・貝類等垂下式養殖業",
    "season": "9月1日から翌年5月31日まで1月1日から12月31日まで",
    "term": "令和5年9月1日から令和10年8月31日まで",
    "districts": "本吉郡南三陸町歌津",
    "conditions": "イ、オ及びカの点に夜間識別可能な標識を設置しなければならない。（カのみ光達距離３キロメートル以上）",
    "n_vertices": 8,
    "missing_vertices": null,
    "shoreline_bounded": false,
    "valid": true,
    "invalid_reason": null,
    "area_ha": 186.92,
    "source_page": 13
   },
   "geometry": {
    "type": "Polygon",
    "coordinates": [
     [
      [
       141.532,
       38.7011667
      ],
      [
       141.5366667,
       38.6975
      ],
      [
       141.526,
       38.6901667
      ],
      [
       141.53,
       38.6856667
      ],
      [
       141.52,
       38.6788333
      ],
      [
       141.514,
       38.68
      ],
      [
       141.5136667,
       38.6845
      ],
      [
       141.523,
       38.6935
      ],
      [
       141.532,
       38.7011667
      ]
     ]
    ]
   }
  },
  {
   "type": "Feature",
   "id": "区第1415号",
   "properties": {
    "right_no": "区第1415号",
    "holder": "宮城県漁業協同組合",
    "location": "本吉郡南三陸町歌津韮ノ浜地先",
    "right_type": "第一種区画漁業",
    "fishery": "藻類養殖業・貝類等垂下式養殖業",
    "season": "1月1日から12月31日まで1月1日から12月31日まで",
    "term": "令和5年9月1日から令和10年8月31日まで",
    "districts": "本吉郡南三陸町歌津",
    "conditions": "",
    "n_vertices": 7,
    "missing_vertices": null,
    "shoreline_bounded": false,
    "valid": true,
    "invalid_reason": null,
    "area_ha": 6.34,
    "source_page": 13
   },
   "geometry": {
    "type": "Polygon",
    "coordinates": [
     [
      [
       141.5058333,
       38.6891667
      ],
      [
       141.5071667,
       38.6893333
      ],
      [
       141.5086667,
       38.6853333
      ],
      [
       141.51,
       38.6845
      ],
      [
       141.5095,
       38.684
      ],
      [
       141.5083333,
       38.6848333
      ],
      [
       141.5071667,
       38.6856667
      ],
      [
       141.5058333,
       38.6891667
      ]
     ]
    ]
   }
  },
  {
   "type": "Feature",
   "id": "区第1501号",
   "properties": {
    "right_no": "区第1501号",
    "holder": "宮城県漁業協同組合",
    "location": "本吉郡南三陸町志津川細浦地先",
    "right_type": "第一種区画漁業",
    "fishery": "藻類養殖業・貝類等垂下式養殖業",
    "season": "1月1日から12月31日まで1月1日から12月31日まで",
    "term": "令和5年9月1日から令和10年8月31日まで",
    "districts": "本吉郡南三陸町志津川",
    "conditions": "ウの点に夜間識別可能な標識を設置しなければならない。",
    "n_vertices": 6,
    "missing_vertices": null,
    "shoreline_bounded": false,
    "valid": true,
    "invalid_reason": null,
    "area_ha": 27.98,
    "source_page": 13
   },
   "geometry": {
    "type": "Polygon",
    "coordinates": [
     [
      [
       141.5003333,
       38.6886667
      ],
      [
       141.5051667,
       38.6893333
      ],
      [
       141.5085,
       38.6805
      ],
      [
       141.5055,
       38.6811667
      ],
      [
       141.5035,
       38.6863333
      ],
      [
       141.5011667,
       38.6861667
      ],
      [
       141.5003333,
       38.6886667
      ]
     ]
    ]
   }
  },
  {
   "type": "Feature",
   "id": "区第1502号",
   "properties": {
    "right_no": "区第1502号",
    "holder": "宮城県漁業協同組合",
    "location": "本吉郡南三陸町志津川細浦地先",
    "right_type": "第一種区画漁業",
    "fishery": "小割式魚類養殖業",
    "season": "1月1日から12月31日まで",
    "term": "令和5年9月1日から令和10年8月31日まで",
    "districts": "本吉郡南三陸町志津川",
    "conditions": "エの点に夜間識別可能な標識を設置しなければならない。",
    "n_vertices": 4,
    "missing_vertices": null,
    "shoreline_bounded": false,
    "valid": true,
    "invalid_reason": null,
    "area_ha": 11.77,
    "source_page": 13
   },
   "geometry": {
    "type": "Polygon",
    "coordinates": [
     [
      [
       141.5011667,
       38.6861667
      ],
      [
       141.5035,
       38.6863333
      ],
      [
       141.5055,
       38.6811667
      ],
      [
       141.5025,
       38.6818333
      ],
      [
       141.5011667,
       38.6861667
      ]
     ]
    ]
   }
  },
  {
   "type": "Feature",
   "id": "区第1503号",
   "properties": {
    "right_no": "区第1503号",
    "holder": "宮城県漁業協同組合",
    "location": "本吉郡南三陸町志津川細浦地先",
    "right_type": "第一種区画漁業",
    "fishery": "貝類等垂下式養殖業",
    "season": "1月1日から12月31日まで",
    "term": "令和5年9月1日から令和10年8月31日まで",
    "districts": "本吉郡南三陸町志津川",
    "conditions": "",
    "n_vertices": 4,
    "missing_vertices": null,
    "shoreline_bounded": false,
    "valid": true,
    "invalid_reason": null,
    "area_ha": 0.53,
    "source_page": 13
   },
   "geometry": {
    "type": "Polygon",
    "coordinates": [
     [
      [
       141.5005,
       38.6916667
      ],
      [
       141.5005,
       38.6908333
      ],
      [
       141.4998333,
       38.6908333
      ],
      [
       141.4998333,
       38.6916667
      ],
      [
       141.5005,
       38.6916667
      ]
     ]
    ]
   }
  },
  {
   "type": "Feature",
   "id": "区第1504号",
   "properties": {
    "right_no": "区第1504号",
    "holder": "宮城県漁業協同組合",
    "location": "本吉郡南三陸町志津川細浦地先",
    "right_type": "第一種区画漁業",
    "fishery": "藻類養殖業・貝類等垂下式養殖業",
    "season": "1月1日から12月31日まで1月1日から12月31日まで",
    "term": "令和5年9月1日から令和10年8月31日まで",
    "districts": "本吉郡南三陸町志津川",
    "conditions": "エの点に夜間識別可能な標識を設置しなければならない。",
    "n_vertices": 4,
    "missing_vertices": null,
    "shoreline_bounded": false,
    "valid": true,
    "invalid_reason": null,
    "area_ha": 13.13,
    "source_page": 13
   },
   "geometry": {
    "type": "Polygon",
    "coordinates": [
     [
      [
       141.4955,
       38.6878333
      ],
      [
       141.4981667,
       38.6893333
      ],
      [
       141.5008333,
       38.6861667
      ],
      [
       141.5015,
       38.6831667
      ],
      [
       141.4955,
       38.6878333
      ]
     ]
    ]
   }
  },
  {
   "type": "Feature",
   "id": "区第1505号",
   "properties": {
    "right_no": "区第1505号",
    "holder": "宮城県漁業協同組合",
    "location": "本吉郡南三陸町志津川細浦地先",
    "right_type": "第一種区画漁業",
    "fishery": "藻類養殖業・貝類等垂下式養殖業",
    "season": "1月1日から12月31日まで1月1日から12月31日まで",
    "term": "令和5年9月1日から令和10年8月31日まで",
    "districts": "本吉郡南三陸町志津川",
    "conditions": "",
    "n_vertices": 4,
    "missing_vertices": null,
    "shoreline_bounded": false,
    "valid": true,
    "invalid_reason": null,
    "area_ha": 2.54,
    "source_page": 14
   },
   "geometry": {
    "type": "Polygon",
    "coordinates": [
     [
      [
       141.494,
       38.6878333
      ],
      [
       141.495,
       38.6868333
      ],
      [
       141.4931667,
       38.6858333
      ],
      [
       141.4925,
       38.6871667
      ],
      [
       141.494,
       38.6878333
      ]
     ]
    ]
   }
  },
  {
   "type": "Feature",
   "id": "区第1506号",
   "properties": {
    "right_no": "区第1506号",
    "holder": "宮城県漁業協同組合",
    "location": "本吉郡南三陸町志津川野島地先",
    "right_type": "第一種区画漁業",
    "fishery": "藻類養殖業・貝類等垂下式養殖業",
    "season": "1月1日から12月31日まで1月1日から12月31日まで",
    "term": "令和5年9月1日から令和10年8月31日まで",
    "districts": "本吉郡南三陸町志津川",
    "conditions": "イの点に夜間識別可能な標識を設置しなければならない。",
    "n_vertices": 4,
    "missing_vertices": null,
    "shoreline_bounded": false,
    "valid": true,
    "invalid_reason": null,
    "area_ha": 20.95,
    "source_page": 14
   },
   "geometry": {
    "type": "Polygon",
    "coordinates": [
     [
      [
       141.4996667,
       38.68
      ],
      [
       141.5061667,
       38.6793333
      ],
      [
       141.5043333,
       38.6761667
      ],
      [
       141.4978333,
       38.6768333
      ],
      [
       141.4996667,
       38.68
      ]
     ]
    ]
   }
  },
  {
   "type": "Feature",
   "id": "区第1507号",
   "properties": {
    "right_no": "区第1507号",
    "holder": "宮城県漁業協同組合",
    "location": "本吉郡南三陸町志津川野島地先",
    "right_type": "第一種区画漁業",
    "fishery": "小割式魚類養殖業",
    "season": "1月1日から12月31日まで",
    "term": "令和5年9月1日から令和10年8月31日まで",
    "districts": "本吉郡南三陸町志津川",
    "conditions": "イ及びウの点に夜間識別可能な標識を設置しなければならない。",
    "n_vertices": 5,
    "missing_vertices": null,
    "shoreline_bounded": false,
    "valid": true,
    "invalid_reason": null,
    "area_ha": 16.74,
    "source_page": 14
   },
   "geometry": {
    "type": "Polygon",
    "coordinates": [
     [
      [
       141.5043333,
       38.6761667
      ],
      [
       141.5033333,
       38.6743333
      ],
      [
       141.499,
       38.6735
      ],
      [
       141.4968333,
       38.6738333
      ],
      [
       141.4978333,
       38.6768333
      ],
      [
       141.5043333,
       38.6761667
      ]
     ]
    ]
   }
  },
  {
   "type": "Feature",
   "id": "区第1508号",
   "properties": {
    "right_no": "区第1508号",
    "holder": "宮城県漁業協同組合",
    "location": "本吉郡南三陸町志津川野島地先",
    "right_type": "第一種区画漁業",
    "fishery": "藻類養殖業・貝類等垂下式養殖業",
    "season": "9月1日から翌年5月31日まで1月1日から12月31日まで",
    "term": "令和5年9月1日から令和10年8月31日まで",
    "districts": "本吉郡南三陸町志津川",
    "conditions": "ウ、エ、オ、カ及びクの点に夜間識別可能な標識を設置しなければならない。（ウ、エ、オ、クのみ光達距離３キロメートル以上）",
    "n_vertices": 9,
    "missing_vertices": null,
    "shoreline_bounded": false,
    "valid": true,
    "invalid_reason": null,
    "area_ha": 302.45,
    "source_page": 14
   },
   "geometry": {
    "type": "Polygon",
    "coordinates": [
     [
      [
       141.5073333,
       38.679
      ],
      [
       141.5085,
       38.679
      ],
      [
       141.511,
       38.6636667
      ],
      [
       141.5001667,
       38.6623333
      ],
      [
       141.4963333,
       38.6615
      ],
      [
       141.4841667,
       38.6598333
      ],
      [
       141.4796667,
       38.6695
      ],
      [
       141.4971667,
       38.6723333
      ],
      [
       141.5043333,
       38.6736667
      ],
      [
       141.5073333,
       38.679
      ]
     ]
    ]
   }
  },
  {
   "type": "Feature",
   "id": "区第1509号",
   "properties": {
    "right_no": "区第1509号",
    "holder": "宮城県漁業協同組合",
    "location": "本吉郡南三陸町志津川野島地先",
    "right_type": "第一種区画漁業",
    "fishery": "藻類養殖業・貝類等垂下式養殖業",
    "season": "9月1日から翌年5月31日まで1月1日から12月31日まで",
    "term": "令和5年9月1日から令和10年8月31日まで",
    "districts": "本吉郡南三陸町志津川",
    "conditions": "ア、イ及びエの点に夜間識別可能な標識を設置しなければならない。（光達距離３キロメートル以上）",
    "n_vertices": 4,
    "missing_vertices": null,
    "shoreline_bounded": false,
    "valid": true,
    "invalid_reason": null,
    "area_ha": 67.4,
    "source_page": 14
   },
   "geometry": {
    "type": "Polygon",
    "coordinates": [
     [
      [
       141.5345,
       38.6741667
      ],
      [
       141.5336667,
       38.6696667
      ],
      [
       141.5183333,
       38.6731667
      ],
      [
       141.5173333,
       38.6773333
      ],
      [
       141.5345,
       38.6741667
      ]
     ]
    ]
   }
  },
  {
   "type": "Feature",
   "id": "区第1510号",
   "properties": {
    "right_no": "区第1510号",
    "holder": "宮城県漁業協同組合",
    "location": "本吉郡南三陸町志津川野島地先",
    "right_type": "第一種区画漁業",
    "fishery": "藻類養殖業・貝類等垂下式養殖業",
    "season": "9月1日から翌年5月31日まで1月1日から12月31日まで",
    "term": "令和5年9月1日から令和10年8月31日まで",
    "districts": "本吉郡南三陸町志津川",
    "conditions": "",
    "n_vertices": 4,
    "missing_vertices": null,
    "shoreline_bounded": false,
    "valid": true,
    "invalid_reason": null,
    "area_ha": 3.83,
    "source_page": 14
   },
   "geometry": {
    "type": "Polygon",
    "coordinates": [
     [
      [
       141.5138333,
       38.6721667
      ],
      [
       141.5135,
       38.6696667
      ],
      [
       141.512,
       38.6691667
      ],
      [
       141.5121667,
       38.6718333
      ],
      [
       141.5138333,
       38.6721667
      ]
     ]
    ]
   }
  },
  {
   "type": "Feature",
   "id": "区第1511号",
   "properties": {
    "right_no": "区第1511号",
    "holder": "宮城県漁業協同組合",
    "location": "本吉郡南三陸町志津川野島地先",
    "right_type": "第一種区画漁業",
    "fishery": "藻類養殖業・貝類等垂下式養殖業",
    "season": "9月1日から翌年5月31日まで1月1日から12月31日まで",
    "term": "令和5年9月1日から令和10年8月31日まで",
    "districts": "本吉郡南三陸町志津川",
    "conditions": "イ及びウの点に夜間識別可能な標識を設置しなければならない。（光達距離３キロメートル以上）",
    "n_vertices": 4,
    "missing_vertices": null,
    "shoreline_bounded": false,
    "valid": true,
    "invalid_reason": null,
    "area_ha": 39.3,
    "source_page": 14
   },
   "geometry": {
    "type": "Polygon",
    "coordinates": [
     [
      [
       141.5333333,
       38.6685
      ],
      [
       141.533,
       38.6666667
      ],
      [
       141.515,
       38.6641667
      ],
      [
       141.5148333,
       38.6668333
      ],
      [
       141.5333333,
       38.6685
      ]
     ]
    ]
   }
  },
  {
   "type": "Feature",
   "id": "区第1512号",
   "properties": {
    "right_no": "区第1512号",
    "holder": "宮城県漁業協同組合",
    "location": "本吉郡南三陸町志津川野島地先",
    "right_type": "第一種区画漁業",
    "fishery": "貝類等垂下式養殖業",
    "season": "1月1日から12月31日まで",
    "term": "令和5年9月1日から令和10年8月31日まで",
    "districts": "本吉郡南三陸町志津川",
    "conditions": "",
    "n_vertices": 4,
    "missing_vertices": null,
    "shoreline_bounded": false,
    "valid": true,
    "invalid_reason": null,
    "area_ha": 1.29,
    "source_page": 14
   },
   "geometry": {
    "type": "Polygon",
    "coordinates": [
     [
      [
       141.4916667,
       38.6746667
      ],
      [
       141.4916667,
       38.6735
      ],
      [
       141.4905,
       38.6736667
      ],
      [
       141.4903333,
       38.6746667
      ],
      [
       141.4916667,
       38.6746667
      ]
     ]
    ]
   }
  },
  {
   "type": "Feature",
   "id": "区第1513号",
   "properties": {
    "right_no": "区第1513号",
    "holder": "宮城県漁業協同組合",
    "location": "本吉郡南三陸町志津川野島地先",
    "right_type": "第一種区画漁業",
    "fishery": "藻類養殖業",
    "season": "1月1日から12月31日まで",
    "term": "令和5年9月1日から令和10年8月31日まで",
    "districts": "本吉郡南三陸町志津川",
    "conditions": "",
    "n_vertices": 4,
    "missing_vertices": null,
    "shoreline_bounded": false,
    "valid": true,
    "invalid_reason": null,
    "area_ha": 8.49,
    "source_page": 15
   },
   "geometry": {
    "type": "Polygon",
    "coordinates": [
     [
      [
       141.4841667,
       38.6738333
      ],
      [
       141.4878333,
       38.6743333
      ],
      [
       141.4881667,
       38.6718333
      ],
      [
       141.4846667,
       38.6715
      ],
      [
       141.4841667,
       38.6738333
      ]
     ]
    ]
   }
  },
  {
   "type": "Feature",
   "id": "区第1514号",
   "properties": {
    "right_no": "区第1514号",
    "holder": "宮城県漁業協同組合",
    "location": "本吉郡南三陸町志津川袖浜地先",
    "right_type": "第一種区画漁業",
    "fishery": "藻類養殖業・貝類等垂下式養殖業",
    "season": "9月1日から翌年5月31日まで1月1日から12月31日まで",
    "term": "令和5年9月1日から令和10年8月31日まで",
    "districts": "本吉郡南三陸町志津川",
    "conditions": "",
    "n_vertices": 4,
    "missing_vertices": null,
    "shoreline_bounded": false,
    "valid": true,
    "invalid_reason": null,
    "area_ha": 54.31,
    "source_page": 15
   },
   "geometry": {
    "type": "Polygon",
    "coordinates": [
     [
      [
       141.4763333,
       38.6756667
      ],
      [
       141.4783333,
       38.6698333
      ],
      [
       141.4656667,
       38.6661667
      ],
      [
       141.4655,
       38.669
      ],
      [
       141.4763333,
       38.6756667
      ]
     ]
    ]
   }
  },
  {
   "type": "Feature",
   "id": "区第1515号",
   "properties": {
    "right_no": "区第1515号",
    "holder": "宮城県漁業協同組合",
    "location": "本吉郡南三陸町志津川袖浜地先",
    "right_type": "第一種区画漁業",
    "fishery": "藻類養殖業・貝類等垂下式養殖業",
    "season": "1月1日から12月31日まで1月1日から12月31日まで",
    "term": "令和5年9月1日から令和10年8月31日まで",
    "districts": "本吉郡南三陸町志津川",
    "conditions": "イ、オ及びカの点に夜間識別可能な赤色の標識を設置しなければならない。（光達距離3キロメートル以上）",
    "n_vertices": 7,
    "missing_vertices": null,
    "shoreline_bounded": false,
    "valid": true,
    "invalid_reason": null,
    "area_ha": 114.66,
    "source_page": 15
   },
   "geometry": {
    "type": "Polygon",
    "coordinates": [
     [
      [
       141.4786667,
       38.669
      ],
      [
       141.483,
       38.6595
      ],
      [
       141.4758333,
       38.6591667
      ],
      [
       141.4748333,
       38.6613333
      ],
      [
       141.4703333,
       38.66
      ],
      [
       141.4626667,
       38.6626667
      ],
      [
       141.4621667,
       38.6645
      ],
      [
       141.4786667,
       38.669
      ]
     ]
    ]
   }
  },
  {
   "type": "Feature",
   "id": "区第1516号",
   "properties": {
    "right_no": "区第1516号",
    "holder": "宮城県漁業協同組合",
    "location": "本吉郡南三陸町志津川袖浜地先",
    "right_type": "第一種区画漁業",
    "fishery": "小割式魚類養殖業",
    "season": "1月1日から12月31日まで",
    "term": "令和5年9月1日から令和10年8月31日まで",
    "districts": "本吉郡南三陸町志津川",
    "conditions": "エの点に夜間識別可能な赤色の標識を設置しなければならない。（光達距離３キロメートル以上）",
    "n_vertices": 4,
    "missing_vertices": null,
    "shoreline_bounded": false,
    "valid": true,
    "invalid_reason": null,
    "area_ha": 6.77,
    "source_page": 15
   },
   "geometry": {
    "type": "Polygon",
    "coordinates": [
     [
      [
       141.4703333,
       38.66
      ],
      [
       141.4748333,
       38.6613333
      ],
      [
       141.4758333,
       38.6591667
      ],
      [
       141.4733333,
       38.659
      ],
      [
       141.4703333,
       38.66
      ]
     ]
    ]
   }
  },
  {
   "type": "Feature",
   "id": "区第1517号",
   "properties": {
    "right_no": "区第1517号",
    "holder": "宮城県漁業協同組合",
    "location": "本吉郡南三陸町志津川大森地先",
    "right_type": "第一種区画漁業",
    "fishery": "藻類養殖業・貝類等垂下式養殖業",
    "season": "1月1日から12月31日まで1月1日から12月31日まで",
    "term": "令和5年9月1日から令和10年8月31日まで",
    "districts": "本吉郡南三陸町志津川",
    "conditions": "エ及びオの点に夜間識別可能な赤色の標識を設置しなければならない。（光達距離３キロメートル以上）",
    "n_vertices": 5,
    "missing_vertices": null,
    "shoreline_bounded": false,
    "valid": true,
    "invalid_reason": null,
    "area_ha": 18.26,
    "source_page": 15
   },
   "geometry": {
    "type": "Polygon",
    "coordinates": [
     [
      [
       141.4606667,
       38.6696667
      ],
      [
       141.4611667,
       38.6685
      ],
      [
       141.46,
       38.6663333
      ],
      [
       141.4573333,
       38.6655
      ],
      [
       141.454,
       38.6695
      ],
      [
       141.4606667,
       38.6696667
      ]
     ]
    ]
   }
  },
  {
   "type": "Feature",
   "id": "区第1518号",
   "properties": {
    "right_no": "区第1518号",
    "holder": "宮城県漁業協同組合",
    "location": "本吉郡南三陸町志津川林地先",
    "right_type": "第一種区画漁業",
    "fishery": "藻類養殖業・貝類等垂下式養殖業",
    "season": "1月1日から12月31日まで1月1日から12月31日まで",
    "term": "令和5年9月1日から令和10年8月31日まで",
    "districts": "本吉郡南三陸町志津川",
    "conditions": "イ、エ及びクの点に夜間識別可能な緑色の標識を設置しなければらない。（光達距離3キロメートル以上）セ及びソの点に夜間識別可能な標識を設置しなければならない。（光達距離3キロメートル以上）",
    "n_vertices": 16,
    "missing_vertices": null,
    "shoreline_bounded": false,
    "valid": true,
    "invalid_reason": null,
    "area_ha": 111.86,
    "source_page": 15
   },
   "geometry": {
    "type": "Polygon",
    "coordinates": [
     [
      [
       141.4471667,
       38.6676667
      ],
      [
       141.4513333,
       38.6681667
      ],
      [
       141.4543333,
       38.6645
      ],
      [
       141.4581667,
       38.6625
      ],
      [
       141.4586667,
       38.658
      ],
      [
       141.4616667,
       38.6583333
      ],
      [
       141.4613333,
       38.6606667
      ],
      [
       141.4665,
       38.6578333
      ],
      [
       141.4668333,
       38.6563333
      ],
      [
       141.4518333,
       38.6543333
      ],
      [
       141.4516667,
       38.6558333
      ],
      [
       141.4538333,
       38.6561667
      ],
      [
       141.4536667,
       38.6583333
      ],
      [
       141.4511667,
       38.6581667
      ],
      [
       141.451,
       38.6593333
      ],
      [
       141.4493333,
       38.6591667
      ],
      [
       141.4471667,
       38.6676667
      ]
     ]
    ]
   }
  },
  {
   "type": "Feature",
   "id": "区第1519号",
   "properties": {
    "right_no": "区第1519号",
    "holder": "宮城県漁業協同組合",
    "location": "本吉郡南三陸町志津川林地先",
    "right_type": "第一種区画漁業",
    "fishery": "小割式魚類養殖業",
    "season": "1月1日から12月31日まで",
    "term": "令和5年9月1日から令和10年8月31日まで",
    "districts": "本吉郡南三陸町志津川",
    "conditions": "",
    "n_vertices": 4,
    "missing_vertices": null,
    "shoreline_bounded": false,
    "valid": true,
    "invalid_reason": null,
    "area_ha": 9.82,
    "source_page": 15
   },
   "geometry": {
    "type": "Polygon",
    "coordinates": [
     [
      [
       141.4581667,
       38.6625
      ],
      [
       141.4613333,
       38.6606667
      ],
      [
       141.4616667,
       38.6583333
      ],
      [
       141.4586667,
       38.658
      ],
      [
       141.4581667,
       38.6625
      ]
     ]
    ]
   }
  },
  {
   "type": "Feature",
   "id": "区第1520号",
   "properties": {
    "right_no": "区第1520号",
    "holder": "宮城県漁業協同組合",
    "location": "本吉郡南三陸町戸倉小涼、波伝谷地先",
    "right_type": "第一種区画漁業",
    "fishery": "藻類養殖業・貝類等垂下式養殖業",
    "season": "1月1日から12月31日まで1月1日から12月31日まで",
    "term": "令和5年9月1日から令和10年8月31日まで",
    "districts": "本吉郡南三陸町戸倉",
    "conditions": "イ、オ、キ及びクの点に夜間識別可能な標識を設置しなければならない。",
    "n_vertices": 10,
    "missing_vertices": null,
    "shoreline_bounded": false,
    "valid": true,
    "invalid_reason": null,
    "area_ha": 200.61,
    "source_page": 16
   },
   "geometry": {
    "type": "Polygon",
    "coordinates": [
     [
      [
       141.447,
       38.6526667
      ],
      [
       141.4625,
       38.6548333
      ],
      [
       141.4633333,
       38.6528333
      ],
      [
       141.4778333,
       38.6551667
      ],
      [
       141.4783333,
       38.6481667
      ],
      [
       141.4641667,
       38.6506667
      ],
      [
       141.4623333,
       38.6505
      ],
      [
       141.4558333,
       38.6443333
      ],
      [
       141.4448333,
       38.6445
      ],
      [
       141.4436667,
       38.6458333
      ],
      [
       141.447,
       38.6526667
      ]
     ]
    ]
   }
  },
  {
   "type": "Feature",
   "id": "区第1521号",
   "properties": {
    "right_no": "区第1521号",
    "holder": "宮城県漁業協同組合",
    "location": "本吉郡南三陸町戸倉波伝谷地先",
    "right_type": "第一種区画漁業",
    "fishery": "小割式魚類養殖業",
    "season": "1月1日から12月31日まで",
    "term": "令和5年9月1日から令和10年8月31日まで",
    "districts": "本吉郡南三陸町戸倉",
    "conditions": "ウの点に夜間識別可能な標識を設置しなければならない。（光達距離３キロメートル以上）",
    "n_vertices": 5,
    "missing_vertices": null,
    "shoreline_bounded": false,
    "valid": true,
    "invalid_reason": null,
    "area_ha": 25.31,
    "source_page": 16
   },
   "geometry": {
    "type": "Polygon",
    "coordinates": [
     [
      [
       141.4633333,
       38.6528333
      ],
      [
       141.4625,
       38.6548333
      ],
      [
       141.4663333,
       38.6553333
      ],
      [
       141.4778333,
       38.6565
      ],
      [
       141.4778333,
       38.6551667
      ],
      [
       141.4633333,
       38.6528333
      ]
     ]
    ]
   }
  },
  {
   "type": "Feature",
   "id": "区第1522号",
   "properties": {
    "right_no": "区第1522号",
    "holder": "宮城県漁業協同組合",
    "location": "本吉郡南三陸町戸倉波伝谷地先",
    "right_type": "第一種区画漁業",
    "fishery": "藻類養殖業",
    "season": "9月1日から翌年5月31日まで",
    "term": "令和5年9月1日から令和10年8月31日まで",
    "districts": "本吉郡南三陸町戸倉",
    "conditions": "",
    "n_vertices": 6,
    "missing_vertices": null,
    "shoreline_bounded": false,
    "valid": true,
    "invalid_reason": null,
    "area_ha": 14.1,
    "source_page": 16
   },
   "geometry": {
    "type": "Polygon",
    "coordinates": [
     [
      [
       141.4683333,
       38.649
      ],
      [
       141.4745,
       38.6468333
      ],
      [
       141.4745,
       38.6451667
      ],
      [
       141.4723333,
       38.6453333
      ],
      [
       141.4696667,
       38.646
      ],
      [
       141.4676667,
       38.647
      ],
      [
       141.4683333,
       38.649
      ]
     ]
    ]
   }
  },
  {
   "type": "Feature",
   "id": "区第1523号",
   "properties": {
    "right_no": "区第1523号",
    "holder": "宮城県漁業協同組合",
    "location": "本吉郡南三陸町戸倉椿島地先",
    "right_type": "第一種区画漁業",
    "fishery": "貝類等垂下式養殖業",
    "season": "1月1日から12月31日まで",
    "term": "令和5年9月1日から令和10年8月31日まで",
    "districts": "本吉郡南三陸町戸倉",
    "conditions": "アの点に夜間識別可能な緑色の標識を設置しなければならない。（光達距離３キロメートル以上）",
    "n_vertices": 7,
    "missing_vertices": null,
    "shoreline_bounded": false,
    "valid": true,
    "invalid_reason": null,
    "area_ha": 63.79,
    "source_page": 16
   },
   "geometry": {
    "type": "Polygon",
    "coordinates": [
     [
      [
       141.479,
       38.6566667
      ],
      [
       141.483,
       38.657
      ],
      [
       141.491,
       38.6566667
      ],
      [
       141.491,
       38.654
      ],
      [
       141.486,
       38.6541667
      ],
      [
       141.4846667,
       38.6473333
      ],
      [
       141.481,
       38.6473333
      ],
      [
       141.479,
       38.6566667
      ]
     ]
    ]
   }
  },
  {
   "type": "Feature",
   "id": "区第1524号",
   "properties": {
    "right_no": "区第1524号",
    "holder": "宮城県漁業協同組合",
    "location": "本吉郡南三陸町戸倉波伝谷地先",
    "right_type": "第一種区画漁業",
    "fishery": "藻類養殖業",
    "season": "1月1日から12月31日まで",
    "term": "令和5年9月1日から令和10年8月31日まで",
    "districts": "本吉郡南三陸町戸倉",
    "conditions": "",
    "n_vertices": 7,
    "missing_vertices": null,
    "shoreline_bounded": false,
    "valid": true,
    "invalid_reason": null,
    "area_ha": 22.03,
    "source_page": 16
   },
   "geometry": {
    "type": "Polygon",
    "coordinates": [
     [
      [
       141.4786667,
       38.6473333
      ],
      [
       141.4811667,
       38.6465
      ],
      [
       141.4835,
       38.647
      ],
      [
       141.488,
       38.6468333
      ],
      [
       141.4858333,
       38.6436667
      ],
      [
       141.4828333,
       38.6438333
      ],
      [
       141.478,
       38.6456667
      ],
      [
       141.4786667,
       38.6473333
      ]
     ]
    ]
   }
  },
  {
   "type": "Feature",
   "id": "区第1525号",
   "properties": {
    "right_no": "区第1525号",
    "holder": "宮城県漁業協同組合",
    "location": "本吉郡南三陸町戸倉滝浜地先",
    "right_type": "第一種区画漁業",
    "fishery": "藻類養殖業・貝類等垂下式養殖業",
    "season": "1月1日から12月31日まで1月1日から12月31日まで",
    "term": "令和5年9月1日から令和10年8月31日まで",
    "districts": "本吉郡南三陸町戸倉",
    "conditions": "ア、イ及びケの点に夜間識別可能な標識を設置しなければならない。（ア、イの点のみ光達距離３キロメートル以上）",
    "n_vertices": 9,
    "missing_vertices": null,
    "shoreline_bounded": false,
    "valid": true,
    "invalid_reason": null,
    "area_ha": 122.16,
    "source_page": 16
   },
   "geometry": {
    "type": "Polygon",
    "coordinates": [
     [
      [
       141.5003333,
       38.6548333
      ],
      [
       141.5061667,
       38.6535
      ],
      [
       141.5016667,
       38.6415
      ],
      [
       141.4973333,
       38.6426667
      ],
      [
       141.4981667,
       38.6451667
      ],
      [
       141.4948333,
       38.646
      ],
      [
       141.494,
       38.644
      ],
      [
       141.4876667,
       38.646
      ],
      [
       141.4888333,
       38.6478333
      ],
      [
       141.5003333,
       38.6548333
      ]
     ]
    ]
   }
  },
  {
   "type": "Feature",
   "id": "区第1526号",
   "properties": {
    "right_no": "区第1526号",
    "holder": "宮城県漁業協同組合",
    "location": "本吉郡南三陸町戸倉長清水地先",
    "right_type": "第一種区画漁業",
    "fishery": "藻類養殖業・貝類等垂下式養殖業",
    "season": "9月1日から翌年5月31日まで1月1日から12月31日まで",
    "term": "令和5年9月1日から令和10年8月31日まで",
    "districts": "本吉郡南三陸町戸倉",
    "conditions": "ア、イ、ウ、エ、オ、カ及びクの点に夜間識別可能な標識を設置しなければならない。（ア、ウ、エ、オのみ光達距離３キロメートル以上）",
    "n_vertices": 8,
    "missing_vertices": null,
    "shoreline_bounded": false,
    "valid": true,
    "invalid_reason": null,
    "area_ha": 138.11,
    "source_page": 17
   },
   "geometry": {
    "type": "Polygon",
    "coordinates": [
     [
      [
       141.5013333,
       38.6601667
      ],
      [
       141.5048333,
       38.6605
      ],
      [
       141.5178333,
       38.6625
      ],
      [
       141.5328333,
       38.6646667
      ],
      [
       141.5315,
       38.6576667
      ],
      [
       141.5178333,
       38.6576667
      ],
      [
       141.5041667,
       38.6575
      ],
      [
       141.5015,
       38.6581667
      ],
      [
       141.5013333,
       38.6601667
      ]
     ]
    ]
   }
  },
  {
   "type": "Feature",
   "id": "区第1527号",
   "properties": {
    "right_no": "区第1527号",
    "holder": "宮城県漁業協同組合",
    "location": "本吉郡南三陸町戸倉長清水地先",
    "right_type": "第一種区画漁業",
    "fishery": "藻類養殖業・貝類等垂下式養殖業",
    "season": "1月1日から12月31日まで1月1日から12月31日まで",
    "term": "令和5年9月1日から令和10年8月31日まで",
    "districts": "本吉郡南三陸町戸倉",
    "conditions": "ア及びイの点に夜間識別可能な標識を設置しなければならない。（光達距離３キロメートル以上）",
    "n_vertices": 5,
    "missing_vertices": null,
    "shoreline_bounded": false,
    "valid": true,
    "invalid_reason": null,
    "area_ha": 67.49,
    "source_page": 17
   },
   "geometry": {
    "type": "Polygon",
    "coordinates": [
     [
      [
       141.5106667,
       38.6521667
      ],
      [
       141.514,
       38.6513333
      ],
      [
       141.5141667,
       38.6426667
      ],
      [
       141.5118333,
       38.639
      ],
      [
       141.5058333,
       38.641
      ],
      [
       141.5106667,
       38.6521667
      ]
     ]
    ]
   }
  },
  {
   "type": "Feature",
   "id": "区第1528号",
   "properties": {
    "right_no": "区第1528号",
    "holder": "宮城県漁業協同組合",
    "location": "本吉郡南三陸町戸倉寺浜地先",
    "right_type": "第一種区画漁業",
    "fishery": "藻類養殖業・貝類等垂下式養殖業",
    "season": "1月1日から12月31日まで1月1日から12月31日まで",
    "term": "令和5年9月1日から令和10年8月31日まで",
    "districts": "本吉郡南三陸町戸倉",
    "conditions": "ア、イ、ウ及びエの点に夜間識別可能な標識を設置しなければならない。（光達距離３キロメートル以上）",
    "n_vertices": 11,
    "missing_vertices": null,
    "shoreline_bounded": false,
    "valid": true,
    "invalid_reason": null,
    "area_ha": 309.82,
    "source_page": 17
   },
   "geometry": {
    "type": "Polygon",
    "coordinates": [
     [
      [
       141.5193333,
       38.6525
      ],
      [
       141.5273333,
       38.6523333
      ],
      [
       141.5445,
       38.6498333
      ],
      [
       141.5488333,
       38.6461667
      ],
      [
       141.5481667,
       38.6376667
      ],
      [
       141.5265,
       38.6411667
      ],
      [
       141.5251667,
       38.6383333
      ],
      [
       141.5221667,
       38.639
      ],
      [
       141.5233333,
       38.6411667
      ],
      [
       141.5231667,
       38.6448333
      ],
      [
       141.519,
       38.6448333
      ],
      [
       141.5193333,
       38.6525
      ]
     ]
    ]
   }
  },
  {
   "type": "Feature",
   "id": "区第1529号",
   "properties": {
    "right_no": "区第1529号",
    "holder": "宮城県漁業協同組合",
    "location": "本吉郡南三陸町戸倉神割崎地先",
    "right_type": "第一種区画漁業",
    "fishery": "藻類養殖業",
    "season": "1月1日から12月31日まで",
    "term": "令和5年9月1日から令和10年8月31日まで",
    "districts": "本吉郡南三陸町戸倉",
    "conditions": "イ、ウ及びエの点に夜間識別可能な標識を設置しなければならない。（光達距離３キロメートル以上）",
    "n_vertices": 7,
    "missing_vertices": null,
    "shoreline_bounded": false,
    "valid": true,
    "invalid_reason": null,
    "area_ha": 246.31,
    "source_page": 17
   },
   "geometry": {
    "type": "Polygon",
    "coordinates": [
     [
      [
       141.5378333,
       38.6371667
      ],
      [
       141.5648333,
       38.632
      ],
      [
       141.5706667,
       38.627
      ],
      [
       141.569,
       38.6228333
      ],
      [
       141.5395,
       38.6286667
      ],
      [
       141.5393333,
       38.63
      ],
      [
       141.5371667,
       38.6313333
      ],
      [
       141.5378333,
       38.6371667
      ]
     ]
    ]
   }
  },
  {
   "type": "Feature",
   "id": "区第1530号",
   "properties": {
    "right_no": "区第1530号",
    "holder": "宮城県漁業協同組合",
    "location": "本吉郡南三陸町戸倉寺浜地先",
    "right_type": "第一種区画漁業",
    "fishery": "藻類養殖業・貝類等垂下式養殖業",
    "season": "9月1日から翌年5月31日まで1月1日から12月31日まで",
    "term": "令和5年9月1日から令和10年8月31日まで",
    "districts": "本吉郡南三陸町歌津、志津川、戸倉",
    "conditions": "ア、イ、ウ、エ及びオの位置に夜間識別可能な標識を設置しなければならない。（ア、イ、ウのみ光達距離３キロメートル以上）",
    "n_vertices": 5,
    "missing_vertices": null,
    "shoreline_bounded": false,
    "valid": true,
    "invalid_reason": null,
    "area_ha": 137.49,
    "source_page": 17
   },
   "geometry": {
    "type": "Polygon",
    "coordinates": [
     [
      [
       141.5588333,
       38.6621667
      ],
      [
       141.5583333,
       38.6578333
      ],
      [
       141.545,
       38.6578333
      ],
      [
       141.5326667,
       38.6576667
      ],
      [
       141.534,
       38.6646667
      ],
      [
       141.5588333,
       38.6621667
      ]
     ]
    ]
   }
  },
  {
   "type": "Feature",
   "id": "区第1531号",
   "properties": {
    "right_no": "区第1531号",
    "holder": "宮城県漁業協同組合",
    "location": "本吉郡南三陸町野島地先",
    "right_type": "第一種区画漁業",
    "fishery": "藻類養殖業・貝類等垂下式養殖業",
    "season": "9月1日から翌年5月31日まで1月1日から12月31日まで",
    "term": "令和5年9月1日から令和10年8月31日まで",
    "districts": "本吉郡南三陸町歌津、志津川、戸倉",
    "conditions": "ア、イ、ウ、エ、オ及びカの点に夜間識別可能な標識を設置しなければならない。（ア、イのみ光達距離３キロメートル以上）",
    "n_vertices": 6,
    "missing_vertices": null,
    "shoreline_bounded": false,
    "valid": true,
    "invalid_reason": null,
    "area_ha": 212.43,
    "source_page": 17
   },
   "geometry": {
    "type": "Polygon",
    "coordinates": [
     [
      [
       141.5743333,
       38.6661667
      ],
      [
       141.5685,
       38.6625
      ],
      [
       141.5515,
       38.6645
      ],
      [
       141.5343333,
       38.6665
      ],
      [
       141.5356667,
       38.6738333
      ],
      [
       141.555,
       38.67
      ],
      [
       141.5743333,
       38.6661667
      ]
     ]
    ]
   }
  },
  {
   "type": "Feature",
   "id": "区第2101号",
   "properties": {
    "right_no": "区第2101号",
    "holder": "宮城県漁業協同組合",
    "location": "石巻市北上町十三浜字小滝地先",
    "right_type": "第一種区画漁業",
    "fishery": "藻類養殖業",
    "season": "1月1日から12月31日まで",
    "term": "令和5年9月1日から令和10年8月31日まで",
    "districts": "石巻市北上町十三浜",
    "conditions": "",
    "n_vertices": 4,
    "missing_vertices": null,
    "shoreline_bounded": false,
    "valid": true,
    "invalid_reason": null,
    "area_ha": 35.74,
    "source_page": 17
   },
   "geometry": {
    "type": "Polygon",
    "coordinates": [
     [
      [
       141.539,
       38.6253333
      ],
      [
       141.5328333,
       38.6156667
      ],
      [
       141.5295,
       38.6163333
      ],
      [
       141.5358333,
       38.6263333
      ],
      [
       141.539,
       38.6253333
      ]
     ]
    ]
   }
  },
  {
   "type": "Feature",
   "id": "区第2102号",
   "properties": {
    "right_no": "区第2102号",
    "holder": "宮城県漁業協同組合",
    "location": "石巻市北上町十三浜字小滝地先",
    "right_type": "第一種区画漁業",
    "fishery": "藻類養殖業・貝類等垂下式養殖業",
    "season": "1月1日から12月31日まで1月1日から12月31日まで",
    "term": "令和5年9月1日から令和10年8月31日まで",
    "districts": "石巻市北上町十三浜",
    "conditions": "ア及びイの点に夜間識別可能な標識を設置しなければならない。（アのみ光達距離３キロメートル以上）",
    "n_vertices": 8,
    "missing_vertices": null,
    "shoreline_bounded": false,
    "valid": true,
    "invalid_reason": null,
    "area_ha": 405.38,
    "source_page": 18
   },
   "geometry": {
    "type": "Polygon",
    "coordinates": [
     [
      [
       141.5685,
       38.6221667
      ],
      [
       141.5603333,
       38.6025
      ],
      [
       141.5515,
       38.6066667
      ],
      [
       141.5548333,
       38.6095
      ],
      [
       141.5426667,
       38.6171667
      ],
      [
       141.5396667,
       38.6126667
      ],
      [
       141.5345,
       38.6151667
      ],
      [
       141.5421667,
       38.6273333
      ],
      [
       141.5685,
       38.6221667
      ]
     ]
    ]
   }
  },
  {
   "type": "Feature",
   "id": "区第2103号",
   "properties": {
    "right_no": "区第2103号",
    "holder": "宮城県漁業協同組合",
    "location": "石巻市北上町十三浜字大指地先",
    "right_type": "第一種区画漁業",
    "fishery": "藻類養殖業・貝類等垂下式養殖業",
    "season": "1月1日から12月31日まで1月1日から12月31日まで",
    "term": "令和5年9月1日から令和10年8月31日まで",
    "districts": "石巻市北上町十三浜",
    "conditions": "ア及びイの点に夜間識別可能な標識を設置しなければならない。（光達距離３キロメートル以上）",
    "n_vertices": 8,
    "missing_vertices": null,
    "shoreline_bounded": false,
    "valid": true,
    "invalid_reason": null,
    "area_ha": 293.42,
    "source_page": 18
   },
   "geometry": {
    "type": "Polygon",
    "coordinates": [
     [
      [
       141.5593333,
       38.6015
      ],
      [
       141.548,
       38.5913333
      ],
      [
       141.5246667,
       38.6075
      ],
      [
       141.5311667,
       38.6148333
      ],
      [
       141.5353333,
       38.612
      ],
      [
       141.534,
       38.6073333
      ],
      [
       141.5381667,
       38.6051667
      ],
      [
       141.5438333,
       38.6078333
      ],
      [
       141.5593333,
       38.6015
      ]
     ]
    ]
   }
  },
  {
   "type": "Feature",
   "id": "区第2104号",
   "properties": {
    "right_no": "区第2104号",
    "holder": "宮城県漁業協同組合",
    "location": "石巻市北上町十三浜字小指地先",
    "right_type": "第一種区画漁業",
    "fishery": "藻類養殖業・貝類等垂下式養殖業",
    "season": "1月1日から12月31日まで1月1日から12月31日まで",
    "term": "令和5年9月1日から令和10年8月31日まで",
    "districts": "石巻市北上町十三浜",
    "conditions": "",
    "n_vertices": 4,
    "missing_vertices": null,
    "shoreline_bounded": false,
    "valid": true,
    "invalid_reason": null,
    "area_ha": 205.93,
    "source_page": 18
   },
   "geometry": {
    "type": "Polygon",
    "coordinates": [
     [
      [
       141.5458333,
       38.5903333
      ],
      [
       141.5371667,
       38.5863333
      ],
      [
       141.5163333,
       38.6015
      ],
      [
       141.5226667,
       38.6063333
      ],
      [
       141.5458333,
       38.5903333
      ]
     ]
    ]
   }
  },
  {
   "type": "Feature",
   "id": "区第2105号",
   "properties": {
    "right_no": "区第2105号",
    "holder": "宮城県漁業協同組合",
    "location": "石巻市北上町十三浜字小指地先",
    "right_type": "第一種区画漁業",
    "fishery": "藻類養殖業・貝類等垂下式養殖業",
    "season": "1月1日から12月31日まで1月1日から12月31日まで",
    "term": "令和5年9月1日から令和10年8月31日まで",
    "districts": "石巻市北上町十三浜",
    "conditions": "アの点に夜間識別可能な標識を設置しなければならない。",
    "n_vertices": 4,
    "missing_vertices": null,
    "shoreline_bounded": false,
    "valid": true,
    "invalid_reason": null,
    "area_ha": 174.02,
    "source_page": 18
   },
   "geometry": {
    "type": "Polygon",
    "coordinates": [
     [
      [
       141.5356667,
       38.5855
      ],
      [
       141.528,
       38.5818333
      ],
      [
       141.509,
       38.5958333
      ],
      [
       141.5148333,
       38.6005
      ],
      [
       141.5356667,
       38.5855
      ]
     ]
    ]
   }
  },
  {
   "type": "Feature",
   "id": "区第2106号",
   "properties": {
    "right_no": "区第2106号",
    "holder": "宮城県漁業協同組合",
    "location": "石巻市北上町十三浜字相川地先",
    "right_type": "第一種区画漁業",
    "fishery": "藻類養殖業・貝類等垂下式養殖業",
    "season": "1月1日から12月31日まで1月1日から12月31日まで",
    "term": "令和5年9月1日から令和10年8月31日まで",
    "districts": "石巻市北上町十三浜",
    "conditions": "",
    "n_vertices": 4,
    "missing_vertices": null,
    "shoreline_bounded": false,
    "valid": true,
    "invalid_reason": null,
    "area_ha": 2.66,
    "source_page": 18
   },
   "geometry": {
    "type": "Polygon",
    "coordinates": [
     [
      [
       141.5081667,
       38.5995
      ],
      [
       141.5075,
       38.599
      ],
      [
       141.5043333,
       38.6015
      ],
      [
       141.5048333,
       38.6018333
      ],
      [
       141.5081667,
       38.5995
      ]
     ]
    ]
   }
  },
  {
   "type": "Feature",
   "id": "区第2107号",
   "properties": {
    "right_no": "区第2107号",
    "holder": "宮城県漁業協同組合",
    "location": "石巻市北上町十三浜字小泊地先",
    "right_type": "第一種区画漁業",
    "fishery": "藻類養殖業・貝類等垂下式養殖業",
    "season": "1月1日から12月31日まで1月1日から12月31日まで",
    "term": "令和5年9月1日から令和10年8月31日まで",
    "districts": "石巻市北上町十三浜",
    "conditions": "",
    "n_vertices": 4,
    "missing_vertices": null,
    "shoreline_bounded": false,
    "valid": true,
    "invalid_reason": null,
    "area_ha": 5.97,
    "source_page": 18
   },
   "geometry": {
    "type": "Polygon",
    "coordinates": [
     [
      [
       141.5063333,
       38.5968333
      ],
      [
       141.5048333,
       38.5961667
      ],
      [
       141.5026667,
       38.6003333
      ],
      [
       141.5036667,
       38.6006667
      ],
      [
       141.5063333,
       38.5968333
      ]
     ]
    ]
   }
  },
  {
   "type": "Feature",
   "id": "区第2108号",
   "properties": {
    "right_no": "区第2108号",
    "holder": "宮城県漁業協同組合",
    "location": "石巻市北上町十三浜字小泊、大室地先",
    "right_type": "第一種区画漁業",
    "fishery": "藻類養殖業・貝類等垂下式養殖業",
    "season": "1月1日から12月31日まで1月1日から12月31日まで",
    "term": "令和5年9月1日から令和10年8月31日まで",
    "districts": "石巻市北上町十三浜",
    "conditions": "ア及びイの点に夜間識別可能な標識を設置しなければならない。（光達距離３キロメートル以上）",
    "n_vertices": 4,
    "missing_vertices": null,
    "shoreline_bounded": false,
    "valid": true,
    "invalid_reason": null,
    "area_ha": 280.99,
    "source_page": 18
   },
   "geometry": {
    "type": "Polygon",
    "coordinates": [
     [
      [
       141.5266667,
       38.5811667
      ],
      [
       141.5128333,
       38.5745
      ],
      [
       141.4968333,
       38.5865
      ],
      [
       141.5076667,
       38.595
      ],
      [
       141.5266667,
       38.5811667
      ]
     ]
    ]
   }
  },
  {
   "type": "Feature",
   "id": "区第2109号",
   "properties": {
    "right_no": "区第2109号",
    "holder": "宮城県漁業協同組合",
    "location": "石巻市北上町十三浜字小室地先",
    "right_type": "第一種区画漁業",
    "fishery": "藻類養殖業・貝類等垂下式養殖業",
    "season": "9月1日から翌年5月31日まで1月1日から12月31日まで",
    "term": "令和5年9月1日から令和10年8月31日まで",
    "districts": "石巻市北上町十三浜",
    "conditions": "ア、イ及びオの点に夜間識別可能な標識を設置しなければならない。（イのみ光達距離３キロメートル以上）",
    "n_vertices": 6,
    "missing_vertices": null,
    "shoreline_bounded": false,
    "valid": true,
    "invalid_reason": null,
    "area_ha": 115.69,
    "source_page": 18
   },
   "geometry": {
    "type": "Polygon",
    "coordinates": [
     [
      [
       141.5118333,
       38.574
      ],
      [
       141.5076667,
       38.5718333
      ],
      [
       141.5016667,
       38.5763333
      ],
      [
       141.4981667,
       38.5746667
      ],
      [
       141.4898333,
       38.5811667
      ],
      [
       141.496,
       38.586
      ],
      [
       141.5118333,
       38.574
      ]
     ]
    ]
   }
  },
  {
   "type": "Feature",
   "id": "区第2201号",
   "properties": {
    "right_no": "区第2201号",
    "holder": "宮城県漁業協同組合",
    "location": "石巻市尾崎地先",
    "right_type": "第一種区画漁業",
    "fishery": "貝類等垂下式養殖業",
    "season": "1月1日から12月31日まで",
    "term": "令和5年9月1日から令和10年8月31日まで",
    "districts": "石巻市長面、尾崎",
    "conditions": "",
    "n_vertices": 8,
    "missing_vertices": null,
    "shoreline_bounded": false,
    "valid": true,
    "invalid_reason": null,
    "area_ha": 28.52,
    "source_page": 19
   },
   "geometry": {
    "type": "Polygon",
    "coordinates": [
     [
      [
       141.467,
       38.5508333
      ],
      [
       141.4671667,
       38.545
      ],
      [
       141.4638333,
       38.5458333
      ],
      [
       141.4628333,
       38.5446667
      ],
      [
       141.4625,
       38.5518333
      ],
      [
       141.4646667,
       38.5516667
      ],
      [
       141.4641667,
       38.5528333
      ],
      [
       141.4656667,
       38.5528333
      ],
      [
       141.467,
       38.5508333
      ]
     ]
    ]
   }
  },
  {
   "type": "Feature",
   "id": "区第2202号",
   "properties": {
    "right_no": "区第2202号",
    "holder": "宮城県漁業協同組合",
    "location": "石巻市長面地先",
    "right_type": "第一種区画漁業",
    "fishery": "貝類等垂下式養殖業",
    "season": "1月1日から12月31日まで",
    "term": "令和5年9月1日から令和10年8月31日まで",
    "districts": "石巻市長面、尾崎",
    "conditions": "",
    "n_vertices": 6,
    "missing_vertices": null,
    "shoreline_bounded": false,
    "valid": true,
    "invalid_reason": null,
    "area_ha": 29.0,
    "source_page": 19
   },
   "geometry": {
    "type": "Polygon",
    "coordinates": [
     [
      [
       141.4588333,
       38.552
      ],
      [
       141.4613333,
       38.5521667
      ],
      [
       141.4616667,
       38.5441667
      ],
      [
       141.46,
       38.542
      ],
      [
       141.4568333,
       38.544
      ],
      [
       141.4583333,
       38.5458333
      ],
      [
       141.4588333,
       38.552
      ]
     ]
    ]
   }
  },
  {
   "type": "Feature",
   "id": "区第2301号",
   "properties": {
    "right_no": "区第2301号",
    "holder": "宮城県漁業協同組合",
    "location": "石巻市雄勝町名振鹿子走地先",
    "right_type": "第一種区画漁業",
    "fishery": "藻類養殖業・貝類等垂下式養殖業",
    "season": "9月1日から翌年5月31日まで1月1日から12月31日まで",
    "term": "令和5年9月1日から令和10年8月31日まで",
    "districts": "石巻市雄勝町名振",
    "conditions": "イの点に夜間識別可能な標識を設置しなければならない。",
    "n_vertices": 4,
    "missing_vertices": null,
    "shoreline_bounded": false,
    "valid": true,
    "invalid_reason": null,
    "area_ha": 9.72,
    "source_page": 19
   },
   "geometry": {
    "type": "Polygon",
    "coordinates": [
     [
      [
       141.4845,
       38.5565
      ],
      [
       141.4881667,
       38.5583333
      ],
      [
       141.4896667,
       38.5563333
      ],
      [
       141.4858333,
       38.5545
      ],
      [
       141.4845,
       38.5565
      ]
     ]
    ]
   }
  },
  {
   "type": "Feature",
   "id": "区第2302号",
   "properties": {
    "right_no": "区第2302号",
    "holder": "宮城県漁業協同組合",
    "location": "石巻市雄勝町名振横沼地先",
    "right_type": "第一種区画漁業",
    "fishery": "藻類養殖業・貝類等垂下式養殖業",
    "season": "9月1日から翌年5月31日まで1月1日から12月31日まで",
    "term": "令和5年9月1日から令和10年8月31日まで",
    "districts": "石巻市雄勝町名振",
    "conditions": "ア及びイの点に夜間識別可能な標識を設置しなければならない。",
    "n_vertices": 6,
    "missing_vertices": null,
    "shoreline_bounded": false,
    "valid": true,
    "invalid_reason": null,
    "area_ha": 113.38,
    "source_page": 19
   },
   "geometry": {
    "type": "Polygon",
    "coordinates": [
     [
      [
       141.4955,
       38.557
      ],
      [
       141.501,
       38.5558333
      ],
      [
       141.495,
       38.5386667
      ],
      [
       141.4896667,
       38.5396667
      ],
      [
       141.4893333,
       38.5425
      ],
      [
       141.4935,
       38.5545
      ],
      [
       141.4955,
       38.557
      ]
     ]
    ]
   }
  },
  {
   "type": "Feature",
   "id": "区第2303号",
   "properties": {
    "right_no": "区第2303号",
    "holder": "宮城県漁業協同組合",
    "location": "石巻市雄勝町船越地先",
    "right_type": "第一種区画漁業",
    "fishery": "貝類等垂下式養殖業",
    "season": "1月1日から12月31日まで",
    "term": "令和5年9月1日から令和10年8月31日まで",
    "districts": "石巻市雄勝町船越",
    "conditions": "",
    "n_vertices": 7,
    "missing_vertices": null,
    "shoreline_bounded": false,
    "valid": true,
    "invalid_reason": null,
    "area_ha": 10.97,
    "source_page": 19
   },
   "geometry": {
    "type": "Polygon",
    "coordinates": [
     [
      [
       141.5036667,
       38.5381667
      ],
      [
       141.5063333,
       38.5365
      ],
      [
       141.5078333,
       38.5348333
      ],
      [
       141.5068333,
       38.5338333
      ],
      [
       141.5055,
       38.5345
      ],
      [
       141.5026667,
       38.5355
      ],
      [
       141.503,
       38.5375
      ],
      [
       141.5036667,
       38.5381667
      ]
     ]
    ]
   }
  },
  {
   "type": "Feature",
   "id": "区第2304号",
   "properties": {
    "right_no": "区第2304号",
    "holder": "宮城県漁業協同組合",
    "location": "石巻市雄勝町船越地先",
    "right_type": "第一種区画漁業",
    "fishery": "藻類養殖業・貝類等垂下式養殖業",
    "season": "9月1日から翌年5月31日まで1月1日から12月31日まで",
    "term": "令和5年9月1日から令和10年8月31日まで",
    "districts": "石巻市雄勝町船越",
    "conditions": "ア及びイの点に夜間識別可能な標識を設置しなければならない。",
    "n_vertices": 5,
    "missing_vertices": null,
    "shoreline_bounded": false,
    "valid": true,
    "invalid_reason": null,
    "area_ha": 23.01,
    "source_page": 19
   },
   "geometry": {
    "type": "Polygon",
    "coordinates": [
     [
      [
       141.5053333,
       38.5401667
      ],
      [
       141.5118333,
       38.5468333
      ],
      [
       141.513,
       38.5451667
      ],
      [
       141.5113333,
       38.5413333
      ],
      [
       141.5071667,
       38.5391667
      ],
      [
       141.5053333,
       38.5401667
      ]
     ]
    ]
   }
  },
  {
   "type": "Feature",
   "id": "区第2305号",
   "properties": {
    "right_no": "区第2305号",
    "holder": "宮城県漁業協同組合",
    "location": "石巻市雄勝町船越地先",
    "right_type": "第一種区画漁業",
    "fishery": "藻類養殖業・貝類等垂下式養殖業",
    "season": "1月1日から12月31日まで1月1日から12月31日まで",
    "term": "令和5年9月1日から令和10年8月31日まで",
    "districts": "石巻市雄勝町船越",
    "conditions": "アの点に夜間識別可能な標識を設置しなければならない。",
    "n_vertices": 4,
    "missing_vertices": null,
    "shoreline_bounded": false,
    "valid": true,
    "invalid_reason": null,
    "area_ha": 31.67,
    "source_page": 19
   },
   "geometry": {
    "type": "Polygon",
    "coordinates": [
     [
      [
       141.5178333,
       38.549
      ],
      [
       141.524,
       38.5471667
      ],
      [
       141.5213333,
       38.5416667
      ],
      [
       141.5173333,
       38.5423333
      ],
      [
       141.5178333,
       38.549
      ]
     ]
    ]
   }
  },
  {
   "type": "Feature",
   "id": "区第2306号",
   "properties": {
    "right_no": "区第2306号",
    "holder": "宮城県漁業協同組合",
    "location": "石巻市雄勝町船越地先",
    "right_type": "第一種区画漁業",
    "fishery": "藻類養殖業・貝類等垂下式養殖業",
    "season": "9月1日から翌年5月31日まで1月1日から12月31日まで",
    "term": "令和5年9月1日から令和10年8月31日まで",
    "districts": "石巻市雄勝町船越",
    "conditions": "ア、イ及びウの点に夜間識別可能な標識を設置しなければならない。",
    "n_vertices": 5,
    "missing_vertices": null,
    "shoreline_bounded": false,
    "valid": true,
    "invalid_reason": null,
    "area_ha": 56.3,
    "source_page": 20
   },
   "geometry": {
    "type": "Polygon",
    "coordinates": [
     [
      [
       141.5248333,
       38.5558333
      ],
      [
       141.5278333,
       38.555
      ],
      [
       141.531,
       38.5503333
      ],
      [
       141.5235,
       38.5475
      ],
      [
       141.5181667,
       38.5493333
      ],
      [
       141.5248333,
       38.5558333
      ]
     ]
    ]
   }
  },
  {
   "type": "Feature",
   "id": "区第2307号",
   "properties": {
    "right_no": "区第2307号",
    "holder": "宮城県漁業協同組合",
    "location": "石巻市雄勝町船越荒カワウソ根地先",
    "right_type": "第一種区画漁業",
    "fishery": "藻類養殖業・貝類等垂下式養殖業",
    "season": "1月1日から12月31日まで1月1日から12月31日まで",
    "term": "令和5年9月1日から令和10年8月31日まで",
    "districts": "石巻市雄勝町大須",
    "conditions": "イ及びウの点に夜間識別可能な標識を設置しなければならない。（ウのみ光達距離３キロメートル以上）",
    "n_vertices": 4,
    "missing_vertices": null,
    "shoreline_bounded": false,
    "valid": true,
    "invalid_reason": null,
    "area_ha": 38.94,
    "source_page": 20
   },
   "geometry": {
    "type": "Polygon",
    "coordinates": [
     [
      [
       141.5408333,
       38.5355
      ],
      [
       141.5465,
       38.5415
      ],
      [
       141.5501667,
       38.5355
      ],
      [
       141.5438333,
       38.5328333
      ],
      [
       141.5408333,
       38.5355
      ]
     ]
    ]
   }
  },
  {
   "type": "Feature",
   "id": "区第2308号",
   "properties": {
    "right_no": "区第2308号",
    "holder": "宮城県漁業協同組合",
    "location": "石巻市雄勝町大須宇島大岩崎地先",
    "right_type": "第一種区画漁業",
    "fishery": "藻類養殖業・貝類等垂下式養殖業",
    "season": "1月1日から12月31日まで1月1日から12月31日まで",
    "term": "令和5年9月1日から令和10年8月31日まで",
    "districts": "石巻市雄勝町大須",
    "conditions": "イ及びウの点に夜間識別可能な標識を設置しなければならない。",
    "n_vertices": 4,
    "missing_vertices": null,
    "shoreline_bounded": false,
    "valid": true,
    "invalid_reason": null,
    "area_ha": 9.02,
    "source_page": 20
   },
   "geometry": {
    "type": "Polygon",
    "coordinates": [
     [
      [
       141.5441667,
       38.5171667
      ],
      [
       141.5476667,
       38.517
      ],
      [
       141.5475,
       38.5143333
      ],
      [
       141.544,
       38.5145
      ],
      [
       141.5441667,
       38.5171667
      ]
     ]
    ]
   }
  },
  {
   "type": "Feature",
   "id": "区第2309号",
   "properties": {
    "right_no": "区第2309号",
    "holder": "宮城県漁業協同組合",
    "location": "石巻市雄勝町熊沢ふのり浜崎地先",
    "right_type": "第一種区画漁業",
    "fishery": "藻類養殖業・貝類等垂下式養殖業",
    "season": "1月1日から12月31日まで1月1日から12月31日まで",
    "term": "令和5年9月1日から令和10年8月31日まで",
    "districts": "石巻市雄勝町熊沢",
    "conditions": "ウ及びエの点に夜間識別可能な標識を設置しなければならない。",
    "n_vertices": 6,
    "missing_vertices": null,
    "shoreline_bounded": false,
    "valid": true,
    "invalid_reason": null,
    "area_ha": 18.78,
    "source_page": 20
   },
   "geometry": {
    "type": "Polygon",
    "coordinates": [
     [
      [
       141.5401667,
       38.5093333
      ],
      [
       141.5453333,
       38.5105
      ],
      [
       141.5476667,
       38.5103333
      ],
      [
       141.5485,
       38.5078333
      ],
      [
       141.5466667,
       38.508
      ],
      [
       141.5415,
       38.5068333
      ],
      [
       141.5401667,
       38.5093333
      ]
     ]
    ]
   }
  },
  {
   "type": "Feature",
   "id": "区第2310号",
   "properties": {
    "right_no": "区第2310号",
    "holder": "宮城県漁業協同組合",
    "location": "石巻市雄勝町桑浜字羽坂崎地先",
    "right_type": "第一種区画漁業",
    "fishery": "藻類養殖業・貝類等垂下式養殖業",
    "season": "9月1日から翌年5月31日まで1月1日から12月31日まで",
    "term": "令和5年9月1日から令和10年8月31日まで",
    "districts": "石巻市雄勝町桑浜",
    "conditions": "イ及びウの点に夜間識別可能な標識を設置しなければならない。",
    "n_vertices": 4,
    "missing_vertices": null,
    "shoreline_bounded": false,
    "valid": true,
    "invalid_reason": null,
    "area_ha": 16.14,
    "source_page": 20
   },
   "geometry": {
    "type": "Polygon",
    "coordinates": [
     [
      [
       141.5391667,
       38.4938333
      ],
      [
       141.5425,
       38.4928333
      ],
      [
       141.5423333,
       38.4883333
      ],
      [
       141.539,
       38.4883333
      ],
      [
       141.5391667,
       38.4938333
      ]
     ]
    ]
   }
  },
  {
   "type": "Feature",
   "id": "区第2311号",
   "properties": {
    "right_no": "区第2311号",
    "holder": "宮城県漁業協同組合",
    "location": "石巻市雄勝町桑浜名雷崎地先",
    "right_type": "第一種区画漁業",
    "fishery": "藻類養殖業・貝類等垂下式養殖業",
    "season": "9月1日から翌年5月31日まで1月1日から12月31日まで",
    "term": "令和5年9月1日から令和10年8月31日まで",
    "districts": "石巻市雄勝町桑浜",
    "conditions": "エの点に夜間識別可能な標識を設置しなければならない。",
    "n_vertices": 4,
    "missing_vertices": null,
    "shoreline_bounded": false,
    "valid": true,
    "invalid_reason": null,
    "area_ha": 25.63,
    "source_page": 20
   },
   "geometry": {
    "type": "Polygon",
    "coordinates": [
     [
      [
       141.5196667,
       38.4876667
      ],
      [
       141.5205,
       38.489
      ],
      [
       141.5326667,
       38.4858333
      ],
      [
       141.5316667,
       38.4833333
      ],
      [
       141.5196667,
       38.4876667
      ]
     ]
    ]
   }
  },
  {
   "type": "Feature",
   "id": "区第2312号",
   "properties": {
    "right_no": "区第2312号",
    "holder": "宮城県漁業協同組合",
    "location": "石巻市雄勝町桑浜鯨崎地先",
    "right_type": "第一種区画漁業",
    "fishery": "藻類養殖業・貝類等垂下式養殖業",
    "season": "9月1日から翌年5月31日まで1月1日から12月31日まで",
    "term": "令和5年9月1日から令和10年8月31日まで",
    "districts": "石巻市雄勝町桑浜",
    "conditions": "ア、エ及びオの点に夜間識別可能な標識を設置しなければならない。",
    "n_vertices": 5,
    "missing_vertices": null,
    "shoreline_bounded": false,
    "valid": true,
    "invalid_reason": null,
    "area_ha": 9.18,
    "source_page": 20
   },
   "geometry": {
    "type": "Polygon",
    "coordinates": [
     [
      [
       141.5153333,
       38.4901667
      ],
      [
       141.5161667,
       38.4913333
      ],
      [
       141.5205,
       38.4898333
      ],
      [
       141.5191667,
       38.4878333
      ],
      [
       141.5175,
       38.4883333
      ],
      [
       141.5153333,
       38.4901667
      ]
     ]
    ]
   }
  },
  {
   "type": "Feature",
   "id": "区第2313号",
   "properties": {
    "right_no": "区第2313号",
    "holder": "宮城県漁業協同組合",
    "location": "石巻市雄勝町桑浜鯨崎地先",
    "right_type": "第一種区画漁業",
    "fishery": "藻類養殖業・貝類等垂下式養殖業",
    "season": "10月1日から翌年8月31日まで1月1日から12月31日まで",
    "term": "令和5年9月1日から令和10年8月31日まで",
    "districts": "石巻市雄勝町桑浜",
    "conditions": "",
    "n_vertices": 3,
    "missing_vertices": null,
    "shoreline_bounded": false,
    "valid": true,
    "invalid_reason": null,
    "area_ha": 7.24,
    "source_page": 20
   },
   "geometry": {
    "type": "Polygon",
    "coordinates": [
     [
      [
       141.5161667,
       38.4913333
      ],
      [
       141.5223333,
       38.4926667
      ],
      [
       141.5205,
       38.4898333
      ],
      [
       141.5161667,
       38.4913333
      ]
     ]
    ]
   }
  },
  {
   "type": "Feature",
   "id": "区第2314号",
   "properties": {
    "right_no": "区第2314号",
    "holder": "宮城県漁業協同組合",
    "location": "石巻市雄勝町立浜地先",
    "right_type": "第一種区画漁業",
    "fishery": "藻類養殖業・貝類等垂下式養殖業",
    "season": "1月1日から12月31日まで1月1日から12月31日まで",
    "term": "令和5年9月1日から令和10年8月31日まで",
    "districts": "石巻市雄勝町立浜",
    "conditions": "エの点に夜間識別可能な標識を設置しなければならない。（光達距離３キロメートル以上）",
    "n_vertices": 4,
    "missing_vertices": null,
    "shoreline_bounded": false,
    "valid": true,
    "invalid_reason": null,
    "area_ha": 3.37,
    "source_page": 21
   },
   "geometry": {
    "type": "Polygon",
    "coordinates": [
     [
      [
       141.512,
       38.4931667
      ],
      [
       141.5135,
       38.4931667
      ],
      [
       141.514,
       38.4908333
      ],
      [
       141.5125,
       38.4908333
      ],
      [
       141.512,
       38.4931667
      ]
     ]
    ]
   }
  },
  {
   "type": "Feature",
   "id": "区第2315号",
   "properties": {
    "right_no": "区第2315号",
    "holder": "宮城県漁業協同組合",
    "location": "石巻市雄勝町立浜地先",
    "right_type": "第一種区画漁業",
    "fishery": "貝類等垂下式養殖業",
    "season": "1月1日から12月31日まで",
    "term": "令和5年9月1日から令和10年8月31日まで",
    "districts": "石巻市雄勝町立浜",
    "conditions": "ア及びサの点に夜間識別可能な標識を設置しなければならない。（光達距離３キロメートル以上）",
    "n_vertices": 11,
    "missing_vertices": null,
    "shoreline_bounded": false,
    "valid": true,
    "invalid_reason": null,
    "area_ha": 56.99,
    "source_page": 21
   },
   "geometry": {
    "type": "Polygon",
    "coordinates": [
     [
      [
       141.5068333,
       38.5041667
      ],
      [
       141.513,
       38.505
      ],
      [
       141.5131667,
       38.5041667
      ],
      [
       141.5116667,
       38.5038333
      ],
      [
       141.512,
       38.5023333
      ],
      [
       141.5136667,
       38.5028333
      ],
      [
       141.5148333,
       38.496
      ],
      [
       141.5135,
       38.4956667
      ],
      [
       141.514,
       38.4943333
      ],
      [
       141.511,
       38.4938333
      ],
      [
       141.509,
       38.4956667
      ],
      [
       141.5068333,
       38.5041667
      ]
     ]
    ]
   }
  },
  {
   "type": "Feature",
   "id": "区第2316号",
   "properties": {
    "right_no": "区第2316号",
    "holder": "宮城県漁業協同組合",
    "location": "石巻市雄勝町立浜地先",
    "right_type": "第一種区画漁業",
    "fishery": "小割式魚類養殖業",
    "season": "1月1日から12月31日まで",
    "term": "令和5年9月1日から令和10年8月31日まで",
    "districts": "石巻市雄勝町立浜",
    "conditions": "アの点に夜間識別可能な標識を設置しなければならない。",
    "n_vertices": 4,
    "missing_vertices": null,
    "shoreline_bounded": false,
    "valid": true,
    "invalid_reason": null,
    "area_ha": 1.95,
    "source_page": 21
   },
   "geometry": {
    "type": "Polygon",
    "coordinates": [
     [
      [
       141.5098333,
       38.5061667
      ],
      [
       141.512,
       38.5065
      ],
      [
       141.5121667,
       38.5055
      ],
      [
       141.51,
       38.5053333
      ],
      [
       141.5098333,
       38.5061667
      ]
     ]
    ]
   }
  },
  {
   "type": "Feature",
   "id": "区第2317号",
   "properties": {
    "right_no": "区第2317号",
    "holder": "宮城県漁業協同組合",
    "location": "石巻市雄勝町立浜地先",
    "right_type": "第一種区画漁業",
    "fishery": "貝類等垂下式養殖業",
    "season": "1月1日から12月31日まで",
    "term": "令和5年9月1日から令和10年8月31日まで",
    "districts": "石巻市雄勝町立浜",
    "conditions": "",
    "n_vertices": 4,
    "missing_vertices": null,
    "shoreline_bounded": false,
    "valid": true,
    "invalid_reason": null,
    "area_ha": 4.11,
    "source_page": 21
   },
   "geometry": {
    "type": "Polygon",
    "coordinates": [
     [
      [
       141.5116667,
       38.5076667
      ],
      [
       141.5131667,
       38.509
      ],
      [
       141.5143333,
       38.5071667
      ],
      [
       141.513,
       38.5058333
      ],
      [
       141.5116667,
       38.5076667
      ]
     ]
    ]
   }
  },
  {
   "type": "Feature",
   "id": "区第2318号",
   "properties": {
    "right_no": "区第2318号",
    "holder": "宮城県漁業協同組合",
    "location": "石巻市雄勝町大浜地先",
    "right_type": "第一種区画漁業",
    "fishery": "貝類等垂下式養殖業",
    "season": "1月1日から12月31日まで",
    "term": "令和5年9月1日から令和10年8月31日まで",
    "districts": "石巻市雄勝町大浜",
    "conditions": "",
    "n_vertices": 4,
    "missing_vertices": null,
    "shoreline_bounded": false,
    "valid": true,
    "invalid_reason": null,
    "area_ha": 1.78,
    "source_page": 21
   },
   "geometry": {
    "type": "Polygon",
    "coordinates": [
     [
      [
       141.51,
       38.5106667
      ],
      [
       141.5116667,
       38.5103333
      ],
      [
       141.5115,
       38.5093333
      ],
      [
       141.5098333,
       38.5095
      ],
      [
       141.51,
       38.5106667
      ]
     ]
    ]
   }
  },
  {
   "type": "Feature",
   "id": "区第2319号",
   "properties": {
    "right_no": "区第2319号",
    "holder": "宮城県漁業協同組合",
    "location": "石巻市雄勝町大浜地先",
    "right_type": "第一種区画漁業",
    "fishery": "小割式魚類養殖業",
    "season": "1月1日から12月31日まで",
    "term": "令和5年9月1日から令和10年8月31日まで",
    "districts": "石巻市雄勝町大浜",
    "conditions": "エの点に夜間識別可能な標識を設置しなければならない。",
    "n_vertices": 4,
    "missing_vertices": null,
    "shoreline_bounded": false,
    "valid": true,
    "invalid_reason": null,
    "area_ha": 5.62,
    "source_page": 21
   },
   "geometry": {
    "type": "Polygon",
    "coordinates": [
     [
      [
       141.5068333,
       38.5056667
      ],
      [
       141.5076667,
       38.5096667
      ],
      [
       141.5085,
       38.5098333
      ],
      [
       141.509,
       38.506
      ],
      [
       141.5068333,
       38.5056667
      ]
     ]
    ]
   }
  },
  {
   "type": "Feature",
   "id": "区第2320号",
   "properties": {
    "right_no": "区第2320号",
    "holder": "宮城県漁業協同組合",
    "location": "石巻市雄勝町大浜地先",
    "right_type": "第一種区画漁業",
    "fishery": "貝類等垂下式養殖業",
    "season": "1月1日から12月31日まで",
    "term": "令和5年9月1日から令和10年8月31日まで",
    "districts": "石巻市雄勝町大浜",
    "conditions": "アの点に夜間識別可能な標識を設置しなければならない。（光達距離３キロメートル以上）",
    "n_vertices": 6,
    "missing_vertices": null,
    "shoreline_bounded": false,
    "valid": true,
    "invalid_reason": null,
    "area_ha": 13.3,
    "source_page": 21
   },
   "geometry": {
    "type": "Polygon",
    "coordinates": [
     [
      [
       141.5028333,
       38.5058333
      ],
      [
       141.5031667,
       38.507
      ],
      [
       141.5041667,
       38.508
      ],
      [
       141.5045,
       38.5096667
      ],
      [
       141.5076667,
       38.5096667
      ],
      [
       141.5068333,
       38.5056667
      ],
      [
       141.5028333,
       38.5058333
      ]
     ]
    ]
   }
  },
  {
   "type": "Feature",
   "id": "区第2321号",
   "properties": {
    "right_no": "区第2321号",
    "holder": "宮城県漁業協同組合",
    "location": "石巻市雄勝町小島地先",
    "right_type": "第一種区画漁業",
    "fishery": "藻類養殖業・貝類等垂下式養殖業",
    "season": "1月1日から12月31日まで1月1日から12月31日まで",
    "term": "令和5年9月1日から令和10年8月31日まで",
    "districts": "石巻市雄勝町小島",
    "conditions": "ア及びエの点に夜間識別可能な標識を設置しなければならない。（エのみ光達距離３キロメートル以上）",
    "n_vertices": 4,
    "missing_vertices": null,
    "shoreline_bounded": false,
    "valid": true,
    "invalid_reason": null,
    "area_ha": 9.61,
    "source_page": 21
   },
   "geometry": {
    "type": "Polygon",
    "coordinates": [
     [
      [
       141.4958333,
       38.5078333
      ],
      [
       141.4971667,
       38.5096667
      ],
      [
       141.5021667,
       38.5068333
      ],
      [
       141.5015,
       38.5058333
      ],
      [
       141.4958333,
       38.5078333
      ]
     ]
    ]
   }
  },
  {
   "type": "Feature",
   "id": "区第2322号",
   "properties": {
    "right_no": "区第2322号",
    "holder": "宮城県漁業協同組合",
    "location": "石巻市雄勝町小島地先",
    "right_type": "第一種区画漁業",
    "fishery": "貝類等垂下式養殖業",
    "season": "1月1日から12月31日まで",
    "term": "令和5年9月1日から令和10年8月31日まで",
    "districts": "石巻市雄勝町小島",
    "conditions": "",
    "n_vertices": 4,
    "missing_vertices": null,
    "shoreline_bounded": false,
    "valid": true,
    "invalid_reason": null,
    "area_ha": 1.12,
    "source_page": 21
   },
   "geometry": {
    "type": "Polygon",
    "coordinates": [
     [
      [
       141.4908333,
       38.5105
      ],
      [
       141.4915,
       38.5113333
      ],
      [
       141.4925,
       38.5108333
      ],
      [
       141.4918333,
       38.51
      ],
      [
       141.4908333,
       38.5105
      ]
     ]
    ]
   }
  },
  {
   "type": "Feature",
   "id": "区第2323号",
   "properties": {
    "right_no": "区第2323号",
    "holder": "宮城県漁業協同組合",
    "location": "石巻市雄勝町小島地先",
    "right_type": "第一種区画漁業",
    "fishery": "小割式魚類養殖業",
    "season": "1月1日から12月31日まで",
    "term": "令和5年9月1日から令和10年8月31日まで",
    "districts": "石巻市雄勝町小島",
    "conditions": "エの点に夜間識別可能な標識を設置しなければならない。",
    "n_vertices": 4,
    "missing_vertices": null,
    "shoreline_bounded": false,
    "valid": true,
    "invalid_reason": null,
    "area_ha": 1.46,
    "source_page": 22
   },
   "geometry": {
    "type": "Polygon",
    "coordinates": [
     [
      [
       141.4873333,
       38.5126667
      ],
      [
       141.4881667,
       38.5135
      ],
      [
       141.4893333,
       38.5128333
      ],
      [
       141.4883333,
       38.512
      ],
      [
       141.4873333,
       38.5126667
      ]
     ]
    ]
   }
  },
  {
   "type": "Feature",
   "id": "区第2324号",
   "properties": {
    "right_no": "区第2324号",
    "holder": "宮城県漁業協同組合",
    "location": "石巻市雄勝町小島地先",
    "right_type": "第一種区画漁業",
    "fishery": "貝類等垂下式養殖業",
    "season": "1月1日から12月31日まで",
    "term": "令和5年9月1日から令和10年8月31日まで",
    "districts": "石巻市雄勝町小島",
    "conditions": "",
    "n_vertices": 4,
    "missing_vertices": null,
    "shoreline_bounded": false,
    "valid": true,
    "invalid_reason": null,
    "area_ha": 3.4,
    "source_page": 22
   },
   "geometry": {
    "type": "Polygon",
    "coordinates": [
     [
      [
       141.4843333,
       38.5143333
      ],
      [
       141.4853333,
       38.5151667
      ],
      [
       141.4878333,
       38.5136667
      ],
      [
       141.487,
       38.5128333
      ],
      [
       141.4843333,
       38.5143333
      ]
     ]
    ]
   }
  },
  {
   "type": "Feature",
   "id": "区第2325号",
   "properties": {
    "right_no": "区第2325号",
    "holder": "宮城県漁業協同組合",
    "location": "石巻市雄勝町明神地先",
    "right_type": "第一種区画漁業",
    "fishery": "貝類等垂下式養殖業",
    "season": "1月1日から12月31日まで",
    "term": "令和5年9月1日から令和10年8月31日まで",
    "districts": "石巻市雄勝町明神",
    "conditions": "ア及びカの点に夜間識別可能な標識を設置しなければならない。",
    "n_vertices": 6,
    "missing_vertices": null,
    "shoreline_bounded": false,
    "valid": true,
    "invalid_reason": null,
    "area_ha": 5.66,
    "source_page": 22
   },
   "geometry": {
    "type": "Polygon",
    "coordinates": [
     [
      [
       141.481,
       38.5165
      ],
      [
       141.4821667,
       38.5185
      ],
      [
       141.4833333,
       38.5178333
      ],
      [
       141.4826667,
       38.5171667
      ],
      [
       141.4848333,
       38.5156667
      ],
      [
       141.4838333,
       38.5148333
      ],
      [
       141.481,
       38.5165
      ]
     ]
    ]
   }
  },
  {
   "type": "Feature",
   "id": "区第2326号",
   "properties": {
    "right_no": "区第2326号",
    "holder": "宮城県漁業協同組合",
    "location": "石巻市雄勝町明神地先",
    "right_type": "第一種区画漁業",
    "fishery": "貝類等垂下式養殖業",
    "season": "1月1日から12月31日まで",
    "term": "令和5年9月1日から令和10年8月31日まで",
    "districts": "石巻市雄勝町明神",
    "conditions": "カの点に夜間識別可能な標識を設置しなければならない。",
    "n_vertices": 6,
    "missing_vertices": null,
    "shoreline_bounded": false,
    "valid": true,
    "invalid_reason": null,
    "area_ha": 2.49,
    "source_page": 22
   },
   "geometry": {
    "type": "Polygon",
    "coordinates": [
     [
      [
       141.4781667,
       38.5181667
      ],
      [
       141.4788333,
       38.519
      ],
      [
       141.4796667,
       38.5186667
      ],
      [
       141.4801667,
       38.5188333
      ],
      [
       141.481,
       38.5183333
      ],
      [
       141.4801667,
       38.5173333
      ],
      [
       141.4781667,
       38.5181667
      ]
     ]
    ]
   }
  },
  {
   "type": "Feature",
   "id": "区第2327号",
   "properties": {
    "right_no": "区第2327号",
    "holder": "宮城県漁業協同組合",
    "location": "石巻市雄勝町雄勝地先",
    "right_type": "第一種区画漁業",
    "fishery": "貝類等垂下式養殖業",
    "season": "1月1日から12月31日まで",
    "term": "令和5年9月1日から令和10年8月31日まで",
    "districts": "石巻市雄勝町雄勝",
    "conditions": "ア及びエの点に夜間識別可能な標識を設置しなければならない。",
    "n_vertices": 4,
    "missing_vertices": null,
    "shoreline_bounded": false,
    "valid": true,
    "invalid_reason": null,
    "area_ha": 3.72,
    "source_page": 22
   },
   "geometry": {
    "type": "Polygon",
    "coordinates": [
     [
      [
       141.4726667,
       38.5201667
      ],
      [
       141.4726667,
       38.5206667
      ],
      [
       141.4776667,
       38.5198333
      ],
      [
       141.477,
       38.5188333
      ],
      [
       141.4726667,
       38.5201667
      ]
     ]
    ]
   }
  },
  {
   "type": "Feature",
   "id": "区第2328号",
   "properties": {
    "right_no": "区第2328号",
    "holder": "宮城県漁業協同組合",
    "location": "石巻市雄勝町船戸地先",
    "right_type": "第一種区画漁業",
    "fishery": "貝類等垂下式養殖業",
    "season": "1月1日から12月31日まで",
    "term": "令和5年9月1日から令和10年8月31日まで",
    "districts": "石巻市雄勝町雄勝",
    "conditions": "エの点に夜間識別可能な標識を設置しなければならない。",
    "n_vertices": 4,
    "missing_vertices": null,
    "shoreline_bounded": false,
    "valid": true,
    "invalid_reason": null,
    "area_ha": 2.22,
    "source_page": 22
   },
   "geometry": {
    "type": "Polygon",
    "coordinates": [
     [
      [
       141.4716667,
       38.5176667
      ],
      [
       141.4698333,
       38.5165
      ],
      [
       141.4691667,
       38.5173333
      ],
      [
       141.471,
       38.5185
      ],
      [
       141.4716667,
       38.5176667
      ]
     ]
    ]
   }
  },
  {
   "type": "Feature",
   "id": "区第2329号",
   "properties": {
    "right_no": "区第2329号",
    "holder": "宮城県漁業協同組合",
    "location": "石巻市雄勝町唐桑地先",
    "right_type": "第一種区画漁業",
    "fishery": "貝類等垂下式養殖業",
    "season": "1月1日から12月31日まで",
    "term": "令和5年9月1日から令和10年8月31日まで",
    "districts": "石巻市雄勝町雄勝",
    "conditions": "イの点に夜間識別可能な標識を設置しなければならない。",
    "n_vertices": 9,
    "missing_vertices": null,
    "shoreline_bounded": false,
    "valid": true,
    "invalid_reason": null,
    "area_ha": 9.19,
    "source_page": 22
   },
   "geometry": {
    "type": "Polygon",
    "coordinates": [
     [
      [
       141.4735,
       38.519
      ],
      [
       141.476,
       38.518
      ],
      [
       141.4803333,
       38.5155
      ],
      [
       141.4786667,
       38.5138333
      ],
      [
       141.4773333,
       38.515
      ],
      [
       141.4776667,
       38.5151667
      ],
      [
       141.4753333,
       38.517
      ],
      [
       141.4758333,
       38.5175
      ],
      [
       141.4731667,
       38.5185
      ],
      [
       141.4735,
       38.519
      ]
     ]
    ]
   }
  },
  {
   "type": "Feature",
   "id": "区第2330号",
   "properties": {
    "right_no": "区第2330号",
    "holder": "宮城県漁業協同組合",
    "location": "石巻市雄勝町唐桑地先",
    "right_type": "第一種区画漁業",
    "fishery": "貝類等垂下式養殖業",
    "season": "1月1日から12月31日まで",
    "term": "令和5年9月1日から令和10年8月31日まで",
    "districts": "石巻市雄勝町雄勝",
    "conditions": "アの点に夜間識別可能な標識を設置しなければならない。",
    "n_vertices": 4,
    "missing_vertices": null,
    "shoreline_bounded": false,
    "valid": true,
    "invalid_reason": null,
    "area_ha": 4.12,
    "source_page": 22
   },
   "geometry": {
    "type": "Polygon",
    "coordinates": [
     [
      [
       141.4811667,
       38.5146667
      ],
      [
       141.4836667,
       38.5131667
      ],
      [
       141.4816667,
       38.5123333
      ],
      [
       141.48,
       38.5131667
      ],
      [
       141.4811667,
       38.5146667
      ]
     ]
    ]
   }
  },
  {
   "type": "Feature",
   "id": "区第2331号",
   "properties": {
    "right_no": "区第2331号",
    "holder": "宮城県漁業協同組合",
    "location": "石巻市雄勝町水浜地先",
    "right_type": "第一種区画漁業",
    "fishery": "貝類等垂下式養殖業",
    "season": "1月1日から12月31日まで",
    "term": "令和5年9月1日から令和10年8月31日まで",
    "districts": "石巻市雄勝町水浜、分浜",
    "conditions": "イ及びウの点に夜間識別可能な標識を設置しなければならない。（ウのみ光達距離３キロメートル以上）",
    "n_vertices": 4,
    "missing_vertices": null,
    "shoreline_bounded": false,
    "valid": true,
    "invalid_reason": null,
    "area_ha": 6.81,
    "source_page": 23
   },
   "geometry": {
    "type": "Polygon",
    "coordinates": [
     [
      [
       141.4835,
       38.5121667
      ],
      [
       141.4841667,
       38.5128333
      ],
      [
       141.4898333,
       38.5076667
      ],
      [
       141.489,
       38.5071667
      ],
      [
       141.4835,
       38.5121667
      ]
     ]
    ]
   }
  },
  {
   "type": "Feature",
   "id": "区第2332号",
   "properties": {
    "right_no": "区第2332号",
    "holder": "宮城県漁業協同組合",
    "location": "石巻市雄勝町水浜地先",
    "right_type": "第一種区画漁業",
    "fishery": "貝類等垂下式養殖業",
    "season": "1月1日から12月31日まで",
    "term": "令和5年9月1日から令和10年8月31日まで",
    "districts": "石巻市雄勝町水浜、分浜",
    "conditions": "イ及びウの点に夜間識別可能な標識を設置しなければならない。",
    "n_vertices": 6,
    "missing_vertices": null,
    "shoreline_bounded": false,
    "valid": true,
    "invalid_reason": null,
    "area_ha": 7.65,
    "source_page": 23
   },
   "geometry": {
    "type": "Polygon",
    "coordinates": [
     [
      [
       141.4893333,
       38.505
      ],
      [
       141.4913333,
       38.5066667
      ],
      [
       141.4931667,
       38.505
      ],
      [
       141.49,
       38.5023333
      ],
      [
       141.4891667,
       38.503
      ],
      [
       141.4905,
       38.504
      ],
      [
       141.4893333,
       38.505
      ]
     ]
    ]
   }
  },
  {
   "type": "Feature",
   "id": "区第2333号",
   "properties": {
    "right_no": "区第2333号",
    "holder": "宮城県漁業協同組合",
    "location": "石巻市雄勝町水浜地先",
    "right_type": "第一種区画漁業",
    "fishery": "貝類等垂下式養殖業",
    "season": "1月1日から12月31日まで",
    "term": "令和5年9月1日から令和10年8月31日まで",
    "districts": "石巻市雄勝町水浜、分浜",
    "conditions": "ウの点に夜間識別可能な標識を設置しなければならない。（光達距離３キロメートル以上）",
    "n_vertices": 4,
    "missing_vertices": null,
    "shoreline_bounded": false,
    "valid": true,
    "invalid_reason": null,
    "area_ha": 9.63,
    "source_page": 23
   },
   "geometry": {
    "type": "Polygon",
    "coordinates": [
     [
      [
       141.4895,
       38.5013333
      ],
      [
       141.4936667,
       38.5046667
      ],
      [
       141.4951667,
       38.5031667
      ],
      [
       141.4906667,
       38.5001667
      ],
      [
       141.4895,
       38.5013333
      ]
     ]
    ]
   }
  },
  {
   "type": "Feature",
   "id": "区第2334号",
   "properties": {
    "right_no": "区第2334号",
    "holder": "宮城県漁業協同組合",
    "location": "石巻市雄勝町分浜地先",
    "right_type": "第一種区画漁業",
    "fishery": "貝類等垂下式養殖業",
    "season": "1月1日から12月31日まで",
    "term": "令和5年9月1日から令和10年8月31日まで",
    "districts": "石巻市雄勝町水浜、分浜",
    "conditions": "イの点に夜間識別可能な標識を設置しなければならない。（光達距離３キロメートル以上）",
    "n_vertices": 6,
    "missing_vertices": null,
    "shoreline_bounded": false,
    "valid": true,
    "invalid_reason": null,
    "area_ha": 7.29,
    "source_page": 23
   },
   "geometry": {
    "type": "Polygon",
    "coordinates": [
     [
      [
       141.4905,
       38.4993333
      ],
      [
       141.4953333,
       38.5028333
      ],
      [
       141.4961667,
       38.5021667
      ],
      [
       141.4948333,
       38.4998333
      ],
      [
       141.4931667,
       38.5003333
      ],
      [
       141.4921667,
       38.499
      ],
      [
       141.4905,
       38.4993333
      ]
     ]
    ]
   }
  },
  {
   "type": "Feature",
   "id": "区第2335号",
   "properties": {
    "right_no": "区第2335号",
    "holder": "宮城県漁業協同組合",
    "location": "石巻市雄勝町分浜地先",
    "right_type": "第一種区画漁業",
    "fishery": "貝類等垂下式養殖業",
    "season": "1月1日から12月31日まで",
    "term": "令和5年9月1日から令和10年8月31日まで",
    "districts": "石巻市雄勝町水浜、分浜",
    "conditions": "ウ、エ及びオの点に夜間識別可能な標識を設置しなければならない。（ウ、エのみ光達距離３キロメートル以上）",
    "n_vertices": 8,
    "missing_vertices": null,
    "shoreline_bounded": false,
    "valid": true,
    "invalid_reason": null,
    "area_ha": 20.06,
    "source_page": 23
   },
   "geometry": {
    "type": "Polygon",
    "coordinates": [
     [
      [
       141.497,
       38.5
      ],
      [
       141.4973333,
       38.5006667
      ],
      [
       141.4983333,
       38.5008333
      ],
      [
       141.5021667,
       38.4975
      ],
      [
       141.503,
       38.4946667
      ],
      [
       141.5005,
       38.4945
      ],
      [
       141.4995,
       38.4955
      ],
      [
       141.4985,
       38.4955
      ],
      [
       141.497,
       38.5
      ]
     ]
    ]
   }
  },
  {
   "type": "Feature",
   "id": "区第2336号",
   "properties": {
    "right_no": "区第2336号",
    "holder": "宮城県漁業協同組合",
    "location": "石巻市雄勝町分浜地先",
    "right_type": "第一種区画漁業",
    "fishery": "貝類等垂下式養殖業",
    "season": "1月1日から12月31日まで",
    "term": "令和5年9月1日から令和10年8月31日まで",
    "districts": "石巻市雄勝町水浜、分浜",
    "conditions": "ウの点に夜間識別可能な標識を設置しなければならない。（光達距離３キロメートル以上）",
    "n_vertices": 7,
    "missing_vertices": null,
    "shoreline_bounded": false,
    "valid": true,
    "invalid_reason": null,
    "area_ha": 90.16,
    "source_page": 23
   },
   "geometry": {
    "type": "Polygon",
    "coordinates": [
     [
      [
       141.4968333,
       38.4918333
      ],
      [
       141.5016667,
       38.494
      ],
      [
       141.5033333,
       38.494
      ],
      [
       141.5066667,
       38.4793333
      ],
      [
       141.5041667,
       38.4788333
      ],
      [
       141.5036667,
       38.482
      ],
      [
       141.4983333,
       38.4806667
      ],
      [
       141.4968333,
       38.4918333
      ]
     ]
    ]
   }
  },
  {
   "type": "Feature",
   "id": "区第2337号",
   "properties": {
    "right_no": "区第2337号",
    "holder": "宮城県漁業協同組合",
    "location": "石巻市雄勝町分浜地先",
    "right_type": "第一種区画漁業",
    "fishery": "藻類養殖業・貝類等垂下式養殖業",
    "season": "1月1日から12月31日まで1月1日から12月31日まで",
    "term": "令和5年9月1日から令和10年8月31日まで",
    "districts": "石巻市雄勝町水浜、分浜",
    "conditions": "",
    "n_vertices": 6,
    "missing_vertices": null,
    "shoreline_bounded": false,
    "valid": true,
    "invalid_reason": null,
    "area_ha": 7.01,
    "source_page": 23
   },
   "geometry": {
    "type": "Polygon",
    "coordinates": [
     [
      [
       141.4935,
       38.4871667
      ],
      [
       141.4931667,
       38.489
      ],
      [
       141.4958333,
       38.489
      ],
      [
       141.4965,
       38.4855
      ],
      [
       141.4951667,
       38.4853333
      ],
      [
       141.4948333,
       38.4871667
      ],
      [
       141.4935,
       38.4871667
      ]
     ]
    ]
   }
  },
  {
   "type": "Feature",
   "id": "区第2401号",
   "properties": {
    "right_no": "区第2401号",
    "holder": "宮城県漁業協同組合",
    "location": "牡鹿郡女川町指ヶ浜地先",
    "right_type": "第一種区画漁業",
    "fishery": "藻類養殖業・貝類等垂下式養殖業",
    "season": "9月1日から翌年5月31日まで1月1日から12月31日まで",
    "term": "令和5年9月1日から令和10年8月31日まで",
    "districts": "牡鹿郡女川町指ヶ浜",
    "conditions": "エ、オ、カ、キ及びクの点に夜間識別可能な標識を設置しなければならない。（エ、カ、キ、クのみ光達距離３キロメートル以上）",
    "n_vertices": 12,
    "missing_vertices": null,
    "shoreline_bounded": false,
    "valid": true,
    "invalid_reason": null,
    "area_ha": 83.84,
    "source_page": 24
   },
   "geometry": {
    "type": "Polygon",
    "coordinates": [
     [
      [
       141.496,
       38.4733333
      ],
      [
       141.4966667,
       38.4745
      ],
      [
       141.5006667,
       38.4775
      ],
      [
       141.502,
       38.4771667
      ],
      [
       141.5028333,
       38.4716667
      ],
      [
       141.5035,
       38.468
      ],
      [
       141.4995,
       38.4673333
      ],
      [
       141.4958333,
       38.4666667
      ],
      [
       141.4921667,
       38.4665
      ],
      [
       141.49,
       38.4683333
      ],
      [
       141.4898333,
       38.4686667
      ],
      [
       141.4906667,
       38.47
      ],
      [
       141.496,
       38.4733333
      ]
     ]
    ]
   }
  },
  {
   "type": "Feature",
   "id": "区第2402号",
   "properties": {
    "right_no": "区第2402号",
    "holder": "宮城県漁業協同組合",
    "location": "牡鹿郡女川町指ヶ浜地先",
    "right_type": "第一種区画漁業",
    "fishery": "小割式魚類養殖業",
    "season": "1月1日から12月31日まで",
    "term": "令和5年9月1日から令和10年8月31日まで",
    "districts": "牡鹿郡女川町指ヶ浜",
    "conditions": "",
    "n_vertices": 4,
    "missing_vertices": null,
    "shoreline_bounded": false,
    "valid": true,
    "invalid_reason": null,
    "area_ha": 4.03,
    "source_page": 24
   },
   "geometry": {
    "type": "Polygon",
    "coordinates": [
     [
      [
       141.485,
       38.4671667
      ],
      [
       141.4883333,
       38.4673333
      ],
      [
       141.4903333,
       38.4663333
      ],
      [
       141.4868333,
       38.466
      ],
      [
       141.485,
       38.4671667
      ]
     ]
    ]
   }
  },
  {
   "type": "Feature",
   "id": "区第2403号",
   "properties": {
    "right_no": "区第2403号",
    "holder": "宮城県漁業協同組合",
    "location": "牡鹿郡女川町指ヶ浜地先",
    "right_type": "第一種区画漁業",
    "fishery": "藻類養殖業・貝類等垂下式養殖業",
    "season": "9月1日から翌年5月31日まで1月1日から12月31日まで",
    "term": "令和5年9月1日から令和10年8月31日まで",
    "districts": "牡鹿郡女川町指ヶ浜",
    "conditions": "",
    "n_vertices": 8,
    "missing_vertices": null,
    "shoreline_bounded": false,
    "valid": true,
    "invalid_reason": null,
    "area_ha": 14.01,
    "source_page": 24
   },
   "geometry": {
    "type": "Polygon",
    "coordinates": [
     [
      [
       141.4816667,
       38.4658333
      ],
      [
       141.4808333,
       38.4685
      ],
      [
       141.4823333,
       38.4691667
      ],
      [
       141.4828333,
       38.4688333
      ],
      [
       141.4843333,
       38.4693333
      ],
      [
       141.488,
       38.4675
      ],
      [
       141.484,
       38.4673333
      ],
      [
       141.4863333,
       38.466
      ],
      [
       141.4816667,
       38.4658333
      ]
     ]
    ]
   }
  },
  {
   "type": "Feature",
   "id": "区第2404号",
   "properties": {
    "right_no": "区第2404号",
    "holder": "宮城県漁業協同組合",
    "location": "牡鹿郡女川町御前浜地先",
    "right_type": "第一種区画漁業",
    "fishery": "貝類等垂下式養殖業",
    "season": "1月1日から12月31日まで",
    "term": "令和7年10月1日から令和10年8月31日まで",
    "districts": "牡鹿郡女川町御前浜",
    "conditions": "",
    "n_vertices": 11,
    "missing_vertices": null,
    "shoreline_bounded": false,
    "valid": true,
    "invalid_reason": null,
    "area_ha": 10.8,
    "source_page": 24
   },
   "geometry": {
    "type": "Polygon",
    "coordinates": [
     [
      [
       141.4808333,
       38.4661667
      ],
      [
       141.4781667,
       38.4658333
      ],
      [
       141.4783333,
       38.4643333
      ],
      [
       141.4813333,
       38.4645
      ],
      [
       141.4816667,
       38.4633333
      ],
      [
       141.4773333,
       38.4633333
      ],
      [
       141.4771667,
       38.4643333
      ],
      [
       141.477,
       38.4666667
      ],
      [
       141.4781667,
       38.4668333
      ],
      [
       141.4781667,
       38.4673333
      ],
      [
       141.4803333,
       38.4678333
      ],
      [
       141.4808333,
       38.4661667
      ]
     ]
    ]
   }
  },
  {
   "type": "Feature",
   "id": "区第2405号",
   "properties": {
    "right_no": "区第2405号",
    "holder": "宮城県漁業協同組合",
    "location": "牡鹿郡女川町御前浜地先",
    "right_type": "第一種区画漁業",
    "fishery": "小割式魚類養殖業",
    "season": "1月1日から12月31日まで",
    "term": "令和5年9月1日から令和10年8月31日まで",
    "districts": "牡鹿郡女川町御前浜",
    "conditions": "",
    "n_vertices": 4,
    "missing_vertices": null,
    "shoreline_bounded": false,
    "valid": true,
    "invalid_reason": null,
    "area_ha": 4.4,
    "source_page": 24
   },
   "geometry": {
    "type": "Polygon",
    "coordinates": [
     [
      [
       141.4781667,
       38.4658333
      ],
      [
       141.4808333,
       38.4661667
      ],
      [
       141.4813333,
       38.4645
      ],
      [
       141.4783333,
       38.4643333
      ],
      [
       141.4781667,
       38.4658333
      ]
     ]
    ]
   }
  },
  {
   "type": "Feature",
   "id": "区第2407号",
   "properties": {
    "right_no": "区第2407号",
    "holder": "宮城県漁業協同組合",
    "location": "牡鹿郡女川町尾浦地先",
    "right_type": "第一種区画漁業",
    "fishery": "貝類等垂下式養殖業",
    "season": "1月1日から12月31日まで",
    "term": "令和5年9月1日から令和10年8月31日まで",
    "districts": "牡鹿郡女川町尾浦",
    "conditions": "",
    "n_vertices": 10,
    "missing_vertices": null,
    "shoreline_bounded": false,
    "valid": true,
    "invalid_reason": null,
    "area_ha": 44.79,
    "source_page": 24
   },
   "geometry": {
    "type": "Polygon",
    "coordinates": [
     [
      [
       141.4821667,
       38.464
      ],
      [
       141.5003333,
       38.465
      ],
      [
       141.5016667,
       38.4616667
      ],
      [
       141.5011667,
       38.4611667
      ],
      [
       141.499,
       38.4618333
      ],
      [
       141.4943333,
       38.4608333
      ],
      [
       141.4926667,
       38.463
      ],
      [
       141.4915,
       38.4631667
      ],
      [
       141.4883333,
       38.4616667
      ],
      [
       141.4823333,
       38.4631667
      ],
      [
       141.4821667,
       38.464
      ]
     ]
    ]
   }
  },
  {
   "type": "Feature",
   "id": "区第2408号",
   "properties": {
    "right_no": "区第2408号",
    "holder": "宮城県漁業協同組合",
    "location": "牡鹿郡女川町尾浦地先",
    "right_type": "第一種区画漁業",
    "fishery": "貝類等垂下式養殖業",
    "season": "1月1日から12月31日まで",
    "term": "令和5年9月1日から令和10年8月31日まで",
    "districts": "牡鹿郡女川町尾浦",
    "conditions": "イの点に夜間識別可能な標識を設置しなければならない。（光達距離３キロメートル以上）",
    "n_vertices": 4,
    "missing_vertices": null,
    "shoreline_bounded": false,
    "valid": true,
    "invalid_reason": null,
    "area_ha": 12.41,
    "source_page": 25
   },
   "geometry": {
    "type": "Polygon",
    "coordinates": [
     [
      [
       141.5015,
       38.465
      ],
      [
       141.5053333,
       38.4653333
      ],
      [
       141.5068333,
       38.4621667
      ],
      [
       141.5028333,
       38.4618333
      ],
      [
       141.5015,
       38.465
      ]
     ]
    ]
   }
  },
  {
   "type": "Feature",
   "id": "区第2409号",
   "properties": {
    "right_no": "区第2409号",
    "holder": "宮城県漁業協同組合",
    "location": "牡鹿郡女川町垂水浜地先",
    "right_type": "第一種区画漁業",
    "fishery": "貝類等垂下式養殖業",
    "season": "1月1日から12月31日まで",
    "term": "令和5年9月1日から令和10年8月31日まで",
    "districts": "牡鹿郡女川町尾浦",
    "conditions": "イ及びウの点に夜間識別可能な標識を設置しなければならない。",
    "n_vertices": 4,
    "missing_vertices": null,
    "shoreline_bounded": false,
    "valid": true,
    "invalid_reason": null,
    "area_ha": 11.14,
    "source_page": 25
   },
   "geometry": {
    "type": "Polygon",
    "coordinates": [
     [
      [
       141.5048333,
       38.4615
      ],
      [
       141.5071667,
       38.4618333
      ],
      [
       141.5091667,
       38.4571667
      ],
      [
       141.507,
       38.4566667
      ],
      [
       141.5048333,
       38.4615
      ]
     ]
    ]
   }
  },
  {
   "type": "Feature",
   "id": "区第2410号",
   "properties": {
    "right_no": "区第2410号",
    "holder": "宮城県漁業協同組合",
    "location": "牡鹿郡女川町垂水浜地先",
    "right_type": "第一種区画漁業",
    "fishery": "小割式魚類養殖業",
    "season": "1月1日から12月31日まで",
    "term": "令和5年9月1日から令和10年8月31日まで",
    "districts": "牡鹿郡女川町尾浦",
    "conditions": "",
    "n_vertices": 5,
    "missing_vertices": null,
    "shoreline_bounded": false,
    "valid": true,
    "invalid_reason": null,
    "area_ha": 12.85,
    "source_page": 25
   },
   "geometry": {
    "type": "Polygon",
    "coordinates": [
     [
      [
       141.5031667,
       38.4613333
      ],
      [
       141.5043333,
       38.4615
      ],
      [
       141.5065,
       38.4566667
      ],
      [
       141.5035,
       38.456
      ],
      [
       141.5025,
       38.4586667
      ],
      [
       141.5031667,
       38.4613333
      ]
     ]
    ]
   }
  },
  {
   "type": "Feature",
   "id": "区第2411号",
   "properties": {
    "right_no": "区第2411号",
    "holder": "宮城県漁業協同組合",
    "location": "牡鹿郡女川町垂水浜地先",
    "right_type": "第一種区画漁業",
    "fishery": "貝類等垂下式養殖業",
    "season": "1月1日から12月31日まで",
    "term": "令和5年9月1日から令和10年8月31日まで",
    "districts": "牡鹿郡女川町尾浦",
    "conditions": "",
    "n_vertices": 5,
    "missing_vertices": null,
    "shoreline_bounded": false,
    "valid": true,
    "invalid_reason": null,
    "area_ha": 8.11,
    "source_page": 25
   },
   "geometry": {
    "type": "Polygon",
    "coordinates": [
     [
      [
       141.502,
       38.4581667
      ],
      [
       141.5031667,
       38.4558333
      ],
      [
       141.497,
       38.4545
      ],
      [
       141.4966667,
       38.4555
      ],
      [
       141.5,
       38.4561667
      ],
      [
       141.502,
       38.4581667
      ]
     ]
    ]
   }
  },
  {
   "type": "Feature",
   "id": "区第2412号",
   "properties": {
    "right_no": "区第2412号",
    "holder": "宮城県漁業協同組合",
    "location": "牡鹿郡女川町垂水浜地先",
    "right_type": "第一種区画漁業",
    "fishery": "貝類等垂下式養殖業",
    "season": "1月1日から12月31日まで",
    "term": "令和5年9月1日から令和10年8月31日まで",
    "districts": "牡鹿郡女川町尾浦",
    "conditions": "",
    "n_vertices": 15,
    "missing_vertices": null,
    "shoreline_bounded": false,
    "valid": true,
    "invalid_reason": null,
    "area_ha": 36.33,
    "source_page": 25
   },
   "geometry": {
    "type": "Polygon",
    "coordinates": [
     [
      [
       141.5055,
       38.4556667
      ],
      [
       141.506,
       38.4525
      ],
      [
       141.5075,
       38.4528333
      ],
      [
       141.5085,
       38.4513333
      ],
      [
       141.5076667,
       38.4498333
      ],
      [
       141.506,
       38.4503333
      ],
      [
       141.5048333,
       38.4488333
      ],
      [
       141.5035,
       38.4493333
      ],
      [
       141.5026667,
       38.45
      ],
      [
       141.5021667,
       38.4531667
      ],
      [
       141.5005,
       38.4528333
      ],
      [
       141.5006667,
       38.4518333
      ],
      [
       141.499,
       38.4503333
      ],
      [
       141.4965,
       38.4533333
      ],
      [
       141.504,
       38.4551667
      ],
      [
       141.5055,
       38.4556667
      ]
     ]
    ]
   }
  },
  {
   "type": "Feature",
   "id": "区第2413号",
   "properties": {
    "right_no": "区第2413号",
    "holder": "宮城県漁業協同組合",
    "location": "牡鹿郡女川町垂水浜地先",
    "right_type": "第一種区画漁業",
    "fishery": "小割式魚類養殖業",
    "season": "1月1日から12月31日まで",
    "term": "令和5年9月1日から令和10年8月31日まで",
    "districts": "牡鹿郡女川町尾浦",
    "conditions": "",
    "n_vertices": 4,
    "missing_vertices": null,
    "shoreline_bounded": false,
    "valid": true,
    "invalid_reason": null,
    "area_ha": 5.54,
    "source_page": 25
   },
   "geometry": {
    "type": "Polygon",
    "coordinates": [
     [
      [
       141.506,
       38.4528333
      ],
      [
       141.5056667,
       38.4556667
      ],
      [
       141.5071667,
       38.456
      ],
      [
       141.5085,
       38.4535
      ],
      [
       141.506,
       38.4528333
      ]
     ]
    ]
   }
  },
  {
   "type": "Feature",
   "id": "区第2414号",
   "properties": {
    "right_no": "区第2414号",
    "holder": "宮城県漁業協同組合",
    "location": "牡鹿郡女川町垂水浜地先",
    "right_type": "第一種区画漁業",
    "fishery": "貝類等垂下式養殖業",
    "season": "1月1日から12月31日まで",
    "term": "令和5年9月1日から令和10年8月31日まで",
    "districts": "牡鹿郡女川町尾浦",
    "conditions": "ウの点に夜間識別可能な標識を設置しなければならない。（光達距離３キロメートル以上）",
    "n_vertices": 4,
    "missing_vertices": null,
    "shoreline_bounded": false,
    "valid": true,
    "invalid_reason": null,
    "area_ha": 5.97,
    "source_page": 25
   },
   "geometry": {
    "type": "Polygon",
    "coordinates": [
     [
      [
       141.5076667,
       38.456
      ],
      [
       141.5096667,
       38.4565
      ],
      [
       141.5113333,
       38.453
      ],
      [
       141.509,
       38.4536667
      ],
      [
       141.5076667,
       38.456
      ]
     ]
    ]
   }
  },
  {
   "type": "Feature",
   "id": "区第2415号",
   "properties": {
    "right_no": "区第2415号",
    "holder": "宮城県漁業協同組合",
    "location": "牡鹿郡女川町竹浦地先",
    "right_type": "第一種区画漁業",
    "fishery": "貝類等垂下式養殖業",
    "season": "1月1日から12月31日まで",
    "term": "令和5年9月1日から令和10年8月31日まで",
    "districts": "牡鹿郡女川町竹浦",
    "conditions": "",
    "n_vertices": 3,
    "missing_vertices": null,
    "shoreline_bounded": false,
    "valid": true,
    "invalid_reason": null,
    "area_ha": 0.68,
    "source_page": 26
   },
   "geometry": {
    "type": "Polygon",
    "coordinates": [
     [
      [
       141.5113333,
       38.4506667
      ],
      [
       141.5118333,
       38.4521667
      ],
      [
       141.5123333,
       38.4508333
      ],
      [
       141.5113333,
       38.4506667
      ]
     ]
    ]
   }
  },
  {
   "type": "Feature",
   "id": "区第2416号",
   "properties": {
    "right_no": "区第2416号",
    "holder": "宮城県漁業協同組合",
    "location": "牡鹿郡女川町竹浦地先",
    "right_type": "第一種区画漁業",
    "fishery": "藻類養殖業・貝類等垂下式養殖業",
    "season": "9月1日から翌年5月31日まで1月1日から12月31日まで",
    "term": "令和7年10月1日から令和10年8月31日まで",
    "districts": "牡鹿郡女川町竹浦",
    "conditions": "ア、イ、ウ、エ及びオの点に夜間識別可能な標識を設置しなければならない。（光達距離３キロメートル以上）",
    "n_vertices": 13,
    "missing_vertices": null,
    "shoreline_bounded": false,
    "valid": true,
    "invalid_reason": null,
    "area_ha": 151.68,
    "source_page": 26
   },
   "geometry": {
    "type": "Polygon",
    "coordinates": [
     [
      [
       141.513,
       38.4483333
      ],
      [
       141.5108333,
       38.4413333
      ],
      [
       141.5085,
       38.4366667
      ],
      [
       141.4945,
       38.4326667
      ],
      [
       141.4891667,
       38.4321667
      ],
      [
       141.4885,
       38.4366667
      ],
      [
       141.4963333,
       38.4371667
      ],
      [
       141.4968333,
       38.442
      ],
      [
       141.5075,
       38.4446667
      ],
      [
       141.5093333,
       38.4433333
      ],
      [
       141.511,
       38.4468333
      ],
      [
       141.5093333,
       38.4475
      ],
      [
       141.5105,
       38.4491667
      ],
      [
       141.513,
       38.4483333
      ]
     ]
    ]
   }
  },
  {
   "type": "Feature",
   "id": "区第2419号",
   "properties": {
    "right_no": "区第2419号",
    "holder": "宮城県漁業協同組合",
    "location": "牡鹿郡女川町竹浦アワブク浜地先",
    "right_type": "第一種区画漁業",
    "fishery": "貝類等垂下式養殖業",
    "season": "1月1日から12月31日まで",
    "term": "令和5年9月1日から令和10年8月31日まで",
    "districts": "牡鹿郡女川町竹浦",
    "conditions": "",
    "n_vertices": 4,
    "missing_vertices": null,
    "shoreline_bounded": false,
    "valid": true,
    "invalid_reason": null,
    "area_ha": 4.0,
    "source_page": 26
   },
   "geometry": {
    "type": "Polygon",
    "coordinates": [
     [
      [
       141.4888333,
       38.4385
      ],
      [
       141.4891667,
       38.44
      ],
      [
       141.4923333,
       38.4398333
      ],
      [
       141.4923333,
       38.4388333
      ],
      [
       141.4888333,
       38.4385
      ]
     ]
    ]
   }
  },
  {
   "type": "Feature",
   "id": "区第2420号",
   "properties": {
    "right_no": "区第2420号",
    "holder": "宮城県漁業協同組合",
    "location": "牡鹿郡女川町竹浦アワブク浜地先",
    "right_type": "第一種区画漁業",
    "fishery": "小割式魚類養殖業",
    "season": "1月1日から12月31日まで",
    "term": "令和5年9月1日から令和10年8月31日まで",
    "districts": "牡鹿郡女川町竹浦",
    "conditions": "",
    "n_vertices": 4,
    "missing_vertices": null,
    "shoreline_bounded": false,
    "valid": true,
    "invalid_reason": null,
    "area_ha": 2.81,
    "source_page": 26
   },
   "geometry": {
    "type": "Polygon",
    "coordinates": [
     [
      [
       141.4888333,
       38.4371667
      ],
      [
       141.4888333,
       38.438
      ],
      [
       141.4923333,
       38.4383333
      ],
      [
       141.4923333,
       38.4375
      ],
      [
       141.4888333,
       38.4371667
      ]
     ]
    ]
   }
  },
  {
   "type": "Feature",
   "id": "区第2422号",
   "properties": {
    "right_no": "区第2422号",
    "holder": "宮城県漁業協同組合",
    "location": "牡鹿郡女川町竹浦地先",
    "right_type": "第一種区画漁業",
    "fishery": "小割式魚類養殖業",
    "season": "1月1日から12月31日まで",
    "term": "令和5年9月1日から令和10年8月31日まで",
    "districts": "牡鹿郡女川町竹浦",
    "conditions": "",
    "n_vertices": 5,
    "missing_vertices": null,
    "shoreline_bounded": false,
    "valid": true,
    "invalid_reason": null,
    "area_ha": 1.86,
    "source_page": 27
   },
   "geometry": {
    "type": "Polygon",
    "coordinates": [
     [
      [
       141.4856667,
       38.4386667
      ],
      [
       141.487,
       38.4393333
      ],
      [
       141.4871667,
       38.44
      ],
      [
       141.4881667,
       38.44
      ],
      [
       141.4878333,
       38.4385
      ],
      [
       141.4856667,
       38.4386667
      ]
     ]
    ]
   }
  },
  {
   "type": "Feature",
   "id": "区第2423号",
   "properties": {
    "right_no": "区第2423号",
    "holder": "宮城県漁業協同組合",
    "location": "牡鹿郡女川町竹浦地先",
    "right_type": "第一種区画漁業",
    "fishery": "貝類等垂下式養殖業",
    "season": "1月1日から12月31日まで",
    "term": "令和5年9月1日から令和10年8月31日まで",
    "districts": "牡鹿郡女川町竹浦",
    "conditions": "",
    "n_vertices": 4,
    "missing_vertices": null,
    "shoreline_bounded": false,
    "valid": true,
    "invalid_reason": null,
    "area_ha": 1.27,
    "source_page": 27
   },
   "geometry": {
    "type": "Polygon",
    "coordinates": [
     [
      [
       141.486,
       38.4381667
      ],
      [
       141.4876667,
       38.438
      ],
      [
       141.4875,
       38.4368333
      ],
      [
       141.487,
       38.4368333
      ],
      [
       141.486,
       38.4381667
      ]
     ]
    ]
   }
  },
  {
   "type": "Feature",
   "id": "区第2424号",
   "properties": {
    "right_no": "区第2424号",
    "holder": "宮城県漁業協同組合",
    "location": "牡鹿郡女川町竹浦地先",
    "right_type": "第一種区画漁業",
    "fishery": "藻類養殖業・貝類等垂下式養殖業",
    "season": "9月1日から翌年5月31日まで1月1日から12月31日まで",
    "term": "令和5年9月1日から令和10年8月31日まで",
    "districts": "牡鹿郡女川町竹浦",
    "conditions": "",
    "n_vertices": 6,
    "missing_vertices": null,
    "shoreline_bounded": false,
    "valid": true,
    "invalid_reason": null,
    "area_ha": 5.34,
    "source_page": 27
   },
   "geometry": {
    "type": "Polygon",
    "coordinates": [
     [
      [
       141.4833333,
       38.4338333
      ],
      [
       141.4831667,
       38.4361667
      ],
      [
       141.4858333,
       38.4363333
      ],
      [
       141.4858333,
       38.4355
      ],
      [
       141.4853333,
       38.435
      ],
      [
       141.4853333,
       38.4338333
      ],
      [
       141.4833333,
       38.4338333
      ]
     ]
    ]
   }
  },
  {
   "type": "Feature",
   "id": "区第2426号",
   "properties": {
    "right_no": "区第2426号",
    "holder": "宮城県漁業協同組合",
    "location": "牡鹿郡女川町桐ヶ崎地先",
    "right_type": "第一種区画漁業",
    "fishery": "貝類等垂下式養殖業",
    "season": "1月1日から12月31日まで",
    "term": "令和5年9月1日から令和10年8月31日まで",
    "districts": "牡鹿郡女川町桐ヶ崎",
    "conditions": "",
    "n_vertices": 6,
    "missing_vertices": null,
    "shoreline_bounded": false,
    "valid": true,
    "invalid_reason": null,
    "area_ha": 6.31,
    "source_page": 27
   },
   "geometry": {
    "type": "Polygon",
    "coordinates": [
     [
      [
       141.4788333,
       38.4378333
      ],
      [
       141.4801667,
       38.4383333
      ],
      [
       141.4811667,
       38.4365
      ],
      [
       141.4801667,
       38.4363333
      ],
      [
       141.4793333,
       38.4343333
      ],
      [
       141.478,
       38.4346667
      ],
      [
       141.4788333,
       38.4378333
      ]
     ]
    ]
   }
  },
  {
   "type": "Feature",
   "id": "区第2427号",
   "properties": {
    "right_no": "区第2427号",
    "holder": "宮城県漁業協同組合",
    "location": "牡鹿郡女川町桐ヶ崎地先",
    "right_type": "第一種区画漁業",
    "fishery": "小割式魚類養殖業",
    "season": "1月1日から12月31日まで",
    "term": "令和7年10月1日から令和10年8月31日まで",
    "districts": "牡鹿郡女川町桐ヶ崎",
    "conditions": "",
    "n_vertices": 6,
    "missing_vertices": null,
    "shoreline_bounded": false,
    "valid": true,
    "invalid_reason": null,
    "area_ha": 2.08,
    "source_page": 27
   },
   "geometry": {
    "type": "Polygon",
    "coordinates": [
     [
      [
       141.4755,
       38.438
      ],
      [
       141.4775,
       38.4378333
      ],
      [
       141.4773333,
       38.437
      ],
      [
       141.4773333,
       38.4366667
      ],
      [
       141.4755,
       38.437
      ],
      [
       141.4753333,
       38.4373333
      ],
      [
       141.4755,
       38.438
      ]
     ]
    ]
   }
  },
  {
   "type": "Feature",
   "id": "区第2428号",
   "properties": {
    "right_no": "区第2428号",
    "holder": "宮城県漁業協同組合",
    "location": "牡鹿郡女川町桐ヶ崎地先",
    "right_type": "第一種区画漁業",
    "fishery": "貝類等垂下式養殖業",
    "season": "1月1日から12月31日まで",
    "term": "令和7年10月1日から令和10年8月31日まで",
    "districts": "牡鹿郡女川町桐ヶ崎",
    "conditions": "",
    "n_vertices": 15,
    "missing_vertices": null,
    "shoreline_bounded": false,
    "valid": true,
    "invalid_reason": null,
    "area_ha": 20.67,
    "source_page": 27
   },
   "geometry": {
    "type": "Polygon",
    "coordinates": [
     [
      [
       141.4735,
       38.4398333
      ],
      [
       141.474,
       38.4396667
      ],
      [
       141.4741667,
       38.4388333
      ],
      [
       141.4748333,
       38.4381667
      ],
      [
       141.4755,
       38.438
      ],
      [
       141.4753333,
       38.4373333
      ],
      [
       141.4755,
       38.437
      ],
      [
       141.4773333,
       38.4366667
      ],
      [
       141.4768333,
       38.435
      ],
      [
       141.4696667,
       38.4365
      ],
      [
       141.4695,
       38.4386667
      ],
      [
       141.4711667,
       38.4388333
      ],
      [
       141.4718333,
       38.4391667
      ],
      [
       141.472,
       38.4398333
      ],
      [
       141.4728333,
       38.4398333
      ],
      [
       141.4735,
       38.4398333
      ]
     ]
    ]
   }
  },
  {
   "type": "Feature",
   "id": "区第2429号",
   "properties": {
    "right_no": "区第2429号",
    "holder": "宮城県漁業協同組合",
    "location": "牡鹿郡女川町石浜崎山地先",
    "right_type": "第一種区画漁業",
    "fishery": "藻類養殖業・貝類等垂下式養殖業",
    "season": "9月1日から翌年5月31日まで1月1日から12月31日まで",
    "term": "令和7年10月1日から令和10年8月31日まで",
    "districts": "牡鹿郡女川町石浜",
    "conditions": "",
    "n_vertices": 5,
    "missing_vertices": null,
    "shoreline_bounded": false,
    "valid": true,
    "invalid_reason": null,
    "area_ha": 5.14,
    "source_page": 28
   },
   "geometry": {
    "type": "Polygon",
    "coordinates": [
     [
      [
       141.465,
       38.4371667
      ],
      [
       141.467,
       38.4385
      ],
      [
       141.4681667,
       38.4383333
      ],
      [
       141.4688333,
       38.4385
      ],
      [
       141.469,
       38.4363333
      ],
      [
       141.465,
       38.4371667
      ]
     ]
    ]
   }
  },
  {
   "type": "Feature",
   "id": "区第2430号",
   "properties": {
    "right_no": "区第2430号",
    "holder": "宮城県漁業協同組合",
    "location": "牡鹿郡女川町石浜地先",
    "right_type": "第一種区画漁業",
    "fishery": "貝類等垂下式養殖業",
    "season": "1月1日から12月31日まで",
    "term": "令和7年10月1日から令和10年8月31日まで",
    "districts": "牡鹿郡女川町石浜",
    "conditions": "ア及びエの点に夜間識別可能な標識を設置しなければならない。",
    "n_vertices": 5,
    "missing_vertices": null,
    "shoreline_bounded": false,
    "valid": true,
    "invalid_reason": null,
    "area_ha": 10.47,
    "source_page": 28
   },
   "geometry": {
    "type": "Polygon",
    "coordinates": [
     [
      [
       141.4616667,
       38.4416667
      ],
      [
       141.4633333,
       38.4425
      ],
      [
       141.4663333,
       38.4393333
      ],
      [
       141.464,
       38.438
      ],
      [
       141.462,
       38.4401667
      ],
      [
       141.4616667,
       38.4416667
      ]
     ]
    ]
   }
  },
  {
   "type": "Feature",
   "id": "区第2431号",
   "properties": {
    "right_no": "区第2431号",
    "holder": "宮城県漁業協同組合",
    "location": "牡鹿郡女川町小乗浜地先",
    "right_type": "第一種区画漁業",
    "fishery": "藻類養殖業・貝類等垂下式養殖業",
    "season": "9月1日から翌年5月31日まで1月1日から12月31日まで",
    "term": "令和7年10月1日から令和10年8月31日まで",
    "districts": "牡鹿郡女川町小乗浜",
    "conditions": "イ及びウの点に夜間識別可能な標識を設置しなければならない。",
    "n_vertices": 4,
    "missing_vertices": null,
    "shoreline_bounded": false,
    "valid": true,
    "invalid_reason": null,
    "area_ha": 5.68,
    "source_page": 28
   },
   "geometry": {
    "type": "Polygon",
    "coordinates": [
     [
      [
       141.4576667,
       38.4378333
      ],
      [
       141.458,
       38.4388333
      ],
      [
       141.4616667,
       38.437
      ],
      [
       141.4606667,
       38.4353333
      ],
      [
       141.4576667,
       38.4378333
      ]
     ]
    ]
   }
  },
  {
   "type": "Feature",
   "id": "区第2432号",
   "properties": {
    "right_no": "区第2432号",
    "holder": "宮城県漁業協同組合",
    "location": "牡鹿郡女川町小乗浜地先",
    "right_type": "第一種区画漁業",
    "fishery": "藻類養殖業・貝類等垂下式養殖業",
    "season": "9月1日から翌年5月31日まで1月1日から12月31日まで",
    "term": "令和5年9月1日から令和10年8月31日まで",
    "districts": "牡鹿郡女川町小乗浜",
    "conditions": "",
    "n_vertices": 4,
    "missing_vertices": null,
    "shoreline_bounded": false,
    "valid": true,
    "invalid_reason": null,
    "area_ha": 0.79,
    "source_page": 28
   },
   "geometry": {
    "type": "Polygon",
    "coordinates": [
     [
      [
       141.4631667,
       38.434
      ],
      [
       141.4638333,
       38.4353333
      ],
      [
       141.4645,
       38.4351667
      ],
      [
       141.4633333,
       38.4336667
      ],
      [
       141.4631667,
       38.434
      ]
     ]
    ]
   }
  },
  {
   "type": "Feature",
   "id": "区第2433号",
   "properties": {
    "right_no": "区第2433号",
    "holder": "宮城県漁業協同組合",
    "location": "牡鹿郡女川町高白浜地先",
    "right_type": "第一種区画漁業",
    "fishery": "藻類養殖業・貝類等垂下式養殖業",
    "season": "9月1日から翌年5月31日まで1月1日から12月31日まで",
    "term": "令和5年9月1日から令和10年8月31日まで",
    "districts": "牡鹿郡女川町高白浜",
    "conditions": "",
    "n_vertices": 4,
    "missing_vertices": null,
    "shoreline_bounded": false,
    "valid": true,
    "invalid_reason": null,
    "area_ha": 4.07,
    "source_page": 28
   },
   "geometry": {
    "type": "Polygon",
    "coordinates": [
     [
      [
       141.4655,
       38.432
      ],
      [
       141.467,
       38.4338333
      ],
      [
       141.4686667,
       38.433
      ],
      [
       141.467,
       38.4311667
      ],
      [
       141.4655,
       38.432
      ]
     ]
    ]
   }
  },
  {
   "type": "Feature",
   "id": "区第2434号",
   "properties": {
    "right_no": "区第2434号",
    "holder": "宮城県漁業協同組合",
    "location": "牡鹿郡女川町高白浜地先",
    "right_type": "第一種区画漁業",
    "fishery": "藻類養殖業・貝類等垂下式養殖業",
    "season": "9月1日から翌年5月31日まで1月1日から12月31日まで",
    "term": "令和5年9月1日から令和10年8月31日まで",
    "districts": "牡鹿郡女川町高白浜",
    "conditions": "",
    "n_vertices": 6,
    "missing_vertices": null,
    "shoreline_bounded": false,
    "valid": true,
    "invalid_reason": null,
    "area_ha": 7.13,
    "source_page": 28
   },
   "geometry": {
    "type": "Polygon",
    "coordinates": [
     [
      [
       141.4693333,
       38.4281667
      ],
      [
       141.471,
       38.427
      ],
      [
       141.4675,
       38.4253333
      ],
      [
       141.466,
       38.4265
      ],
      [
       141.4675,
       38.4281667
      ],
      [
       141.4685,
       38.4273333
      ],
      [
       141.4693333,
       38.4281667
      ]
     ]
    ]
   }
  },
  {
   "type": "Feature",
   "id": "区第2435号",
   "properties": {
    "right_no": "区第2435号",
    "holder": "宮城県漁業協同組合",
    "location": "牡鹿郡女川町高白浜地先",
    "right_type": "第一種区画漁業",
    "fishery": "小割式魚類養殖業",
    "season": "1月1日から12月31日まで",
    "term": "令和5年9月1日から令和10年8月31日まで",
    "districts": "牡鹿郡女川町高白浜",
    "conditions": "",
    "n_vertices": 4,
    "missing_vertices": null,
    "shoreline_bounded": false,
    "valid": true,
    "invalid_reason": null,
    "area_ha": 0.86,
    "source_page": 28
   },
   "geometry": {
    "type": "Polygon",
    "coordinates": [
     [
      [
       141.469,
       38.4283333
      ],
      [
       141.4685,
       38.4276667
      ],
      [
       141.4676667,
       38.4283333
      ],
      [
       141.4683333,
       38.429
      ],
      [
       141.469,
       38.4283333
      ]
     ]
    ]
   }
  },
  {
   "type": "Feature",
   "id": "区第2436号",
   "properties": {
    "right_no": "区第2436号",
    "holder": "宮城県漁業協同組合",
    "location": "牡鹿郡女川町高白浜地先",
    "right_type": "第一種区画漁業",
    "fishery": "藻類養殖業・貝類等垂下式養殖業",
    "season": "9月1日から翌年5月31日まで1月1日から12月31日まで",
    "term": "令和5年9月1日から令和10年8月31日まで",
    "districts": "牡鹿郡女川町高白浜",
    "conditions": "イ及びウの点に夜間識別可能な緑色の標識を設置しなければならない。（光達距離３キロメートル以上）",
    "n_vertices": 4,
    "missing_vertices": null,
    "shoreline_bounded": false,
    "valid": true,
    "invalid_reason": null,
    "area_ha": 21.72,
    "source_page": 28
   },
   "geometry": {
    "type": "Polygon",
    "coordinates": [
     [
      [
       141.4675,
       38.4306667
      ],
      [
       141.4693333,
       38.4328333
      ],
      [
       141.4755,
       38.4295
      ],
      [
       141.473,
       38.4266667
      ],
      [
       141.4675,
       38.4306667
      ]
     ]
    ]
   }
  },
  {
   "type": "Feature",
   "id": "区第2437号",
   "properties": {
    "right_no": "区第2437号",
    "holder": "宮城県漁業協同組合",
    "location": "牡鹿郡女川町横浦地先",
    "right_type": "第一種区画漁業",
    "fishery": "藻類養殖業・貝類等垂下式養殖業",
    "season": "9月1日から翌年5月31日まで1月1日から12月31日まで",
    "term": "令和5年9月1日から令和10年8月31日まで",
    "districts": "牡鹿郡女川町横浦",
    "conditions": "",
    "n_vertices": 5,
    "missing_vertices": null,
    "shoreline_bounded": false,
    "valid": true,
    "invalid_reason": null,
    "area_ha": 18.59,
    "source_page": 28
   },
   "geometry": {
    "type": "Polygon",
    "coordinates": [
     [
      [
       141.474,
       38.4258333
      ],
      [
       141.476,
       38.4285
      ],
      [
       141.4788333,
       38.4198333
      ],
      [
       141.4763333,
       38.4198333
      ],
      [
       141.475,
       38.4238333
      ],
      [
       141.474,
       38.4258333
      ]
     ]
    ]
   }
  },
  {
   "type": "Feature",
   "id": "区第2438号",
   "properties": {
    "right_no": "区第2438号",
    "holder": "宮城県漁業協同組合",
    "location": "牡鹿郡女川町横浦黒浜地先",
    "right_type": "第一種区画漁業",
    "fishery": "貝類等垂下式養殖業",
    "season": "1月1日から12月31日まで",
    "term": "令和7年10月1日から令和10年8月31日まで",
    "districts": "牡鹿郡女川町横浦",
    "conditions": "ウの点に夜間識別可能な標識を設置しなければならない。",
    "n_vertices": 6,
    "missing_vertices": null,
    "shoreline_bounded": false,
    "valid": true,
    "invalid_reason": null,
    "area_ha": 55.57,
    "source_page": 29
   },
   "geometry": {
    "type": "Polygon",
    "coordinates": [
     [
      [
       141.4761667,
       38.4185
      ],
      [
       141.4795,
       38.4175
      ],
      [
       141.4821667,
       38.4126667
      ],
      [
       141.4786667,
       38.4065
      ],
      [
       141.4736667,
       38.4071667
      ],
      [
       141.476,
       38.4121667
      ],
      [
       141.4761667,
       38.4185
      ]
     ]
    ]
   }
  },
  {
   "type": "Feature",
   "id": "区第2439号",
   "properties": {
    "right_no": "区第2439号",
    "holder": "宮城県漁業協同組合",
    "location": "牡鹿郡女川町横浦黒浜地先",
    "right_type": "第一種区画漁業",
    "fishery": "小割式魚類養殖業",
    "season": "1月1日から12月31日まで",
    "term": "令和7年10月1日から令和10年8月31日まで",
    "districts": "牡鹿郡女川町横浦",
    "conditions": "",
    "n_vertices": 4,
    "missing_vertices": null,
    "shoreline_bounded": false,
    "valid": true,
    "invalid_reason": null,
    "area_ha": 5.72,
    "source_page": 29
   },
   "geometry": {
    "type": "Polygon",
    "coordinates": [
     [
      [
       141.4731667,
       38.4056667
      ],
      [
       141.4736667,
       38.4071667
      ],
      [
       141.4786667,
       38.4065
      ],
      [
       141.478,
       38.4056667
      ],
      [
       141.4731667,
       38.4056667
      ]
     ]
    ]
   }
  },
  {
   "type": "Feature",
   "id": "区第2441号",
   "properties": {
    "right_no": "区第2441号",
    "holder": "宮城県漁業協同組合",
    "location": "牡鹿郡女川町大石原地先",
    "right_type": "第一種区画漁業",
    "fishery": "藻類養殖業・貝類等垂下式養殖業",
    "season": "9月1日から翌年5月31日まで1月1日から12月31日まで",
    "term": "令和7年10月1日から令和10年8月31日まで",
    "districts": "牡鹿郡女川町大石原",
    "conditions": "カの点に夜間識別可能な標識を設置しなければならない。（光達距離３キロメートル以上）",
    "n_vertices": 8,
    "missing_vertices": null,
    "shoreline_bounded": false,
    "valid": true,
    "invalid_reason": null,
    "area_ha": 26.45,
    "source_page": 29
   },
   "geometry": {
    "type": "Polygon",
    "coordinates": [
     [
      [
       141.4698333,
       38.3976667
      ],
      [
       141.4678333,
       38.3991667
      ],
      [
       141.4685,
       38.3996667
      ],
      [
       141.4676667,
       38.4001667
      ],
      [
       141.4736667,
       38.4048333
      ],
      [
       141.4773333,
       38.4045
      ],
      [
       141.4736667,
       38.4003333
      ],
      [
       141.4725,
       38.4008333
      ],
      [
       141.4698333,
       38.3976667
      ]
     ]
    ]
   }
  },
  {
   "type": "Feature",
   "id": "区第2442号",
   "properties": {
    "right_no": "区第2442号",
    "holder": "宮城県漁業協同組合",
    "location": "牡鹿郡女川町野々浜地先",
    "right_type": "第一種区画漁業",
    "fishery": "藻類養殖業・貝類等垂下式養殖業",
    "season": "9月1日から翌年5月31日まで1月1日から12月31日まで",
    "term": "令和7年10月1日から令和10年8月31日まで",
    "districts": "牡鹿郡女川町野々浜",
    "conditions": "ウ及びエの点に夜間識別可能な標識を設置しなければならない。",
    "n_vertices": 10,
    "missing_vertices": null,
    "shoreline_bounded": false,
    "valid": true,
    "invalid_reason": null,
    "area_ha": 18.69,
    "source_page": 29
   },
   "geometry": {
    "type": "Polygon",
    "coordinates": [
     [
      [
       141.4725,
       38.4008333
      ],
      [
       141.4736667,
       38.4003333
      ],
      [
       141.4741667,
       38.4001667
      ],
      [
       141.4733333,
       38.3985
      ],
      [
       141.4743333,
       38.3971667
      ],
      [
       141.4738333,
       38.3953333
      ],
      [
       141.4725,
       38.3946667
      ],
      [
       141.4716667,
       38.3946667
      ],
      [
       141.469,
       38.3966667
      ],
      [
       141.4698333,
       38.3976667
      ],
      [
       141.4725,
       38.4008333
      ]
     ]
    ]
   }
  },
  {
   "type": "Feature",
   "id": "区第2444号",
   "properties": {
    "right_no": "区第2444号",
    "holder": "宮城県漁業協同組合",
    "location": "牡鹿郡女川町飯子浜地先",
    "right_type": "第一種区画漁業",
    "fishery": "藻類養殖業・貝類等垂下式養殖業",
    "season": "9月1日から翌年5月31日まで1月1日から12月31日まで",
    "term": "令和7年10月1日から令和10年8月31日まで",
    "districts": "牡鹿郡女川町飯子浜",
    "conditions": "ア及びクの点に夜間識別可能な標識を設置しなければならない。船舶航行に支障がないよう航路幅20メートル以上の航路を設けなければならない。",
    "n_vertices": 22,
    "missing_vertices": null,
    "shoreline_bounded": false,
    "valid": true,
    "invalid_reason": null,
    "area_ha": 54.36,
    "source_page": 30
   },
   "geometry": {
    "type": "Polygon",
    "coordinates": [
     [
      [
       141.4828333,
       38.41
      ],
      [
       141.4883333,
       38.4061667
      ],
      [
       141.4881667,
       38.4058333
      ],
      [
       141.4865,
       38.4055
      ],
      [
       141.4855,
       38.4045
      ],
      [
       141.4838333,
       38.4048333
      ],
      [
       141.4828333,
       38.4023333
      ],
      [
       141.4805,
       38.401
      ],
      [
       141.4803333,
       38.3993333
      ],
      [
       141.4793333,
       38.3991667
      ],
      [
       141.478,
       38.4006667
      ],
      [
       141.4768333,
       38.4
      ],
      [
       141.4768333,
       38.3991667
      ],
      [
       141.4755,
       38.3993333
      ],
      [
       141.4746667,
       38.3985
      ],
      [
       141.4751667,
       38.3976667
      ],
      [
       141.475,
       38.3975
      ],
      [
       141.4736667,
       38.399
      ],
      [
       141.4785,
       38.4048333
      ],
      [
       141.4791667,
       38.4043333
      ],
      [
       141.4813333,
       38.4068333
      ],
      [
       141.4806667,
       38.4073333
      ],
      [
       141.4828333,
       38.41
      ]
     ]
    ]
   }
  },
  {
   "type": "Feature",
   "id": "区第2445号",
   "properties": {
    "right_no": "区第2445号",
    "holder": "宮城県漁業協同組合",
    "location": "牡鹿郡女川町飯子浜地先",
    "right_type": "第一種区画漁業",
    "fishery": "小割式魚類養殖業",
    "season": "1月1日から12月31日まで",
    "term": "令和7年10月1日から令和10年8月31日まで",
    "districts": "牡鹿郡女川町飯子浜",
    "conditions": "エの点に夜間識別可能な標識を設置しなければならない。",
    "n_vertices": 4,
    "missing_vertices": null,
    "shoreline_bounded": false,
    "valid": true,
    "invalid_reason": null,
    "area_ha": 2.65,
    "source_page": 30
   },
   "geometry": {
    "type": "Polygon",
    "coordinates": [
     [
      [
       141.4806667,
       38.4073333
      ],
      [
       141.4813333,
       38.4068333
      ],
      [
       141.4791667,
       38.4043333
      ],
      [
       141.4785,
       38.4048333
      ],
      [
       141.4806667,
       38.4073333
      ]
     ]
    ]
   }
  },
  {
   "type": "Feature",
   "id": "区第2448号",
   "properties": {
    "right_no": "区第2448号",
    "holder": "宮城県漁業協同組合",
    "location": "牡鹿郡女川町塚浜地先",
    "right_type": "第一種区画漁業",
    "fishery": "貝類等垂下式養殖業",
    "season": "1月1日から12月31日まで",
    "term": "令和7年10月1日から令和10年8月31日まで",
    "districts": "牡鹿郡女川町塚浜",
    "conditions": "アの点に夜間識別可能な標識を設置しなければならない。",
    "n_vertices": 6,
    "missing_vertices": null,
    "shoreline_bounded": false,
    "valid": true,
    "invalid_reason": null,
    "area_ha": 25.32,
    "source_page": 30
   },
   "geometry": {
    "type": "Polygon",
    "coordinates": [
     [
      [
       141.4865,
       38.4145
      ],
      [
       141.4908333,
       38.4115
      ],
      [
       141.4881667,
       38.4086667
      ],
      [
       141.4868333,
       38.4095
      ],
      [
       141.4855,
       38.4081667
      ],
      [
       141.4828333,
       38.41
      ],
      [
       141.4865,
       38.4145
      ]
     ]
    ]
   }
  },
  {
   "type": "Feature",
   "id": "区第2449号",
   "properties": {
    "right_no": "区第2449号",
    "holder": "宮城県漁業協同組合",
    "location": "牡鹿郡女川町塚浜地先",
    "right_type": "第一種区画漁業",
    "fishery": "小割式魚類養殖業",
    "season": "1月1日から12月31日まで",
    "term": "令和5年9月1日から令和10年8月31日まで",
    "districts": "牡鹿郡女川町塚浜",
    "conditions": "",
    "n_vertices": 4,
    "missing_vertices": null,
    "shoreline_bounded": false,
    "valid": true,
    "invalid_reason": null,
    "area_ha": 1.81,
    "source_page": 30
   },
   "geometry": {
    "type": "Polygon",
    "coordinates": [
     [
      [
       141.4866667,
       38.4091667
      ],
      [
       141.4878333,
       38.4085
      ],
      [
       141.4868333,
       38.4073333
      ],
      [
       141.4858333,
       38.408
      ],
      [
       141.4866667,
       38.4091667
      ]
     ]
    ]
   }
  },
  {
   "type": "Feature",
   "id": "区第2450号",
   "properties": {
    "right_no": "区第2450号",
    "holder": "宮城県漁業協同組合",
    "location": "牡鹿郡女川町塚浜地先",
    "right_type": "第一種区画漁業",
    "fishery": "藻類養殖業・貝類等垂下式養殖業",
    "season": "9月1日から翌年5月31日まで1月1日から12月31日まで",
    "term": "令和5年9月1日から令和10年8月31日まで",
    "districts": "牡鹿郡女川町塚浜",
    "conditions": "ア及びイの点に夜間識別可能な標識を設置しなければならない。（光達距離３キロメートル以上）",
    "n_vertices": 4,
    "missing_vertices": null,
    "shoreline_bounded": false,
    "valid": true,
    "invalid_reason": null,
    "area_ha": 56.45,
    "source_page": 30
   },
   "geometry": {
    "type": "Polygon",
    "coordinates": [
     [
      [
       141.488,
       38.4161667
      ],
      [
       141.4926667,
       38.422
      ],
      [
       141.4998333,
       38.4185
      ],
      [
       141.4955,
       38.4126667
      ],
      [
       141.488,
       38.4161667
      ]
     ]
    ]
   }
  },
  {
   "type": "Feature",
   "id": "区第2451号",
   "properties": {
    "right_no": "区第2451号",
    "holder": "宮城県漁業協同組合",
    "location": "牡鹿郡女川町小屋取地先",
    "right_type": "第一種区画漁業",
    "fishery": "藻類養殖業・貝類等垂下式養殖業",
    "season": "9月1日から翌年5月31日まで1月1日から12月31日まで",
    "term": "令和5年9月1日から令和10年8月31日まで",
    "districts": "牡鹿郡女川町塚浜、小屋取",
    "conditions": "ア、ウ及びエの点に夜間識別可能な標識を設置しなければならない。（ウのみ光達距離３キロメートル以上）",
    "n_vertices": 5,
    "missing_vertices": null,
    "shoreline_bounded": false,
    "valid": true,
    "invalid_reason": null,
    "area_ha": 39.09,
    "source_page": 31
   },
   "geometry": {
    "type": "Polygon",
    "coordinates": [
     [
      [
       141.5078333,
       38.4063333
      ],
      [
       141.509,
       38.4073333
      ],
      [
       141.5133333,
       38.412
      ],
      [
       141.5178333,
       38.4091667
      ],
      [
       141.5123333,
       38.4035
      ],
      [
       141.5078333,
       38.4063333
      ]
     ]
    ]
   }
  },
  {
   "type": "Feature",
   "id": "区第2452号",
   "properties": {
    "right_no": "区第2452号",
    "holder": "宮城県漁業協同組合",
    "location": "牡鹿郡女川町浦宿地先",
    "right_type": "第一種区画漁業",
    "fishery": "貝類等垂下式養殖業",
    "season": "1月1日から12月31日まで",
    "term": "令和5年9月1日から令和10年8月31日まで",
    "districts": "牡鹿郡女川町浦宿、大沢、針浜",
    "conditions": "",
    "n_vertices": 4,
    "missing_vertices": null,
    "shoreline_bounded": false,
    "valid": true,
    "invalid_reason": null,
    "area_ha": 8.03,
    "source_page": 31
   },
   "geometry": {
    "type": "Polygon",
    "coordinates": [
     [
      [
       141.4001667,
       38.4356667
      ],
      [
       141.4055,
       38.4346667
      ],
      [
       141.4051667,
       38.4331667
      ],
      [
       141.3998333,
       38.4341667
      ],
      [
       141.4001667,
       38.4356667
      ]
     ]
    ]
   }
  },
  {
   "type": "Feature",
   "id": "区第2453号",
   "properties": {
    "right_no": "区第2453号",
    "holder": "宮城県漁業協同組合",
    "location": "牡鹿郡女川町大沢地先",
    "right_type": "第一種区画漁業",
    "fishery": "貝類等垂下式養殖業",
    "season": "1月1日から12月31日まで",
    "term": "令和5年9月1日から令和10年8月31日まで",
    "districts": "牡鹿郡女川町浦宿、大沢、針浜",
    "conditions": "",
    "n_vertices": 8,
    "missing_vertices": null,
    "shoreline_bounded": false,
    "valid": true,
    "invalid_reason": null,
    "area_ha": 35.82,
    "source_page": 31
   },
   "geometry": {
    "type": "Polygon",
    "coordinates": [
     [
      [
       141.4176667,
       38.4325
      ],
      [
       141.4173333,
       38.4301667
      ],
      [
       141.4073333,
       38.4305
      ],
      [
       141.3985,
       38.4286667
      ],
      [
       141.3991667,
       38.431
      ],
      [
       141.4018333,
       38.4318333
      ],
      [
       141.409,
       38.4325
      ],
      [
       141.4155,
       38.4316667
      ],
      [
       141.4176667,
       38.4325
      ]
     ]
    ]
   }
  },
  {
   "type": "Feature",
   "id": "区第2454号",
   "properties": {
    "right_no": "区第2454号",
    "holder": "宮城県漁業協同組合",
    "location": "牡鹿郡女川町針浜地先",
    "right_type": "第一種区画漁業",
    "fishery": "貝類等垂下式養殖業",
    "season": "1月1日から12月31日まで",
    "term": "令和5年9月1日から令和10年8月31日まで",
    "districts": "牡鹿郡女川町浦宿、大沢、針浜",
    "conditions": "",
    "n_vertices": 10,
    "missing_vertices": null,
    "shoreline_bounded": false,
    "valid": true,
    "invalid_reason": null,
    "area_ha": 48.19,
    "source_page": 31
   },
   "geometry": {
    "type": "Polygon",
    "coordinates": [
     [
      [
       141.3978333,
       38.4255
      ],
      [
       141.4055,
       38.4281667
      ],
      [
       141.4103333,
       38.4285
      ],
      [
       141.4171667,
       38.428
      ],
      [
       141.4168333,
       38.4256667
      ],
      [
       141.4108333,
       38.4266667
      ],
      [
       141.41,
       38.427
      ],
      [
       141.4048333,
       38.4265
      ],
      [
       141.3991667,
       38.4206667
      ],
      [
       141.3968333,
       38.4213333
      ],
      [
       141.3978333,
       38.4255
      ]
     ]
    ]
   }
  },
  {
   "type": "Feature",
   "id": "区第2455号",
   "properties": {
    "right_no": "区第2455号",
    "holder": "宮城県漁業協同組合",
    "location": "牡鹿郡女川町出島小名計礁地先",
    "right_type": "第一種区画漁業",
    "fishery": "貝類等垂下式養殖業",
    "season": "1月1日から12月31日まで",
    "term": "令和5年9月1日から令和10年8月31日まで",
    "districts": "牡鹿郡女川町出島",
    "conditions": "ア及びエの点に夜間識別可能な標識を設置しなければならない。（光達距離３キロメートル以上）",
    "n_vertices": 4,
    "missing_vertices": null,
    "shoreline_bounded": false,
    "valid": true,
    "invalid_reason": null,
    "area_ha": 12.23,
    "source_page": 31
   },
   "geometry": {
    "type": "Polygon",
    "coordinates": [
     [
      [
       141.513,
       38.4751667
      ],
      [
       141.5146667,
       38.475
      ],
      [
       141.5116667,
       38.4675
      ],
      [
       141.5101667,
       38.4681667
      ],
      [
       141.513,
       38.4751667
      ]
     ]
    ]
   }
  },
  {
   "type": "Feature",
   "id": "区第2456号",
   "properties": {
    "right_no": "区第2456号",
    "holder": "宮城県漁業協同組合",
    "location": "牡鹿郡女川町出島宇ノ島地先",
    "right_type": "第一種区画漁業",
    "fishery": "貝類等垂下式養殖業",
    "season": "1月1日から12月31日まで",
    "term": "令和5年9月1日から令和10年8月31日まで",
    "districts": "牡鹿郡女川町出島",
    "conditions": "アの点に夜間識別可能な標識を設置しなければならない。（光達距離３キロメートル以上）",
    "n_vertices": 4,
    "missing_vertices": null,
    "shoreline_bounded": false,
    "valid": true,
    "invalid_reason": null,
    "area_ha": 7.64,
    "source_page": 31
   },
   "geometry": {
    "type": "Polygon",
    "coordinates": [
     [
      [
       141.511,
       38.463
      ],
      [
       141.5105,
       38.4658333
      ],
      [
       141.5148333,
       38.4645
      ],
      [
       141.5138333,
       38.463
      ],
      [
       141.511,
       38.463
      ]
     ]
    ]
   }
  },
  {
   "type": "Feature",
   "id": "区第2457号",
   "properties": {
    "right_no": "区第2457号",
    "holder": "宮城県漁業協同組合",
    "location": "牡鹿郡女川町出島地先",
    "right_type": "第一種区画漁業",
    "fishery": "貝類等垂下式養殖業",
    "season": "1月1日から12月31日まで",
    "term": "令和5年9月1日から令和10年8月31日まで",
    "districts": "牡鹿郡女川町出島",
    "conditions": "アの点に夜間識別可能な標識を設置しなければならない。",
    "n_vertices": 8,
    "missing_vertices": null,
    "shoreline_bounded": false,
    "valid": true,
    "invalid_reason": null,
    "area_ha": 9.29,
    "source_page": 31
   },
   "geometry": {
    "type": "Polygon",
    "coordinates": [
     [
      [
       141.5111667,
       38.4616667
      ],
      [
       141.5146667,
       38.462
      ],
      [
       141.5155,
       38.4601667
      ],
      [
       141.5138333,
       38.4596667
      ],
      [
       141.5138333,
       38.4595
      ],
      [
       141.513,
       38.4588333
      ],
      [
       141.5121667,
       38.459
      ],
      [
       141.5116667,
       38.4585
      ],
      [
       141.5111667,
       38.4616667
      ]
     ]
    ]
   }
  },
  {
   "type": "Feature",
   "id": "区第2458号",
   "properties": {
    "right_no": "区第2458号",
    "holder": "宮城県漁業協同組合",
    "location": "牡鹿郡女川町出島蛸ノ島地先",
    "right_type": "第一種区画漁業",
    "fishery": "貝類等垂下式養殖業",
    "season": "1月1日から12月31日まで",
    "term": "令和5年9月1日から令和10年8月31日まで",
    "districts": "牡鹿郡女川町出島",
    "conditions": "イ及びウの点に夜間識別可能な標識を設置しなければならない。（ウのみ光達距離３キロメートル以上）",
    "n_vertices": 4,
    "missing_vertices": null,
    "shoreline_bounded": false,
    "valid": true,
    "invalid_reason": null,
    "area_ha": 6.91,
    "source_page": 31
   },
   "geometry": {
    "type": "Polygon",
    "coordinates": [
     [
      [
       141.5155,
       38.4553333
      ],
      [
       141.5126667,
       38.4563333
      ],
      [
       141.512,
       38.4578333
      ],
      [
       141.5158333,
       38.4581667
      ],
      [
       141.5155,
       38.4553333
      ]
     ]
    ]
   }
  },
  {
   "type": "Feature",
   "id": "区第2459号",
   "properties": {
    "right_no": "区第2459号",
    "holder": "宮城県漁業協同組合",
    "location": "牡鹿郡女川町出島地先",
    "right_type": "第一種区画漁業",
    "fishery": "貝類等垂下式養殖業",
    "season": "1月1日から12月31日まで",
    "term": "令和5年9月1日から令和10年8月31日まで",
    "districts": "牡鹿郡女川町出島",
    "conditions": "",
    "n_vertices": 4,
    "missing_vertices": null,
    "shoreline_bounded": false,
    "valid": true,
    "invalid_reason": null,
    "area_ha": 2.41,
    "source_page": 32
   },
   "geometry": {
    "type": "Polygon",
    "coordinates": [
     [
      [
       141.5161667,
       38.4545
      ],
      [
       141.5171667,
       38.4558333
      ],
      [
       141.5183333,
       38.4555
      ],
      [
       141.5178333,
       38.4538333
      ],
      [
       141.5161667,
       38.4545
      ]
     ]
    ]
   }
  },
  {
   "type": "Feature",
   "id": "区第2460号",
   "properties": {
    "right_no": "区第2460号",
    "holder": "宮城県漁業協同組合",
    "location": "牡鹿郡女川町出島地先",
    "right_type": "第一種区画漁業",
    "fishery": "小割式魚類養殖業",
    "season": "1月1日から12月31日まで",
    "term": "令和5年9月1日から令和10年8月31日まで",
    "districts": "牡鹿郡女川町出島",
    "conditions": "",
    "n_vertices": 6,
    "missing_vertices": null,
    "shoreline_bounded": false,
    "valid": true,
    "invalid_reason": null,
    "area_ha": 2.26,
    "source_page": 32
   },
   "geometry": {
    "type": "Polygon",
    "coordinates": [
     [
      [
       141.5153333,
       38.4531667
      ],
      [
       141.5158333,
       38.4541667
      ],
      [
       141.518,
       38.4533333
      ],
      [
       141.5173333,
       38.453
      ],
      [
       141.5175,
       38.4525
      ],
      [
       141.5175,
       38.4523333
      ],
      [
       141.5153333,
       38.4531667
      ]
     ]
    ]
   }
  },
  {
   "type": "Feature",
   "id": "区第2461号",
   "properties": {
    "right_no": "区第2461号",
    "holder": "宮城県漁業協同組合",
    "location": "牡鹿郡女川町出島地先",
    "right_type": "第一種区画漁業",
    "fishery": "貝類等垂下式養殖業",
    "season": "1月1日から12月31日まで",
    "term": "令和5年9月1日から令和10年8月31日まで",
    "districts": "牡鹿郡女川町出島",
    "conditions": "アの点に夜間識別可能な標識を設置しなければならない。（光達距離３キロメートル以上）",
    "n_vertices": 7,
    "missing_vertices": null,
    "shoreline_bounded": false,
    "valid": true,
    "invalid_reason": null,
    "area_ha": 1.78,
    "source_page": 32
   },
   "geometry": {
    "type": "Polygon",
    "coordinates": [
     [
      [
       141.5146667,
       38.4521667
      ],
      [
       141.515,
       38.4525
      ],
      [
       141.516,
       38.4521667
      ],
      [
       141.5158333,
       38.4518333
      ],
      [
       141.5171667,
       38.4513333
      ],
      [
       141.517,
       38.4508333
      ],
      [
       141.5151667,
       38.4513333
      ],
      [
       141.5146667,
       38.4521667
      ]
     ]
    ]
   }
  },
  {
   "type": "Feature",
   "id": "区第2462号",
   "properties": {
    "right_no": "区第2462号",
    "holder": "宮城県漁業協同組合",
    "location": "牡鹿郡女川町出島山下浜地先",
    "right_type": "第一種区画漁業",
    "fishery": "小割式魚類養殖業",
    "season": "1月1日から12月31日まで",
    "term": "令和5年9月1日から令和10年8月31日まで",
    "districts": "牡鹿郡女川町出島",
    "conditions": "",
    "n_vertices": 4,
    "missing_vertices": null,
    "shoreline_bounded": false,
    "valid": true,
    "invalid_reason": null,
    "area_ha": 1.25,
    "source_page": 32
   },
   "geometry": {
    "type": "Polygon",
    "coordinates": [
     [
      [
       141.5173333,
       38.4473333
      ],
      [
       141.5173333,
       38.449
      ],
      [
       141.5181667,
       38.4486667
      ],
      [
       141.5183333,
       38.4475
      ],
      [
       141.5173333,
       38.4473333
      ]
     ]
    ]
   }
  },
  {
   "type": "Feature",
   "id": "区第2463号",
   "properties": {
    "right_no": "区第2463号",
    "holder": "宮城県漁業協同組合",
    "location": "牡鹿郡女川町出島山下浜地先",
    "right_type": "第一種区画漁業",
    "fishery": "藻類養殖業・貝類等垂下式養殖業",
    "season": "9月1日から翌年5月31日まで1月1日から12月31日まで",
    "term": "令和7年10月1日から令和10年8月31日まで",
    "districts": "牡鹿郡女川町出島",
    "conditions": "ア、カ及びキの点に夜間識別可能な標識を設置しなければならない。（光達距離３キロメートル以上）",
    "n_vertices": 7,
    "missing_vertices": null,
    "shoreline_bounded": false,
    "valid": true,
    "invalid_reason": null,
    "area_ha": 26.78,
    "source_page": 32
   },
   "geometry": {
    "type": "Polygon",
    "coordinates": [
     [
      [
       141.5151667,
       38.4498333
      ],
      [
       141.5168333,
       38.4491667
      ],
      [
       141.5175,
       38.442
      ],
      [
       141.5188333,
       38.4396667
      ],
      [
       141.5188333,
       38.4376667
      ],
      [
       141.5153333,
       38.4376667
      ],
      [
       141.5153333,
       38.4428333
      ],
      [
       141.5151667,
       38.4498333
      ]
     ]
    ]
   }
  },
  {
   "type": "Feature",
   "id": "区第2465号",
   "properties": {
    "right_no": "区第2465号",
    "holder": "宮城県漁業協同組合",
    "location": "牡鹿郡女川町出島四子崎、沖合見地先",
    "right_type": "第一種区画漁業",
    "fishery": "藻類養殖業・貝類等垂下式養殖業",
    "season": "9月1日から翌年5月31日まで1月1日から12月31日まで",
    "term": "令和5年9月1日から令和10年8月31日まで",
    "districts": "牡鹿郡女川町出島",
    "conditions": "ア、イ、エ、カ及びキの点に夜間識別可能な標識を設置しなければならない。（光達距離３キロメートル以上）",
    "n_vertices": 7,
    "missing_vertices": null,
    "shoreline_bounded": false,
    "valid": true,
    "invalid_reason": null,
    "area_ha": 123.98,
    "source_page": 32
   },
   "geometry": {
    "type": "Polygon",
    "coordinates": [
     [
      [
       141.5231667,
       38.4361667
      ],
      [
       141.5475,
       38.4355
      ],
      [
       141.5453333,
       38.4316667
      ],
      [
       141.5403333,
       38.4298333
      ],
      [
       141.5358333,
       38.43
      ],
      [
       141.5305,
       38.4301667
      ],
      [
       141.5205,
       38.4325
      ],
      [
       141.5231667,
       38.4361667
      ]
     ]
    ]
   }
  },
  {
   "type": "Feature",
   "id": "区第2466号",
   "properties": {
    "right_no": "区第2466号",
    "holder": "宮城県漁業協同組合",
    "location": "牡鹿郡女川町出島寺間崎地先",
    "right_type": "第一種区画漁業",
    "fishery": "藻類養殖業・貝類等垂下式養殖業",
    "season": "9月1日から翌年5月31日まで1月1日から12月31日まで",
    "term": "令和5年9月1日から令和10年8月31日まで",
    "districts": "牡鹿郡女川町出島",
    "conditions": "イ及びウの点に夜間識別可能な標識を設置しなければならない。（光達距離３キロメートル以上）",
    "n_vertices": 4,
    "missing_vertices": null,
    "shoreline_bounded": false,
    "valid": true,
    "invalid_reason": null,
    "area_ha": 19.44,
    "source_page": 33
   },
   "geometry": {
    "type": "Polygon",
    "coordinates": [
     [
      [
       141.5375,
       38.4515
      ],
      [
       141.5405,
       38.4525
      ],
      [
       141.5436667,
       38.4468333
      ],
      [
       141.5406667,
       38.4458333
      ],
      [
       141.5375,
       38.4515
      ]
     ]
    ]
   }
  },
  {
   "type": "Feature",
   "id": "区第2467号",
   "properties": {
    "right_no": "区第2467号",
    "holder": "宮城県漁業協同組合",
    "location": "牡鹿郡女川町鞍掛島地先",
    "right_type": "第一種区画漁業",
    "fishery": "藻類養殖業・貝類等垂下式養殖業",
    "season": "9月1日から翌年5月31日まで1月1日から12月31日まで",
    "term": "令和5年9月1日から令和10年8月31日まで",
    "districts": "牡鹿郡女川町出島",
    "conditions": "イ、ウ及びエの点に夜間識別可能な標識を設置しなければならない。",
    "n_vertices": 7,
    "missing_vertices": null,
    "shoreline_bounded": false,
    "valid": true,
    "invalid_reason": null,
    "area_ha": 138.22,
    "source_page": 33
   },
   "geometry": {
    "type": "Polygon",
    "coordinates": [
     [
      [
       141.5278333,
       38.4736667
      ],
      [
       141.5293333,
       38.4735
      ],
      [
       141.539,
       38.4693333
      ],
      [
       141.5408333,
       38.4613333
      ],
      [
       141.5338333,
       38.4583333
      ],
      [
       141.5306667,
       38.4633333
      ],
      [
       141.5243333,
       38.4663333
      ],
      [
       141.5278333,
       38.4736667
      ]
     ]
    ]
   }
  },
  {
   "type": "Feature",
   "id": "区第2468号",
   "properties": {
    "right_no": "区第2468号",
    "holder": "宮城県漁業協同組合",
    "location": "牡鹿郡女川町毘沙門島地先",
    "right_type": "第一種区画漁業",
    "fishery": "藻類養殖業・貝類等垂下式養殖業",
    "season": "9月1日から翌年5月31日まで1月1日から12月31日まで",
    "term": "令和5年9月1日から令和10年8月31日まで",
    "districts": "牡鹿郡女川町出島",
    "conditions": "ア点に夜間識別可能な標識を設置しなければならない。（光達距離３キロメートル以上）",
    "n_vertices": 4,
    "missing_vertices": null,
    "shoreline_bounded": false,
    "valid": true,
    "invalid_reason": null,
    "area_ha": 7.07,
    "source_page": 33
   },
   "geometry": {
    "type": "Polygon",
    "coordinates": [
     [
      [
       141.5161667,
       38.4761667
      ],
      [
       141.5191667,
       38.4756667
      ],
      [
       141.5185,
       38.4733333
      ],
      [
       141.5155,
       38.4738333
      ],
      [
       141.5161667,
       38.4761667
      ]
     ]
    ]
   }
  },
  {
   "type": "Feature",
   "id": "区第2469号",
   "properties": {
    "right_no": "区第2469号",
    "holder": "宮城県漁業協同組合",
    "location": "牡鹿郡女川町江島水ノ平地先",
    "right_type": "第一種区画漁業",
    "fishery": "藻類養殖業・貝類等垂下式養殖業",
    "season": "9月1日から翌年5月31日まで1月1日から12月31日まで",
    "term": "令和5年9月1日から令和10年8月31日まで",
    "districts": "牡鹿郡女川町江島",
    "conditions": "",
    "n_vertices": 10,
    "missing_vertices": null,
    "shoreline_bounded": false,
    "valid": true,
    "invalid_reason": null,
    "area_ha": 33.04,
    "source_page": 33
   },
   "geometry": {
    "type": "Polygon",
    "coordinates": [
     [
      [
       141.586,
       38.3983333
      ],
      [
       141.5866667,
       38.3981667
      ],
      [
       141.5863333,
       38.3975
      ],
      [
       141.5878333,
       38.3968333
      ],
      [
       141.588,
       38.3971667
      ],
      [
       141.5896667,
       38.397
      ],
      [
       141.5913333,
       38.3953333
      ],
      [
       141.5888333,
       38.3945
      ],
      [
       141.5856667,
       38.3906667
      ],
      [
       141.5815,
       38.3928333
      ],
      [
       141.586,
       38.3983333
      ]
     ]
    ]
   }
  },
  {
   "type": "Feature",
   "id": "区第2470号",
   "properties": {
    "right_no": "区第2470号",
    "holder": "宮城県漁業協同組合",
    "location": "牡鹿郡女川町江島水ノ平地先",
    "right_type": "第一種区画漁業",
    "fishery": "藻類養殖業",
    "season": "1月1日から12月31日まで",
    "term": "令和5年9月1日から令和10年8月31日まで",
    "districts": "牡鹿郡女川町江島",
    "conditions": "",
    "n_vertices": 5,
    "missing_vertices": null,
    "shoreline_bounded": false,
    "valid": true,
    "invalid_reason": null,
    "area_ha": 7.45,
    "source_page": 33
   },
   "geometry": {
    "type": "Polygon",
    "coordinates": [
     [
      [
       141.593,
       38.3931667
      ],
      [
       141.5946667,
       38.3915
      ],
      [
       141.5915,
       38.3895
      ],
      [
       141.591,
       38.3901667
      ],
      [
       141.591,
       38.3921667
      ],
      [
       141.593,
       38.3931667
      ]
     ]
    ]
   }
  },
  {
   "type": "Feature",
   "id": "区第2501号",
   "properties": {
    "right_no": "区第2501号",
    "holder": "宮城県漁業協同組合",
    "location": "石巻市寄磯浜内立、田鳥浜地先",
    "right_type": "第一種区画漁業",
    "fishery": "藻類養殖業・貝類等垂下式養殖業",
    "season": "9月1日から翌年5月31日まで1月1日から12月31日まで",
    "term": "令和5年9月1日から令和10年8月31日まで",
    "districts": "石巻市寄磯浜、前網浜",
    "conditions": "ア及びエの点に夜間識別可能な標識を設置しなければならない。",
    "n_vertices": 4,
    "missing_vertices": null,
    "shoreline_bounded": false,
    "valid": true,
    "invalid_reason": null,
    "area_ha": 53.35,
    "source_page": 33
   },
   "geometry": {
    "type": "Polygon",
    "coordinates": [
     [
      [
       141.5276667,
       38.4056667
      ],
      [
       141.5236667,
       38.4003333
      ],
      [
       141.5145,
       38.404
      ],
      [
       141.5205,
       38.4083333
      ],
      [
       141.5276667,
       38.4056667
      ]
     ]
    ]
   }
  },
  {
   "type": "Feature",
   "id": "区第2502号",
   "properties": {
    "right_no": "区第2502号",
    "holder": "宮城県漁業協同組合",
    "location": "石巻市寄磯浜寺ノ下地先",
    "right_type": "第一種区画漁業",
    "fishery": "藻類養殖業・貝類等垂下式養殖業",
    "season": "9月1日から翌年5月31日まで1月1日から12月31日まで",
    "term": "令和5年9月1日から令和10年8月31日まで",
    "districts": "石巻市寄磯浜",
    "conditions": "ア、カ、キ及びクの点に夜間識別可能な標識を設置しなければならない。（カ、キ、クのみ光達距離３キロメートル以上）",
    "n_vertices": 8,
    "missing_vertices": null,
    "shoreline_bounded": false,
    "valid": true,
    "invalid_reason": null,
    "area_ha": 118.92,
    "source_page": 33
   },
   "geometry": {
    "type": "Polygon",
    "coordinates": [
     [
      [
       141.521,
       38.3858333
      ],
      [
       141.5246667,
       38.385
      ],
      [
       141.5271667,
       38.3801667
      ],
      [
       141.5326667,
       38.3798333
      ],
      [
       141.5398333,
       38.385
      ],
      [
       141.5416667,
       38.3833333
      ],
      [
       141.5325,
       38.3736667
      ],
      [
       141.5188333,
       38.3785
      ],
      [
       141.521,
       38.3858333
      ]
     ]
    ]
   }
  },
  {
   "type": "Feature",
   "id": "区第2503号",
   "properties": {
    "right_no": "区第2503号",
    "holder": "宮城県漁業協同組合",
    "location": "石巻市前網浜地先",
    "right_type": "第一種区画漁業",
    "fishery": "藻類養殖業・貝類等垂下式養殖業",
    "season": "9月1日から翌年5月31日まで1月1日から12月31日まで",
    "term": "令和5年9月1日から令和10年8月31日まで",
    "districts": "石巻市前網浜",
    "conditions": "ア、イ及びウの点に夜間識別可能な標識を設置しなければならない。",
    "n_vertices": 6,
    "missing_vertices": null,
    "shoreline_bounded": false,
    "valid": true,
    "invalid_reason": null,
    "area_ha": 42.19,
    "source_page": 34
   },
   "geometry": {
    "type": "Polygon",
    "coordinates": [
     [
      [
       141.5203333,
       38.3855
      ],
      [
       141.5181667,
       38.3785
      ],
      [
       141.5111667,
       38.3788333
      ],
      [
       141.5135,
       38.3845
      ],
      [
       141.5158333,
       38.3843333
      ],
      [
       141.5175,
       38.3858333
      ],
      [
       141.5203333,
       38.3855
      ]
     ]
    ]
   }
  },
  {
   "type": "Feature",
   "id": "区第2504号",
   "properties": {
    "right_no": "区第2504号",
    "holder": "宮城県漁業協同組合",
    "location": "石巻市前網浜地先",
    "right_type": "第一種区画漁業",
    "fishery": "貝類等垂下式養殖業",
    "season": "1月1日から12月31日まで",
    "term": "令和5年9月1日から令和10年8月31日まで",
    "districts": "石巻市前網浜",
    "conditions": "",
    "n_vertices": 4,
    "missing_vertices": null,
    "shoreline_bounded": false,
    "valid": true,
    "invalid_reason": null,
    "area_ha": 1.47,
    "source_page": 34
   },
   "geometry": {
    "type": "Polygon",
    "coordinates": [
     [
      [
       141.5143333,
       38.3883333
      ],
      [
       141.5155,
       38.388
      ],
      [
       141.515,
       38.3868333
      ],
      [
       141.5138333,
       38.3871667
      ],
      [
       141.5143333,
       38.3883333
      ]
     ]
    ]
   }
  },
  {
   "type": "Feature",
   "id": "区第2505号",
   "properties": {
    "right_no": "区第2505号",
    "holder": "宮城県漁業協同組合",
    "location": "石巻市前網浜地先",
    "right_type": "第一種区画漁業",
    "fishery": "藻類養殖業・貝類等垂下式養殖業",
    "season": "9月1日から翌年5月31日まで1月1日から12月31日まで",
    "term": "令和5年9月1日から令和10年8月31日まで",
    "districts": "石巻市前網浜",
    "conditions": "ウの点に夜間識別可能な標識を設置しなければならない。（光達距離３キロメートル以上）",
    "n_vertices": 5,
    "missing_vertices": null,
    "shoreline_bounded": false,
    "valid": true,
    "invalid_reason": null,
    "area_ha": 35.4,
    "source_page": 34
   },
   "geometry": {
    "type": "Polygon",
    "coordinates": [
     [
      [
       141.5093333,
       38.3886667
      ],
      [
       141.5126667,
       38.3875
      ],
      [
       141.5093333,
       38.3786667
      ],
      [
       141.508,
       38.3788333
      ],
      [
       141.5056667,
       38.3816667
      ],
      [
       141.5093333,
       38.3886667
      ]
     ]
    ]
   }
  },
  {
   "type": "Feature",
   "id": "区第2506号",
   "properties": {
    "right_no": "区第2506号",
    "holder": "宮城県漁業協同組合",
    "location": "石巻市鮫浦地先",
    "right_type": "第一種区画漁業",
    "fishery": "貝類等垂下式養殖業",
    "season": "1月1日から12月31日まで",
    "term": "令和5年9月1日から令和10年8月31日まで",
    "districts": "石巻市鮫浦",
    "conditions": "キ、ク及びケの点に夜間識別可能な標識を設置しなければならない。",
    "n_vertices": 9,
    "missing_vertices": null,
    "shoreline_bounded": false,
    "valid": true,
    "invalid_reason": null,
    "area_ha": 34.23,
    "source_page": 34
   },
   "geometry": {
    "type": "Polygon",
    "coordinates": [
     [
      [
       141.4936667,
       38.3805
      ],
      [
       141.4973333,
       38.3808333
      ],
      [
       141.4973333,
       38.3815
      ],
      [
       141.5018333,
       38.3818333
      ],
      [
       141.502,
       38.3811667
      ],
      [
       141.5051667,
       38.3815
      ],
      [
       141.5075,
       38.3788333
      ],
      [
       141.5013333,
       38.3785
      ],
      [
       141.494,
       38.3781667
      ],
      [
       141.4936667,
       38.3805
      ]
     ]
    ]
   }
  },
  {
   "type": "Feature",
   "id": "区第2507号",
   "properties": {
    "right_no": "区第2507号",
    "holder": "宮城県漁業協同組合",
    "location": "石巻市鮫浦地先",
    "right_type": "第一種区画漁業",
    "fishery": "貝類等垂下式養殖業",
    "season": "1月1日から12月31日まで",
    "term": "令和5年9月1日から令和10年8月31日まで",
    "districts": "石巻市鮫浦",
    "conditions": "ウの点に夜間識別可能な標識を設置しなければならない。",
    "n_vertices": 4,
    "missing_vertices": null,
    "shoreline_bounded": false,
    "valid": true,
    "invalid_reason": null,
    "area_ha": 10.53,
    "source_page": 34
   },
   "geometry": {
    "type": "Polygon",
    "coordinates": [
     [
      [
       141.4851667,
       38.3775
      ],
      [
       141.4853333,
       38.3791667
      ],
      [
       141.4918333,
       38.3786667
      ],
      [
       141.4916667,
       38.377
      ],
      [
       141.4851667,
       38.3775
      ]
     ]
    ]
   }
  },
  {
   "type": "Feature",
   "id": "区第2508号",
   "properties": {
    "right_no": "区第2508号",
    "holder": "宮城県漁業協同組合",
    "location": "石巻市谷川浜地先",
    "right_type": "第一種区画漁業",
    "fishery": "藻類養殖業・貝類等垂下式養殖業",
    "season": "9月1日から翌年5月31日まで1月1日から12月31日まで",
    "term": "令和5年9月1日から令和10年8月31日まで",
    "districts": "石巻市谷川浜、大谷川浜",
    "conditions": "エの点に夜間識別可能な標識を設置しなければならない。",
    "n_vertices": 4,
    "missing_vertices": null,
    "shoreline_bounded": false,
    "valid": true,
    "invalid_reason": null,
    "area_ha": 13.42,
    "source_page": 34
   },
   "geometry": {
    "type": "Polygon",
    "coordinates": [
     [
      [
       141.4863333,
       38.3751667
      ],
      [
       141.4866667,
       38.3768333
      ],
      [
       141.4945,
       38.3763333
      ],
      [
       141.4941667,
       38.3745
      ],
      [
       141.4863333,
       38.3751667
      ]
     ]
    ]
   }
  },
  {
   "type": "Feature",
   "id": "区第2509号",
   "properties": {
    "right_no": "区第2509号",
    "holder": "宮城県漁業協同組合",
    "location": "石巻市谷川浜地先",
    "right_type": "第一種区画漁業",
    "fishery": "貝類等垂下式養殖業",
    "season": "1月1日から12月31日まで",
    "term": "令和5年9月1日から令和10年8月31日まで",
    "districts": "石巻市谷川浜、大谷川浜",
    "conditions": "ウ及びエの点に夜間識別可能な標識を設置しなければならない。",
    "n_vertices": 4,
    "missing_vertices": null,
    "shoreline_bounded": false,
    "valid": true,
    "invalid_reason": null,
    "area_ha": 5.63,
    "source_page": 34
   },
   "geometry": {
    "type": "Polygon",
    "coordinates": [
     [
      [
       141.4881667,
       38.3715
      ],
      [
       141.4885,
       38.3741667
      ],
      [
       141.4906667,
       38.374
      ],
      [
       141.4903333,
       38.3713333
      ],
      [
       141.4881667,
       38.3715
      ]
     ]
    ]
   }
  },
  {
   "type": "Feature",
   "id": "区第2510号",
   "properties": {
    "right_no": "区第2510号",
    "holder": "宮城県漁業協同組合",
    "location": "石巻市谷川浜地先",
    "right_type": "第一種区画漁業",
    "fishery": "貝類等垂下式養殖業",
    "season": "1月1日から12月31日まで",
    "term": "令和5年9月1日から令和10年8月31日まで",
    "districts": "石巻市谷川浜、大谷川浜",
    "conditions": "",
    "n_vertices": 4,
    "missing_vertices": null,
    "shoreline_bounded": false,
    "valid": true,
    "invalid_reason": null,
    "area_ha": 0.55,
    "source_page": 34
   },
   "geometry": {
    "type": "Polygon",
    "coordinates": [
     [
      [
       141.4921667,
       38.3705
      ],
      [
       141.4928333,
       38.3711667
      ],
      [
       141.4933333,
       38.3706667
      ],
      [
       141.4926667,
       38.3701667
      ],
      [
       141.4921667,
       38.3705
      ]
     ]
    ]
   }
  },
  {
   "type": "Feature",
   "id": "区第2511号",
   "properties": {
    "right_no": "区第2511号",
    "holder": "宮城県漁業協同組合",
    "location": "石巻市谷川浜地先",
    "right_type": "第一種区画漁業",
    "fishery": "貝類等垂下式養殖業",
    "season": "1月1日から12月31日まで",
    "term": "令和5年9月1日から令和10年8月31日まで",
    "districts": "石巻市谷川浜、大谷川浜",
    "conditions": "",
    "n_vertices": 4,
    "missing_vertices": null,
    "shoreline_bounded": false,
    "valid": true,
    "invalid_reason": null,
    "area_ha": 0.38,
    "source_page": 35
   },
   "geometry": {
    "type": "Polygon",
    "coordinates": [
     [
      [
       141.495,
       38.3711667
      ],
      [
       141.4956667,
       38.3716667
      ],
      [
       141.496,
       38.3713333
      ],
      [
       141.4953333,
       38.3708333
      ],
      [
       141.495,
       38.3711667
      ]
     ]
    ]
   }
  },
  {
   "type": "Feature",
   "id": "区第2512号",
   "properties": {
    "right_no": "区第2512号",
    "holder": "宮城県漁業協同組合",
    "location": "石巻市谷川浜地先",
    "right_type": "第一種区画漁業",
    "fishery": "藻類養殖業・貝類等垂下式養殖業",
    "season": "9月1日から翌年5月31日まで1月1日から12月31日まで",
    "term": "令和5年9月1日から令和10年8月31日まで",
    "districts": "石巻市谷川浜、大谷川浜",
    "conditions": "イの点に夜間識別可能な標識を設置しなければならない。",
    "n_vertices": 4,
    "missing_vertices": null,
    "shoreline_bounded": false,
    "valid": true,
    "invalid_reason": null,
    "area_ha": 5.25,
    "source_page": 35
   },
   "geometry": {
    "type": "Polygon",
    "coordinates": [
     [
      [
       141.4963333,
       38.372
      ],
      [
       141.4966667,
       38.3745
      ],
      [
       141.4986667,
       38.3743333
      ],
      [
       141.4986667,
       38.3718333
      ],
      [
       141.4963333,
       38.372
      ]
     ]
    ]
   }
  },
  {
   "type": "Feature",
   "id": "区第2513号",
   "properties": {
    "right_no": "区第2513号",
    "holder": "宮城県漁業協同組合",
    "location": "石巻市谷川浜地先",
    "right_type": "第一種区画漁業",
    "fishery": "貝類等垂下式養殖業",
    "season": "1月1日から12月31日まで",
    "term": "令和5年9月1日から令和10年8月31日まで",
    "districts": "石巻市谷川浜、大谷川浜",
    "conditions": "",
    "n_vertices": 6,
    "missing_vertices": null,
    "shoreline_bounded": false,
    "valid": true,
    "invalid_reason": null,
    "area_ha": 4.83,
    "source_page": 35
   },
   "geometry": {
    "type": "Polygon",
    "coordinates": [
     [
      [
       141.502,
       38.3726667
      ],
      [
       141.501,
       38.3693333
      ],
      [
       141.4978333,
       38.3698333
      ],
      [
       141.4981667,
       38.3705
      ],
      [
       141.5006667,
       38.3706667
      ],
      [
       141.5011667,
       38.3728333
      ],
      [
       141.502,
       38.3726667
      ]
     ]
    ]
   }
  },
  {
   "type": "Feature",
   "id": "区第2514号",
   "properties": {
    "right_no": "区第2514号",
    "holder": "宮城県漁業協同組合",
    "location": "石巻市谷川浜地先",
    "right_type": "第一種区画漁業",
    "fishery": "藻類養殖業・貝類等垂下式養殖業",
    "season": "9月1日から翌年5月31日まで1月1日から12月31日まで",
    "term": "令和5年9月1日から令和10年8月31日まで",
    "districts": "石巻市谷川浜、大谷川浜",
    "conditions": "イ及びウの点に夜間識別可能な標識を設置しなければならない。（ウのみ光達距離３キロメートル以上）",
    "n_vertices": 5,
    "missing_vertices": null,
    "shoreline_bounded": false,
    "valid": true,
    "invalid_reason": null,
    "area_ha": 45.2,
    "source_page": 35
   },
   "geometry": {
    "type": "Polygon",
    "coordinates": [
     [
      [
       141.4996667,
       38.3735
      ],
      [
       141.4998333,
       38.3756667
      ],
      [
       141.5193333,
       38.3761667
      ],
      [
       141.5165,
       38.3728333
      ],
      [
       141.501,
       38.3738333
      ],
      [
       141.4996667,
       38.3735
      ]
     ]
    ]
   }
  },
  {
   "type": "Feature",
   "id": "区第2515号",
   "properties": {
    "right_no": "区第2515号",
    "holder": "宮城県漁業協同組合",
    "location": "石巻市崎釜崎地先",
    "right_type": "第一種区画漁業",
    "fishery": "藻類養殖業・貝類等垂下式養殖業",
    "season": "9月1日から翌年5月31日まで1月1日から12月31日まで",
    "term": "令和5年9月1日から令和10年8月31日まで",
    "districts": "石巻市泊浜",
    "conditions": "ア、カ及びキの点に夜間識別可能な標識を設置しなければならない。（カのみ光達距離３キロメートル以上）",
    "n_vertices": 7,
    "missing_vertices": null,
    "shoreline_bounded": false,
    "valid": true,
    "invalid_reason": null,
    "area_ha": 134.03,
    "source_page": 35
   },
   "geometry": {
    "type": "Polygon",
    "coordinates": [
     [
      [
       141.5368333,
       38.364
      ],
      [
       141.5256667,
       38.3598333
      ],
      [
       141.5208333,
       38.3695
      ],
      [
       141.5173333,
       38.3716667
      ],
      [
       141.5223333,
       38.3748333
      ],
      [
       141.5288333,
       38.3723333
      ],
      [
       141.5328333,
       38.3681667
      ],
      [
       141.5368333,
       38.364
      ]
     ]
    ]
   }
  },
  {
   "type": "Feature",
   "id": "区第2516号",
   "properties": {
    "right_no": "区第2516号",
    "holder": "宮城県漁業協同組合",
    "location": "石巻市泊浜山王島地先",
    "right_type": "第一種区画漁業",
    "fishery": "藻類養殖業・貝類等垂下式養殖業",
    "season": "9月1日から翌年5月31日まで1月1日から12月31日まで",
    "term": "令和5年9月1日から令和10年8月31日まで",
    "districts": "石巻市泊浜",
    "conditions": "イ、ウ及びエの点に夜間識別可能な標識を設置しなければならない。（ウのみ光達距離３キロメートル以上）",
    "n_vertices": 5,
    "missing_vertices": null,
    "shoreline_bounded": false,
    "valid": true,
    "invalid_reason": null,
    "area_ha": 45.35,
    "source_page": 35
   },
   "geometry": {
    "type": "Polygon",
    "coordinates": [
     [
      [
       141.5325,
       38.3561667
      ],
      [
       141.5358333,
       38.3571667
      ],
      [
       141.5381667,
       38.3518333
      ],
      [
       141.5383333,
       38.3458333
      ],
      [
       141.5345,
       38.3456667
      ],
      [
       141.5325,
       38.3561667
      ]
     ]
    ]
   }
  },
  {
   "type": "Feature",
   "id": "区第2517号",
   "properties": {
    "right_no": "区第2517号",
    "holder": "牡鹿漁業協同組合",
    "location": "石巻市新山浜地先",
    "right_type": "第一種区画漁業",
    "fishery": "藻類養殖業",
    "season": "9月1日から翌年5月31日まで",
    "term": "令和5年9月1日から令和10年8月31日まで",
    "districts": "石巻市新山浜",
    "conditions": "イ、ウ及びエの点に夜間識別可能な標識を設置しなければならない。",
    "n_vertices": 4,
    "missing_vertices": null,
    "shoreline_bounded": false,
    "valid": true,
    "invalid_reason": null,
    "area_ha": 10.92,
    "source_page": 35
   },
   "geometry": {
    "type": "Polygon",
    "coordinates": [
     [
      [
       141.5368333,
       38.335
      ],
      [
       141.5386667,
       38.335
      ],
      [
       141.5386667,
       38.3288333
      ],
      [
       141.5368333,
       38.3288333
      ],
      [
       141.5368333,
       38.335
      ]
     ]
    ]
   }
  },
  {
   "type": "Feature",
   "id": "区第2518号",
   "properties": {
    "right_no": "区第2518号",
    "holder": "牡鹿漁業協同組合",
    "location": "石巻市鮎川浜地先",
    "right_type": "第一種区画漁業",
    "fishery": "藻類養殖業",
    "season": "1月1日から12月31日まで",
    "term": "令和5年9月1日から令和10年8月31日まで",
    "districts": "石巻市鮎川浜",
    "conditions": "エの点に夜間識別可能な赤色の標識を設置しなければならない。（光達距離３キロメートル以上）",
    "n_vertices": 6,
    "missing_vertices": null,
    "shoreline_bounded": false,
    "valid": true,
    "invalid_reason": null,
    "area_ha": 27.87,
    "source_page": 36
   },
   "geometry": {
    "type": "Polygon",
    "coordinates": [
     [
      [
       141.5058333,
       38.2926667
      ],
      [
       141.5078333,
       38.2921667
      ],
      [
       141.5078333,
       38.2825
      ],
      [
       141.5033333,
       38.2825
      ],
      [
       141.5038333,
       38.287
      ],
      [
       141.5061667,
       38.2868333
      ],
      [
       141.5058333,
       38.2926667
      ]
     ]
    ]
   }
  },
  {
   "type": "Feature",
   "id": "区第2519号",
   "properties": {
    "right_no": "区第2519号",
    "holder": "牡鹿漁業協同組合",
    "location": "石巻市鮎川浜地先",
    "right_type": "第一種区画漁業",
    "fishery": "小割式魚類養殖業",
    "season": "1月1日から12月31日まで",
    "term": "令和5年9月1日から令和10年8月31日まで",
    "districts": "石巻市鮎川浜",
    "conditions": "ア及びエの点に夜間識別可能な赤色の標識を設置しなければならない。（光達距離３キロメートル以上）",
    "n_vertices": 4,
    "missing_vertices": null,
    "shoreline_bounded": false,
    "valid": true,
    "invalid_reason": null,
    "area_ha": 9.58,
    "source_page": 36
   },
   "geometry": {
    "type": "Polygon",
    "coordinates": [
     [
      [
       141.5046667,
       38.2925
      ],
      [
       141.5058333,
       38.2926667
      ],
      [
       141.5061667,
       38.2868333
      ],
      [
       141.5038333,
       38.287
      ],
      [
       141.5046667,
       38.2925
      ]
     ]
    ]
   }
  },
  {
   "type": "Feature",
   "id": "区第2520号",
   "properties": {
    "right_no": "区第2520号",
    "holder": "牡鹿漁業協同組合",
    "location": "石巻市鮎川浜地先",
    "right_type": "第一種区画漁業",
    "fishery": "藻類養殖業",
    "season": "9月1日から翌年5月31日まで",
    "term": "令和5年9月1日から令和10年8月31日まで",
    "districts": "石巻市鮎川浜",
    "conditions": "ア及びエの点に夜間識別可能な赤色の標識を設置しなければならない。（光達距離３キロメートル以上）ウの点に夜間識別可能な標識を設置しなければならない。",
    "n_vertices": 4,
    "missing_vertices": null,
    "shoreline_bounded": false,
    "valid": true,
    "invalid_reason": null,
    "area_ha": 13.42,
    "source_page": 36
   },
   "geometry": {
    "type": "Polygon",
    "coordinates": [
     [
      [
       141.5041667,
       38.2808333
      ],
      [
       141.5083333,
       38.2808333
      ],
      [
       141.5083333,
       38.2775
      ],
      [
       141.5041667,
       38.2775
      ],
      [
       141.5041667,
       38.2808333
      ]
     ]
    ]
   }
  },
  {
   "type": "Feature",
   "id": "区第2521号",
   "properties": {
    "right_no": "区第2521号",
    "holder": "牡鹿漁業協同組合",
    "location": "石巻市鮎川浜地先",
    "right_type": "第一種区画漁業",
    "fishery": "藻類養殖業",
    "season": "9月1日から翌年5月31日まで",
    "term": "令和5年9月1日から令和10年8月31日まで",
    "districts": "石巻市鮎川浜",
    "conditions": "",
    "n_vertices": 4,
    "missing_vertices": null,
    "shoreline_bounded": false,
    "valid": true,
    "invalid_reason": null,
    "area_ha": 2.75,
    "source_page": 36
   },
   "geometry": {
    "type": "Polygon",
    "coordinates": [
     [
      [
       141.4993333,
       38.2931667
      ],
      [
       141.5016667,
       38.2945
      ],
      [
       141.5021667,
       38.2936667
      ],
      [
       141.4998333,
       38.2921667
      ],
      [
       141.4993333,
       38.2931667
      ]
     ]
    ]
   }
  },
  {
   "type": "Feature",
   "id": "区第2522号",
   "properties": {
    "right_no": "区第2522号",
    "holder": "牡鹿漁業協同組合",
    "location": "石巻市鮎川浜地先",
    "right_type": "第一種区画漁業",
    "fishery": "小割式魚類養殖業",
    "season": "1月1日から12月31日まで",
    "term": "令和5年9月1日から令和10年8月31日まで",
    "districts": "石巻市鮎川浜",
    "conditions": "イ及びウの点に夜間識別可能な緑色の標識を設置しなければならない。",
    "n_vertices": 4,
    "missing_vertices": null,
    "shoreline_bounded": false,
    "valid": true,
    "invalid_reason": null,
    "area_ha": 2.05,
    "source_page": 36
   },
   "geometry": {
    "type": "Polygon",
    "coordinates": [
     [
      [
       141.5025,
       38.2933333
      ],
      [
       141.5028333,
       38.2926667
      ],
      [
       141.5,
       38.2913333
      ],
      [
       141.4996667,
       38.2918333
      ],
      [
       141.5025,
       38.2933333
      ]
     ]
    ]
   }
  },
  {
   "type": "Feature",
   "id": "区第2523号",
   "properties": {
    "right_no": "区第2523号",
    "holder": "牡鹿漁業協同組合",
    "location": "石巻市鮎川浜地先",
    "right_type": "第一種区画漁業",
    "fishery": "藻類養殖業",
    "season": "9月1日から翌年5月31日まで",
    "term": "令和5年9月1日から令和10年8月31日まで",
    "districts": "石巻市鮎川浜",
    "conditions": "ウ及びエの点に夜間識別可能な緑色の標識を設置しなければならない。（ウのみ光達距離３キロメートル以上）",
    "n_vertices": 6,
    "missing_vertices": null,
    "shoreline_bounded": false,
    "valid": true,
    "invalid_reason": null,
    "area_ha": 4.09,
    "source_page": 36
   },
   "geometry": {
    "type": "Polygon",
    "coordinates": [
     [
      [
       141.4996667,
       38.2918333
      ],
      [
       141.4996667,
       38.291
      ],
      [
       141.4975,
       38.29
      ],
      [
       141.495,
       38.2898333
      ],
      [
       141.495,
       38.2905
      ],
      [
       141.4978333,
       38.2911667
      ],
      [
       141.4996667,
       38.2918333
      ]
     ]
    ]
   }
  },
  {
   "type": "Feature",
   "id": "区第2524号",
   "properties": {
    "right_no": "区第2524号",
    "holder": "牡鹿漁業協同組合",
    "location": "石巻市十八成浜地先",
    "right_type": "第一種区画漁業",
    "fishery": "藻類養殖業・貝類等垂下式養殖業",
    "season": "1月1日から12月31日まで1月1日から12月31日まで",
    "term": "令和5年9月1日から令和10年8月31日まで",
    "districts": "石巻市十八成浜",
    "conditions": "ア及びカの点に夜間識別可能な標識を設置しなければならない。（アのみ光達距離３キロメートル以上）",
    "n_vertices": 6,
    "missing_vertices": null,
    "shoreline_bounded": false,
    "valid": true,
    "invalid_reason": null,
    "area_ha": 41.92,
    "source_page": 36
   },
   "geometry": {
    "type": "Polygon",
    "coordinates": [
     [
      [
       141.489,
       38.2925
      ],
      [
       141.4856667,
       38.2938333
      ],
      [
       141.4861667,
       38.2955
      ],
      [
       141.4863333,
       38.2968333
      ],
      [
       141.4881667,
       38.3043333
      ],
      [
       141.4923333,
       38.3031667
      ],
      [
       141.489,
       38.2925
      ]
     ]
    ]
   }
  },
  {
   "type": "Feature",
   "id": "区第2525号",
   "properties": {
    "right_no": "区第2525号",
    "holder": "牡鹿漁業協同組合",
    "location": "石巻市十八成浜地先",
    "right_type": "第一種区画漁業",
    "fishery": "藻類養殖業・貝類等垂下式養殖業",
    "season": "9月1日から翌年5月31日まで1月1日から12月31日まで",
    "term": "令和5年9月1日から令和10年8月31日まで",
    "districts": "石巻市十八成浜",
    "conditions": "ア、イ及びエの点に夜間識別可能な標識を設置しなければならない。",
    "n_vertices": 4,
    "missing_vertices": null,
    "shoreline_bounded": false,
    "valid": true,
    "invalid_reason": null,
    "area_ha": 47.78,
    "source_page": 36
   },
   "geometry": {
    "type": "Polygon",
    "coordinates": [
     [
      [
       141.4863333,
       38.2968333
      ],
      [
       141.4775,
       38.3035
      ],
      [
       141.4828333,
       38.3058333
      ],
      [
       141.4881667,
       38.3043333
      ],
      [
       141.4863333,
       38.2968333
      ]
     ]
    ]
   }
  },
  {
   "type": "Feature",
   "id": "区第2526号",
   "properties": {
    "right_no": "区第2526号",
    "holder": "牡鹿漁業協同組合",
    "location": "石巻市十八成浜地先",
    "right_type": "第一種区画漁業",
    "fishery": "藻類養殖業・貝類等垂下式養殖業",
    "season": "9月1日から翌年5月31日まで1月1日から12月31日まで",
    "term": "令和5年9月1日から令和10年8月31日まで",
    "districts": "石巻市十八成浜",
    "conditions": "アの点に夜間識別可能な標識を設置しなければならない。",
    "n_vertices": 6,
    "missing_vertices": null,
    "shoreline_bounded": false,
    "valid": true,
    "invalid_reason": null,
    "area_ha": 38.44,
    "source_page": 37
   },
   "geometry": {
    "type": "Polygon",
    "coordinates": [
     [
      [
       141.4705,
       38.3003333
      ],
      [
       141.4731667,
       38.3013333
      ],
      [
       141.4753333,
       38.3
      ],
      [
       141.4781667,
       38.3013333
      ],
      [
       141.4861667,
       38.2955
      ],
      [
       141.4856667,
       38.2938333
      ],
      [
       141.4705,
       38.3003333
      ]
     ]
    ]
   }
  },
  {
   "type": "Feature",
   "id": "区第2527号",
   "properties": {
    "right_no": "区第2527号",
    "holder": "牡鹿漁業協同組合",
    "location": "石巻市十八成浜地先",
    "right_type": "第一種区画漁業",
    "fishery": "藻類養殖業・貝類等垂下式養殖業",
    "season": "9月1日から翌年5月31日まで1月1日から12月31日まで",
    "term": "令和5年9月1日から令和10年8月31日まで",
    "districts": "石巻市十八成浜",
    "conditions": "ア、オ、カ、キ及びクの点に夜間識別可能な標識を設置しなければならない。（ア、オ、クのみ光達距離３キロメートル以上）",
    "n_vertices": 9,
    "missing_vertices": null,
    "shoreline_bounded": false,
    "valid": true,
    "invalid_reason": null,
    "area_ha": 103.31,
    "source_page": 37
   },
   "geometry": {
    "type": "Polygon",
    "coordinates": [
     [
      [
       141.4678333,
       38.2956667
      ],
      [
       141.4705,
       38.3003333
      ],
      [
       141.4856667,
       38.2938333
      ],
      [
       141.4876667,
       38.293
      ],
      [
       141.485,
       38.2886667
      ],
      [
       141.4821667,
       38.2885
      ],
      [
       141.4785,
       38.2903333
      ],
      [
       141.4748333,
       38.2923333
      ],
      [
       141.4715,
       38.2938333
      ],
      [
       141.4678333,
       38.2956667
      ]
     ]
    ]
   }
  },
  {
   "type": "Feature",
   "id": "区第2528号",
   "properties": {
    "right_no": "区第2528号",
    "holder": "宮城県漁業協同組合",
    "location": "石巻市小渕浜地先",
    "right_type": "第一種区画漁業",
    "fishery": "藻類養殖業・貝類等垂下式養殖業",
    "season": "9月1日から翌年5月31日まで1月1日から12月31日まで",
    "term": "令和5年9月1日から令和10年8月31日まで",
    "districts": "石巻市小渕浜",
    "conditions": "ア及びクの点に夜間識別可能な標識を設置しなければならない。",
    "n_vertices": 8,
    "missing_vertices": null,
    "shoreline_bounded": false,
    "valid": true,
    "invalid_reason": null,
    "area_ha": 6.55,
    "source_page": 37
   },
   "geometry": {
    "type": "Polygon",
    "coordinates": [
     [
      [
       141.4743333,
       38.3065
      ],
      [
       141.4756667,
       38.3071667
      ],
      [
       141.4781667,
       38.3051667
      ],
      [
       141.4798333,
       38.3058333
      ],
      [
       141.4798333,
       38.3065
      ],
      [
       141.4803333,
       38.3066667
      ],
      [
       141.4805,
       38.3055
      ],
      [
       141.4771667,
       38.3041667
      ],
      [
       141.4743333,
       38.3065
      ]
     ]
    ]
   }
  },
  {
   "type": "Feature",
   "id": "区第2529号",
   "properties": {
    "right_no": "区第2529号",
    "holder": "宮城県漁業協同組合",
    "location": "石巻市小渕浜地先",
    "right_type": "第一種区画漁業",
    "fishery": "藻類養殖業・貝類等垂下式養殖業",
    "season": "9月1日から翌年5月31日まで1月1日から12月31日まで",
    "term": "令和5年9月1日から令和10年8月31日まで",
    "districts": "石巻市小渕浜",
    "conditions": "イ及びウの点に夜間識別可能な標識を設置しなければならない。",
    "n_vertices": 5,
    "missing_vertices": null,
    "shoreline_bounded": false,
    "valid": true,
    "invalid_reason": null,
    "area_ha": 4.43,
    "source_page": 37
   },
   "geometry": {
    "type": "Polygon",
    "coordinates": [
     [
      [
       141.4711667,
       38.3016667
      ],
      [
       141.4721667,
       38.3033333
      ],
      [
       141.4735,
       38.304
      ],
      [
       141.4755,
       38.304
      ],
      [
       141.4758333,
       38.3035
      ],
      [
       141.4711667,
       38.3016667
      ]
     ]
    ]
   }
  },
  {
   "type": "Feature",
   "id": "区第2530号",
   "properties": {
    "right_no": "区第2530号",
    "holder": "宮城県漁業協同組合",
    "location": "石巻市小渕浜地先",
    "right_type": "第一種区画漁業",
    "fishery": "藻類養殖業・貝類等垂下式養殖業",
    "season": "9月1日から翌年5月31日まで1月1日から12月31日まで",
    "term": "令和5年9月1日から令和10年8月31日まで",
    "districts": "石巻市小渕浜",
    "conditions": "アの点に夜間識別可能な標識を設置しなければならない。",
    "n_vertices": 5,
    "missing_vertices": null,
    "shoreline_bounded": false,
    "valid": true,
    "invalid_reason": null,
    "area_ha": 6.05,
    "source_page": 37
   },
   "geometry": {
    "type": "Polygon",
    "coordinates": [
     [
      [
       141.4708333,
       38.3135
      ],
      [
       141.4711667,
       38.3135
      ],
      [
       141.4735,
       38.3111667
      ],
      [
       141.4746667,
       38.3071667
      ],
      [
       141.4741667,
       38.307
      ],
      [
       141.4708333,
       38.3135
      ]
     ]
    ]
   }
  },
  {
   "type": "Feature",
   "id": "区第2531号",
   "properties": {
    "right_no": "区第2531号",
    "holder": "宮城県漁業協同組合",
    "location": "石巻市小渕浜地先",
    "right_type": "第一種区画漁業",
    "fishery": "藻類養殖業・貝類等垂下式養殖業",
    "season": "9月1日から翌年5月31日まで1月1日から12月31日まで",
    "term": "令和5年9月1日から令和10年8月31日まで",
    "districts": "石巻市小渕浜",
    "conditions": "イ及びウの点に夜間識別可能な標識を設置しなければならない。",
    "n_vertices": 4,
    "missing_vertices": null,
    "shoreline_bounded": false,
    "valid": true,
    "invalid_reason": null,
    "area_ha": 6.79,
    "source_page": 37
   },
   "geometry": {
    "type": "Polygon",
    "coordinates": [
     [
      [
       141.4695,
       38.313
      ],
      [
       141.4703333,
       38.3131667
      ],
      [
       141.4726667,
       38.3058333
      ],
      [
       141.4718333,
       38.3053333
      ],
      [
       141.4695,
       38.313
      ]
     ]
    ]
   }
  },
  {
   "type": "Feature",
   "id": "区第2532号",
   "properties": {
    "right_no": "区第2532号",
    "holder": "宮城県漁業協同組合",
    "location": "石巻市小渕浜牧ノ崎地先",
    "right_type": "第一種区画漁業",
    "fishery": "藻類養殖業・貝類等垂下式養殖業",
    "season": "9月1日から翌年5月31日まで1月1日から12月31日まで",
    "term": "令和5年9月1日から令和10年8月31日まで",
    "districts": "石巻市小渕浜、給分浜、大原浜",
    "conditions": "エの点に夜間識別可能な標識を設置しなければならない。",
    "n_vertices": 4,
    "missing_vertices": null,
    "shoreline_bounded": false,
    "valid": true,
    "invalid_reason": null,
    "area_ha": 12.07,
    "source_page": 37
   },
   "geometry": {
    "type": "Polygon",
    "coordinates": [
     [
      [
       141.4658333,
       38.3045
      ],
      [
       141.47,
       38.3066667
      ],
      [
       141.4718333,
       38.3053333
      ],
      [
       141.47,
       38.3025
      ],
      [
       141.4658333,
       38.3045
      ]
     ]
    ]
   }
  },
  {
   "type": "Feature",
   "id": "区第2533号",
   "properties": {
    "right_no": "区第2533号",
    "holder": "宮城県漁業協同組合",
    "location": "石巻市小渕浜牧ノ崎地先",
    "right_type": "第一種区画漁業",
    "fishery": "藻類養殖業・貝類等垂下式養殖業",
    "season": "9月1日から翌年5月31日まで1月1日から12月31日まで",
    "term": "令和5年9月1日から令和10年8月31日まで",
    "districts": "石巻市小渕浜、給分浜、大原浜",
    "conditions": "ア、キ及びクの点に夜間識別可能な標識を設置しなければならない。",
    "n_vertices": 8,
    "missing_vertices": null,
    "shoreline_bounded": false,
    "valid": true,
    "invalid_reason": null,
    "area_ha": 266.76,
    "source_page": 38
   },
   "geometry": {
    "type": "Polygon",
    "coordinates": [
     [
      [
       141.4366667,
       38.3191667
      ],
      [
       141.449,
       38.313
      ],
      [
       141.4498333,
       38.3145
      ],
      [
       141.4586667,
       38.3126667
      ],
      [
       141.4571667,
       38.3081667
      ],
      [
       141.4696667,
       38.302
      ],
      [
       141.466,
       38.2966667
      ],
      [
       141.432,
       38.314
      ],
      [
       141.4366667,
       38.3191667
      ]
     ]
    ]
   }
  },
  {
   "type": "Feature",
   "id": "区第2534号",
   "properties": {
    "right_no": "区第2534号",
    "holder": "宮城県漁業協同組合",
    "location": "石巻市小渕浜牧ノ崎地先",
    "right_type": "第一種区画漁業",
    "fishery": "藻類養殖業・貝類等垂下式養殖業",
    "season": "9月1日から翌年5月31日まで1月1日から12月31日まで",
    "term": "令和5年9月1日から令和10年8月31日まで",
    "districts": "石巻市小渕浜、給分浜、大原浜",
    "conditions": "ア、ウ及びキの点に夜間識別可能な標識を設置しなけばならない。",
    "n_vertices": 11,
    "missing_vertices": null,
    "shoreline_bounded": false,
    "valid": true,
    "invalid_reason": null,
    "area_ha": 59.52,
    "source_page": 38
   },
   "geometry": {
    "type": "Polygon",
    "coordinates": [
     [
      [
       141.4436667,
       38.322
      ],
      [
       141.4545,
       38.326
      ],
      [
       141.4605,
       38.3273333
      ],
      [
       141.462,
       38.3271667
      ],
      [
       141.4645,
       38.3251667
      ],
      [
       141.464,
       38.3241667
      ],
      [
       141.4581667,
       38.3231667
      ],
      [
       141.45,
       38.318
      ],
      [
       141.4521667,
       38.321
      ],
      [
       141.4506667,
       38.3228333
      ],
      [
       141.4441667,
       38.3216667
      ],
      [
       141.4436667,
       38.322
      ]
     ]
    ]
   }
  },
  {
   "type": "Feature",
   "id": "区第2535号",
   "properties": {
    "right_no": "区第2535号",
    "holder": "宮城県漁業協同組合",
    "location": "石巻市給分浜地先",
    "right_type": "第一種区画漁業",
    "fishery": "藻類養殖業・貝類等垂下式養殖業",
    "season": "9月1日から翌年5月31日まで1月1日から12月31日まで",
    "term": "令和5年9月1日から令和10年8月31日まで",
    "districts": "石巻市小渕浜、給分浜、大原浜",
    "conditions": "ア及びクの点に夜間識別可能な標識を設置しなければならない。",
    "n_vertices": 8,
    "missing_vertices": null,
    "shoreline_bounded": false,
    "valid": true,
    "invalid_reason": null,
    "area_ha": 16.24,
    "source_page": 38
   },
   "geometry": {
    "type": "Polygon",
    "coordinates": [
     [
      [
       141.4693333,
       38.331
      ],
      [
       141.4708333,
       38.3291667
      ],
      [
       141.4706667,
       38.3285
      ],
      [
       141.4693333,
       38.3276667
      ],
      [
       141.4665,
       38.3286667
      ],
      [
       141.4648333,
       38.3258333
      ],
      [
       141.4628333,
       38.3275
      ],
      [
       141.4633333,
       38.3285
      ],
      [
       141.4693333,
       38.331
      ]
     ]
    ]
   }
  },
  {
   "type": "Feature",
   "id": "区第2536号",
   "properties": {
    "right_no": "区第2536号",
    "holder": "宮城県漁業協同組合",
    "location": "石巻市給分浜地先",
    "right_type": "第一種区画漁業",
    "fishery": "藻類養殖業・貝類等垂下式養殖業",
    "season": "9月1日から翌年5月31日まで1月1日から12月31日まで",
    "term": "令和5年9月1日から令和10年8月31日まで",
    "districts": "石巻市給分浜、大原浜",
    "conditions": "",
    "n_vertices": 4,
    "missing_vertices": null,
    "shoreline_bounded": false,
    "valid": true,
    "invalid_reason": null,
    "area_ha": 2.17,
    "source_page": 38
   },
   "geometry": {
    "type": "Polygon",
    "coordinates": [
     [
      [
       141.4721667,
       38.3323333
      ],
      [
       141.4728333,
       38.3325
      ],
      [
       141.4731667,
       38.3293333
      ],
      [
       141.4723333,
       38.3295
      ],
      [
       141.4721667,
       38.3323333
      ]
     ]
    ]
   }
  },
  {
   "type": "Feature",
   "id": "区第2537号",
   "properties": {
    "right_no": "区第2537号",
    "holder": "宮城県漁業協同組合",
    "location": "石巻市給分浜地先",
    "right_type": "第一種区画漁業",
    "fishery": "藻類養殖業・貝類等垂下式養殖業",
    "season": "9月1日から翌年5月31日まで1月1日から12月31日まで",
    "term": "令和5年9月1日から令和10年8月31日まで",
    "districts": "石巻市給分浜、大原浜",
    "conditions": "",
    "n_vertices": 5,
    "missing_vertices": null,
    "shoreline_bounded": false,
    "valid": true,
    "invalid_reason": null,
    "area_ha": 1.13,
    "source_page": 38
   },
   "geometry": {
    "type": "Polygon",
    "coordinates": [
     [
      [
       141.4683333,
       38.3336667
      ],
      [
       141.4681667,
       38.334
      ],
      [
       141.4691667,
       38.3341667
      ],
      [
       141.4705,
       38.3343333
      ],
      [
       141.4705,
       38.3336667
      ],
      [
       141.4683333,
       38.3336667
      ]
     ]
    ]
   }
  },
  {
   "type": "Feature",
   "id": "区第2538号",
   "properties": {
    "right_no": "区第2538号",
    "holder": "宮城県漁業協同組合",
    "location": "石巻市大原浜地先",
    "right_type": "第一種区画漁業",
    "fishery": "藻類養殖業・貝類等垂下式養殖業",
    "season": "9月1日から翌年5月31日まで1月1日から12月31日まで",
    "term": "令和5年9月1日から令和10年8月31日まで",
    "districts": "石巻市給分浜、大原浜",
    "conditions": "ウ及びエの点に夜間識別可能な標識を設置しなければならない。",
    "n_vertices": 4,
    "missing_vertices": null,
    "shoreline_bounded": false,
    "valid": true,
    "invalid_reason": null,
    "area_ha": 41.15,
    "source_page": 38
   },
   "geometry": {
    "type": "Polygon",
    "coordinates": [
     [
      [
       141.4518333,
       38.3286667
      ],
      [
       141.4646667,
       38.3346667
      ],
      [
       141.4678333,
       38.3323333
      ],
      [
       141.453,
       38.3266667
      ],
      [
       141.4518333,
       38.3286667
      ]
     ]
    ]
   }
  },
  {
   "type": "Feature",
   "id": "区第2539号",
   "properties": {
    "right_no": "区第2539号",
    "holder": "宮城県漁業協同組合",
    "location": "石巻市小網倉浜地先",
    "right_type": "第一種区画漁業",
    "fishery": "藻類養殖業・貝類等垂下式養殖業",
    "season": "9月1日から翌年5月31日まで1月1日から12月31日まで",
    "term": "令和5年9月1日から令和10年8月31日まで",
    "districts": "石巻市小網倉浜",
    "conditions": "ア及びカの点に夜間識別可能な標識を設置しなければならない。",
    "n_vertices": 6,
    "missing_vertices": null,
    "shoreline_bounded": false,
    "valid": true,
    "invalid_reason": null,
    "area_ha": 68.75,
    "source_page": 38
   },
   "geometry": {
    "type": "Polygon",
    "coordinates": [
     [
      [
       141.4608333,
       38.3488333
      ],
      [
       141.4618333,
       38.3486667
      ],
      [
       141.4616667,
       38.3426667
      ],
      [
       141.4638333,
       38.3408333
      ],
      [
       141.46,
       38.3336667
      ],
      [
       141.4535,
       38.3306667
      ],
      [
       141.4608333,
       38.3488333
      ]
     ]
    ]
   }
  },
  {
   "type": "Feature",
   "id": "区第2540号",
   "properties": {
    "right_no": "区第2540号",
    "holder": "宮城県漁業協同組合",
    "location": "石巻市小網倉浜地先",
    "right_type": "第一種区画漁業",
    "fishery": "藻類養殖業・貝類等垂下式養殖業",
    "season": "9月1日から翌年5月31日まで1月1日から12月31日まで",
    "term": "令和5年9月1日から令和10年8月31日まで",
    "districts": "石巻市小網倉浜",
    "conditions": "キの点に夜間識別可能な標識を設置しなければならない。",
    "n_vertices": 8,
    "missing_vertices": null,
    "shoreline_bounded": false,
    "valid": true,
    "invalid_reason": null,
    "area_ha": 7.51,
    "source_page": 39
   },
   "geometry": {
    "type": "Polygon",
    "coordinates": [
     [
      [
       141.455,
       38.3435
      ],
      [
       141.4555,
       38.3446667
      ],
      [
       141.4546667,
       38.3451667
      ],
      [
       141.4545,
       38.3471667
      ],
      [
       141.4566667,
       38.3466667
      ],
      [
       141.4575,
       38.3485
      ],
      [
       141.4581667,
       38.3483333
      ],
      [
       141.456,
       38.3433333
      ],
      [
       141.455,
       38.3435
      ]
     ]
    ]
   }
  },
  {
   "type": "Feature",
   "id": "区第2541号",
   "properties": {
    "right_no": "区第2541号",
    "holder": "宮城県漁業協同組合",
    "location": "石巻市小網倉浜地先",
    "right_type": "第一種区画漁業",
    "fishery": "小割式魚類養殖業",
    "season": "1月1日から12月31日まで",
    "term": "令和5年9月1日から令和10年8月31日まで",
    "districts": "石巻市小網倉浜",
    "conditions": "クの点に夜間識別可能な標識を設置しなければならない。",
    "n_vertices": 9,
    "missing_vertices": null,
    "shoreline_bounded": false,
    "valid": true,
    "invalid_reason": null,
    "area_ha": 18.2,
    "source_page": 39
   },
   "geometry": {
    "type": "Polygon",
    "coordinates": [
     [
      [
       141.4498333,
       38.3375
      ],
      [
       141.4508333,
       38.3395
      ],
      [
       141.452,
       38.3398333
      ],
      [
       141.4531667,
       38.341
      ],
      [
       141.4526667,
       38.3415
      ],
      [
       141.455,
       38.3435
      ],
      [
       141.456,
       38.3433333
      ],
      [
       141.4545,
       38.3398333
      ],
      [
       141.4528333,
       38.3356667
      ],
      [
       141.4498333,
       38.3375
      ]
     ]
    ]
   }
  },
  {
   "type": "Feature",
   "id": "区第2542号",
   "properties": {
    "right_no": "区第2542号",
    "holder": "宮城県漁業協同組合",
    "location": "石巻市小網倉浜地先",
    "right_type": "第一種区画漁業",
    "fishery": "藻類養殖業・貝類等垂下式養殖業",
    "season": "9月1日から翌年5月31日まで1月1日から12月31日まで",
    "term": "令和5年9月1日から令和10年8月31日まで",
    "districts": "石巻市小網倉浜",
    "conditions": "ア、イ、ウ、エ、オ及びキの点に夜間識別可能な標識を設置しなければならない。",
    "n_vertices": 7,
    "missing_vertices": null,
    "shoreline_bounded": false,
    "valid": true,
    "invalid_reason": null,
    "area_ha": 73.3,
    "source_page": 39
   },
   "geometry": {
    "type": "Polygon",
    "coordinates": [
     [
      [
       141.4483333,
       38.336
      ],
      [
       141.4513333,
       38.334
      ],
      [
       141.4495,
       38.33
      ],
      [
       141.452,
       38.3265
      ],
      [
       141.4421667,
       38.3228333
      ],
      [
       141.439,
       38.3246667
      ],
      [
       141.4461667,
       38.332
      ],
      [
       141.4483333,
       38.336
      ]
     ]
    ]
   }
  },
  {
   "type": "Feature",
   "id": "区第2543号",
   "properties": {
    "right_no": "区第2543号",
    "holder": "宮城県漁業協同組合",
    "location": "石巻市小網倉浜地先",
    "right_type": "第一種区画漁業",
    "fishery": "藻類養殖業・貝類等垂下式養殖業",
    "season": "9月1日から翌年5月31日まで7月1日から9月30日まで",
    "term": "令和5年9月1日から令和10年8月31日まで",
    "districts": "石巻市小網倉浜",
    "conditions": "イ、ウ及びエの点に夜間識別可能な標識を設置しなければならない。（エのみ光達距離３キロメートル以上）",
    "n_vertices": 4,
    "missing_vertices": null,
    "shoreline_bounded": false,
    "valid": true,
    "invalid_reason": null,
    "area_ha": 3.19,
    "source_page": 39
   },
   "geometry": {
    "type": "Polygon",
    "coordinates": [
     [
      [
       141.439,
       38.3246667
      ],
      [
       141.4421667,
       38.3228333
      ],
      [
       141.441,
       38.3223333
      ],
      [
       141.4383333,
       38.324
      ],
      [
       141.439,
       38.3246667
      ]
     ]
    ]
   }
  },
  {
   "type": "Feature",
   "id": "区第2544号",
   "properties": {
    "right_no": "区第2544号",
    "holder": "宮城県漁業協同組合",
    "location": "石巻市長渡浜日蔭浜地先",
    "right_type": "第一種区画漁業",
    "fishery": "小割式魚類養殖業",
    "season": "1月1日から12月31日まで",
    "term": "令和5年9月1日から令和10年8月31日まで",
    "districts": "石巻市長渡浜",
    "conditions": "イの点に夜間識別可能な標識を設置しなければならない。",
    "n_vertices": 4,
    "missing_vertices": null,
    "shoreline_bounded": false,
    "valid": true,
    "invalid_reason": null,
    "area_ha": 7.86,
    "source_page": 39
   },
   "geometry": {
    "type": "Polygon",
    "coordinates": [
     [
      [
       141.4851667,
       38.2755
      ],
      [
       141.4871667,
       38.2763333
      ],
      [
       141.4893333,
       38.2731667
      ],
      [
       141.4873333,
       38.2723333
      ],
      [
       141.4851667,
       38.2755
      ]
     ]
    ]
   }
  },
  {
   "type": "Feature",
   "id": "区第2545号",
   "properties": {
    "right_no": "区第2545号",
    "holder": "宮城県漁業協同組合",
    "location": "石巻市網地浜ゆなぎ浜地先",
    "right_type": "第一種区画漁業",
    "fishery": "藻類養殖業・貝類等垂下式養殖業",
    "season": "9月1日から翌年5月31日まで1月1日から12月31日まで",
    "term": "令和5年9月1日から令和10年8月31日まで",
    "districts": "石巻市網地浜",
    "conditions": "イ及びウの点に夜間識別可能な標識を設置しなければならない。",
    "n_vertices": 9,
    "missing_vertices": null,
    "shoreline_bounded": false,
    "valid": true,
    "invalid_reason": null,
    "area_ha": 11.37,
    "source_page": 39
   },
   "geometry": {
    "type": "Polygon",
    "coordinates": [
     [
      [
       141.4721667,
       38.2845
      ],
      [
       141.4756667,
       38.2833333
      ],
      [
       141.4803333,
       38.2811667
      ],
      [
       141.4791667,
       38.28
      ],
      [
       141.4758333,
       38.2818333
      ],
      [
       141.4753333,
       38.2825
      ],
      [
       141.4738333,
       38.2823333
      ],
      [
       141.4723333,
       38.2828333
      ],
      [
       141.4716667,
       38.2836667
      ],
      [
       141.4721667,
       38.2845
      ]
     ]
    ]
   }
  },
  {
   "type": "Feature",
   "id": "区第2546号",
   "properties": {
    "right_no": "区第2546号",
    "holder": "宮城県漁業協同組合",
    "location": "石巻市網地浜釜ノ間地先",
    "right_type": "第一種区画漁業",
    "fishery": "藻類養殖業・貝類等垂下式養殖業",
    "season": "9月1日から翌年5月31日まで1月1日から12月31日まで",
    "term": "令和5年9月1日から令和10年8月31日まで",
    "districts": "石巻市網地浜",
    "conditions": "ア及びイの点に夜間識別可能な標識を設置しなければならない。",
    "n_vertices": 4,
    "missing_vertices": null,
    "shoreline_bounded": false,
    "valid": true,
    "invalid_reason": null,
    "area_ha": 12.4,
    "source_page": 39
   },
   "geometry": {
    "type": "Polygon",
    "coordinates": [
     [
      [
       141.4638333,
       38.2866667
      ],
      [
       141.468,
       38.2871667
      ],
      [
       141.4683333,
       38.284
      ],
      [
       141.464,
       38.2838333
      ],
      [
       141.4638333,
       38.2866667
      ]
     ]
    ]
   }
  },
  {
   "type": "Feature",
   "id": "区第2547号",
   "properties": {
    "right_no": "区第2547号",
    "holder": "宮城県漁業協同組合",
    "location": "石巻市長渡浜牛浜地先",
    "right_type": "第一種区画漁業",
    "fishery": "藻類養殖業",
    "season": "1月1日から12月31日まで",
    "term": "令和5年9月1日から令和10年8月31日まで",
    "districts": "石巻市長渡浜",
    "conditions": "ウの点に夜間識別可能な標識を設置しなければならない。",
    "n_vertices": 4,
    "missing_vertices": null,
    "shoreline_bounded": false,
    "valid": true,
    "invalid_reason": null,
    "area_ha": 16.94,
    "source_page": 40
   },
   "geometry": {
    "type": "Polygon",
    "coordinates": [
     [
      [
       141.4888333,
       38.27
      ],
      [
       141.4908333,
       38.2706667
      ],
      [
       141.4956667,
       38.2635
      ],
      [
       141.4935,
       38.263
      ],
      [
       141.4888333,
       38.27
      ]
     ]
    ]
   }
  },
  {
   "type": "Feature",
   "id": "区第2601号",
   "properties": {
    "right_no": "区第2601号",
    "holder": "宮城県漁業協同組合",
    "location": "石巻市福貴浦、鹿立地先",
    "right_type": "第一種区画漁業",
    "fishery": "藻類養殖業・貝類等垂下式養殖業",
    "season": "9月1日から翌年5月31日まで1月1日から12月31日まで",
    "term": "令和5年9月1日から令和10年8月31日まで",
    "districts": "石巻市福貴浦、鹿立、狐崎浜、竹浜、牧浜",
    "conditions": "ア、カ、ク及びサの点に夜間識別可能な赤色の標識を設置しなければならない。（光達距離３キロメートル以上）エ、オ、ケ及びコの点に夜間識別可能な標識を設置しなければならない。",
    "n_vertices": 12,
    "missing_vertices": null,
    "shoreline_bounded": false,
    "valid": true,
    "invalid_reason": null,
    "area_ha": 114.59,
    "source_page": 40
   },
   "geometry": {
    "type": "Polygon",
    "coordinates": [
     [
      [
       141.447,
       38.3496667
      ],
      [
       141.4485,
       38.3493333
      ],
      [
       141.449,
       38.3398333
      ],
      [
       141.4451667,
       38.3326667
      ],
      [
       141.4373333,
       38.3245
      ],
      [
       141.4343333,
       38.3261667
      ],
      [
       141.4348333,
       38.3271667
      ],
      [
       141.4396667,
       38.3336667
      ],
      [
       141.4423333,
       38.3373333
      ],
      [
       141.4431667,
       38.3386667
      ],
      [
       141.4438333,
       38.3411667
      ],
      [
       141.4453333,
       38.3476667
      ],
      [
       141.447,
       38.3496667
      ]
     ]
    ]
   }
  },
  {
   "type": "Feature",
   "id": "区第2602号",
   "properties": {
    "right_no": "区第2602号",
    "holder": "宮城県漁業協同組合",
    "location": "石巻市福貴浦地先",
    "right_type": "第一種区画漁業",
    "fishery": "貝類等垂下式養殖業",
    "season": "1月1日から12月31日まで",
    "term": "令和5年9月1日から令和10年8月31日まで",
    "districts": "石巻市福貴浦",
    "conditions": "",
    "n_vertices": 5,
    "missing_vertices": null,
    "shoreline_bounded": false,
    "valid": true,
    "invalid_reason": null,
    "area_ha": 0.54,
    "source_page": 40
   },
   "geometry": {
    "type": "Polygon",
    "coordinates": [
     [
      [
       141.4478167,
       38.3533167
      ],
      [
       141.4484333,
       38.3532333
      ],
      [
       141.4482833,
       38.3524833
      ],
      [
       141.44755,
       38.3524833
      ],
      [
       141.4476833,
       38.35305
      ],
      [
       141.4478167,
       38.3533167
      ]
     ]
    ]
   }
  },
  {
   "type": "Feature",
   "id": "区第2603号",
   "properties": {
    "right_no": "区第2603号",
    "holder": "宮城県漁業協同組合",
    "location": "石巻市福貴浦、鹿立、胴上浜、狐崎浜、ホダ浦、金台浜地先",
    "right_type": "第一種区画漁業",
    "fishery": "藻類養殖業・貝類等垂下式養殖業",
    "season": "9月1日から翌年5月31日まで1月1日から12月31日まで",
    "term": "令和5年9月1日から令和10年8月31日まで",
    "districts": "石巻市福貴浦、鹿立、狐崎浜、竹浜、牧浜",
    "conditions": "ソ、チ、ト及びナの点に夜間識別可能な緑色の標識を設置しなければならない。（ナのみ光達距離３キロメートル以上）ア、イ、ニ、ヌ、ネ及びノの点に夜間識別可能な標識を設置しなければならない。（ア、イ、ヌのみ光達距離３キロメートル以上）",
    "n_vertices": 25,
    "missing_vertices": null,
    "shoreline_bounded": false,
    "valid": true,
    "invalid_reason": null,
    "area_ha": 368.25,
    "source_page": 40
   },
   "geometry": {
    "type": "Polygon",
    "coordinates": [
     [
      [
       141.4115,
       38.3366667
      ],
      [
       141.4158333,
       38.3445
      ],
      [
       141.4165,
       38.3458333
      ],
      [
       141.42,
       38.3473333
      ],
      [
       141.4206667,
       38.3466667
      ],
      [
       141.4206667,
       38.3441667
      ],
      [
       141.4236667,
       38.3431667
      ],
      [
       141.4308333,
       38.3471667
      ],
      [
       141.4323333,
       38.3435
      ],
      [
       141.43,
       38.3411667
      ],
      [
       141.4365,
       38.3396667
      ],
      [
       141.4418333,
       38.3446667
      ],
      [
       141.4401667,
       38.3461667
      ],
      [
       141.4443333,
       38.3496667
      ],
      [
       141.4451667,
       38.3491667
      ],
      [
       141.4443333,
       38.3478333
      ],
      [
       141.4428333,
       38.3413333
      ],
      [
       141.4421667,
       38.3388333
      ],
      [
       141.441,
       38.3376667
      ],
      [
       141.4385,
       38.334
      ],
      [
       141.4321667,
       38.325
      ],
      [
       141.4278333,
       38.3276667
      ],
      [
       141.4245,
       38.3296667
      ],
      [
       141.4235,
       38.3301667
      ],
      [
       141.4173333,
       38.3335
      ],
      [
       141.4115,
       38.3366667
      ]
     ]
    ]
   }
  },
  {
   "type": "Feature",
   "id": "区第2604号",
   "properties": {
    "right_no": "区第2604号",
    "holder": "宮城県漁業協同組合",
    "location": "石巻市福貴浦鹿立地先",
    "right_type": "第一種区画漁業",
    "fishery": "貝類等垂下式養殖業",
    "season": "1月1日から12月31日まで",
    "term": "令和5年9月1日から令和10年8月31日まで",
    "districts": "石巻市福貴浦",
    "conditions": "",
    "n_vertices": 4,
    "missing_vertices": null,
    "shoreline_bounded": false,
    "valid": true,
    "invalid_reason": null,
    "area_ha": 0.08,
    "source_page": 40
   },
   "geometry": {
    "type": "Polygon",
    "coordinates": [
     [
      [
       141.4405333,
       38.3477333
      ],
      [
       141.4406667,
       38.3476167
      ],
      [
       141.44025,
       38.3471667
      ],
      [
       141.44015,
       38.34715
      ],
      [
       141.4405333,
       38.3477333
      ]
     ]
    ]
   }
  },
  {
   "type": "Feature",
   "id": "区第2605号",
   "properties": {
    "right_no": "区第2605号",
    "holder": "宮城県漁業協同組合",
    "location": "石巻市福貴浦鹿立地先",
    "right_type": "第一種区画漁業",
    "fishery": "貝類等垂下式養殖業",
    "season": "1月1日から12月31日まで",
    "term": "令和5年9月1日から令和10年8月31日まで",
    "districts": "石巻市福貴浦",
    "conditions": "",
    "n_vertices": 4,
    "missing_vertices": null,
    "shoreline_bounded": false,
    "valid": true,
    "invalid_reason": null,
    "area_ha": 0.1,
    "source_page": 41
   },
   "geometry": {
    "type": "Polygon",
    "coordinates": [
     [
      [
       141.4395667,
       38.3464833
      ],
      [
       141.4396167,
       38.3464333
      ],
      [
       141.4395667,
       38.3458833
      ],
      [
       141.4392667,
       38.3458833
      ],
      [
       141.4395667,
       38.3464833
      ]
     ]
    ]
   }
  },
  {
   "type": "Feature",
   "id": "区第2606号",
   "properties": {
    "right_no": "区第2606号",
    "holder": "宮城県漁業協同組合",
    "location": "石巻市狐崎浜、金台浜、竹浜、牧浜地先",
    "right_type": "第一種区画漁業",
    "fishery": "藻類養殖業・貝類等垂下式養殖業",
    "season": "9月1日から翌年5月31日まで1月1日から12月31日まで",
    "term": "令和5年9月1日から令和10年8月31日まで",
    "districts": "石巻市福貴浦、鹿立、狐崎浜、竹浜、牧浜",
    "conditions": "ア、イ、ウ、エ、オ、カ、キ、ク、ツ、テ、ト及びナの点に夜間識別可能な標識を設置しなければならない。（ア、イ、ウ、エ、ツ、テ、ト、ナのみ光達距離３キロメートル以上）",
    "n_vertices": 21,
    "missing_vertices": null,
    "shoreline_bounded": true,
    "valid": true,
    "invalid_reason": null,
    "area_ha": 517.99,
    "source_page": 41
   },
   "geometry": {
    "type": "Polygon",
    "coordinates": [
     [
      [
       141.3881667,
       38.3426667
      ],
      [
       141.3981667,
       38.3473333
      ],
      [
       141.3933333,
       38.356
      ],
      [
       141.3953333,
       38.359
      ],
      [
       141.4168333,
       38.3641667
      ],
      [
       141.4296667,
       38.3673333
      ],
      [
       141.4376667,
       38.3691667
      ],
      [
       141.4423333,
       38.3703333
      ],
      [
       141.4408333,
       38.367
      ],
      [
       141.4393333,
       38.367
      ],
      [
       141.4393333,
       38.3675
      ],
      [
       141.4291667,
       38.3646667
      ],
      [
       141.4223333,
       38.3561667
      ],
      [
       141.4198333,
       38.3551667
      ],
      [
       141.4178333,
       38.357
      ],
      [
       141.4143333,
       38.355
      ],
      [
       141.4178333,
       38.3506667
      ],
      [
       141.4165,
       38.3481667
      ],
      [
       141.4046667,
       38.3425
      ],
      [
       141.4016667,
       38.3411667
      ],
      [
       141.3951667,
       38.338
      ],
      [
       141.3881667,
       38.3426667
      ]
     ]
    ]
   }
  },
  {
   "type": "Feature",
   "id": "区第2607号",
   "properties": {
    "right_no": "区第2607号",
    "holder": "宮城県漁業協同組合",
    "location": "石巻市竹浜地先",
    "right_type": "第一種区画漁業",
    "fishery": "貝類等垂下式養殖業",
    "season": "1月1日から12月31日まで",
    "term": "令和5年9月1日から令和10年8月31日まで",
    "districts": "石巻市竹浜",
    "conditions": "",
    "n_vertices": 4,
    "missing_vertices": null,
    "shoreline_bounded": false,
    "valid": true,
    "invalid_reason": null,
    "area_ha": 0.12,
    "source_page": 41
   },
   "geometry": {
    "type": "Polygon",
    "coordinates": [
     [
      [
       141.4330833,
       38.3646833
      ],
      [
       141.4331833,
       38.3644667
      ],
      [
       141.4327333,
       38.3641333
      ],
      [
       141.43265,
       38.3643167
      ],
      [
       141.4330833,
       38.3646833
      ]
     ]
    ]
   }
  },
  {
   "type": "Feature",
   "id": "区第2608号",
   "properties": {
    "right_no": "区第2608号",
    "holder": "宮城県漁業協同組合",
    "location": "石巻市牧浜地先",
    "right_type": "第一種区画漁業",
    "fishery": "貝類等垂下式養殖業",
    "season": "1月1日から12月31日まで",
    "term": "令和5年9月1日から令和10年8月31日まで",
    "districts": "石巻市牧浜",
    "conditions": "",
    "n_vertices": 4,
    "missing_vertices": null,
    "shoreline_bounded": false,
    "valid": true,
    "invalid_reason": null,
    "area_ha": 0.14,
    "source_page": 41
   },
   "geometry": {
    "type": "Polygon",
    "coordinates": [
     [
      [
       141.4411833,
       38.3659167
      ],
      [
       141.4414167,
       38.3657833
      ],
      [
       141.4409333,
       38.3653833
      ],
      [
       141.4407667,
       38.3655333
      ],
      [
       141.4411833,
       38.3659167
      ]
     ]
    ]
   }
  },
  {
   "type": "Feature",
   "id": "区第2609号",
   "properties": {
    "right_no": "区第2609号",
    "holder": "宮城県漁業協同組合",
    "location": "石巻市牧浜地先",
    "right_type": "第一種区画漁業",
    "fishery": "貝類等垂下式養殖業",
    "season": "1月1日から12月31日まで",
    "term": "令和5年9月1日から令和10年8月31日まで",
    "districts": "石巻市牧浜",
    "conditions": "",
    "n_vertices": 4,
    "missing_vertices": null,
    "shoreline_bounded": false,
    "valid": true,
    "invalid_reason": null,
    "area_ha": 0.28,
    "source_page": 41
   },
   "geometry": {
    "type": "Polygon",
    "coordinates": [
     [
      [
       141.4461167,
       38.3710667
      ],
      [
       141.4474833,
       38.3712167
      ],
      [
       141.4474667,
       38.3710333
      ],
      [
       141.4462167,
       38.3708167
      ],
      [
       141.4461167,
       38.3710667
      ]
     ]
    ]
   }
  },
  {
   "type": "Feature",
   "id": "区第2610号",
   "properties": {
    "right_no": "区第2610号",
    "holder": "宮城県漁業協同組合",
    "location": "石巻市牧浜地先",
    "right_type": "第一種区画漁業",
    "fishery": "貝類等垂下式養殖業",
    "season": "1月1日から12月31日まで",
    "term": "令和5年9月1日から令和10年8月31日まで",
    "districts": "石巻市牧浜",
    "conditions": "",
    "n_vertices": 4,
    "missing_vertices": null,
    "shoreline_bounded": false,
    "valid": true,
    "invalid_reason": null,
    "area_ha": 0.07,
    "source_page": 41
   },
   "geometry": {
    "type": "Polygon",
    "coordinates": [
     [
      [
       141.4485333,
       38.3713333
      ],
      [
       141.4488333,
       38.3713667
      ],
      [
       141.4488833,
       38.37115
      ],
      [
       141.4486167,
       38.3710833
      ],
      [
       141.4485333,
       38.3713333
      ]
     ]
    ]
   }
  },
  {
   "type": "Feature",
   "id": "区第2611号",
   "properties": {
    "right_no": "区第2611号",
    "holder": "宮城県漁業協同組合",
    "location": "石巻市牧浜地先",
    "right_type": "第一種区画漁業",
    "fishery": "貝類等垂下式養殖業",
    "season": "1月1日から12月31日まで",
    "term": "令和5年9月1日から令和10年8月31日まで",
    "districts": "石巻市牧浜",
    "conditions": "",
    "n_vertices": 4,
    "missing_vertices": null,
    "shoreline_bounded": false,
    "valid": true,
    "invalid_reason": null,
    "area_ha": 0.13,
    "source_page": 41
   },
   "geometry": {
    "type": "Polygon",
    "coordinates": [
     [
      [
       141.4495833,
       38.3713167
      ],
      [
       141.4502333,
       38.3713667
      ],
      [
       141.4501333,
       38.3710167
      ],
      [
       141.4498833,
       38.37105
      ],
      [
       141.4495833,
       38.3713167
      ]
     ]
    ]
   }
  },
  {
   "type": "Feature",
   "id": "区第2612号",
   "properties": {
    "right_no": "区第2612号",
    "holder": "宮城県漁業協同組合",
    "location": "石巻市荻浜、侍浜、月浦地先",
    "right_type": "第一種区画漁業",
    "fishery": "藻類養殖業・貝類等垂下式養殖業",
    "season": "9月1日から翌年5月31日まで1月1日から12月31日まで",
    "term": "令和5年9月1日から令和10年8月31日まで",
    "districts": "石巻市侍浜、月浦、荻浜",
    "conditions": "ア、イ、ウ、エ、ニ、ヌ、ネ、ノ、ハ、ヒ及びフの点に夜間識別可能な標識を設置しなければならない。（ア、ニ、ノ、フのみ光達距離３キロメートル以上）エ、オ、ネ、ノ、エの順に結んだ線によって囲まれた区域に航路を設けなければならない。",
    "n_vertices": 28,
    "missing_vertices": null,
    "shoreline_bounded": true,
    "valid": true,
    "invalid_reason": null,
    "area_ha": 533.13,
    "source_page": 42
   },
   "geometry": {
    "type": "Polygon",
    "coordinates": [
     [
      [
       141.3908333,
       38.3663333
      ],
      [
       141.4061667,
       38.3751667
      ],
      [
       141.4076667,
       38.376
      ],
      [
       141.4125,
       38.3786667
      ],
      [
       141.4136667,
       38.3796667
      ],
      [
       141.4236667,
       38.3885
      ],
      [
       141.4265,
       38.3901667
      ],
      [
       141.4243333,
       38.3883333
      ],
      [
       141.4221667,
       38.3845
      ],
      [
       141.4233333,
       38.3835
      ],
      [
       141.4261667,
       38.3803333
      ],
      [
       141.427,
       38.3793333
      ],
      [
       141.4278333,
       38.3775
      ],
      [
       141.4333333,
       38.3808333
      ],
      [
       141.435,
       38.3798333
      ],
      [
       141.4305,
       38.3745
      ],
      [
       141.4291667,
       38.3735
      ],
      [
       141.436,
       38.371
      ],
      [
       141.4376667,
       38.3713333
      ],
      [
       141.4393333,
       38.374
      ],
      [
       141.4488333,
       38.3755
      ],
      [
       141.4521667,
       38.3741667
      ],
      [
       141.4371667,
       38.3705
      ],
      [
       141.4283333,
       38.3683333
      ],
      [
       141.4263333,
       38.368
      ],
      [
       141.4133333,
       38.3646667
      ],
      [
       141.412,
       38.3645
      ],
      [
       141.3941667,
       38.36
      ],
      [
       141.3908333,
       38.3663333
      ]
     ]
    ]
   }
  },
  {
   "type": "Feature",
   "id": "区第2613号",
   "properties": {
    "right_no": "区第2613号",
    "holder": "宮城県漁業協同組合",
    "location": "石巻市荻浜地先",
    "right_type": "第一種区画漁業",
    "fishery": "貝類等垂下式養殖業",
    "season": "1月1日から12月31日まで",
    "term": "令和5年9月1日から令和10年8月31日まで",
    "districts": "石巻市荻浜",
    "conditions": "",
    "n_vertices": 4,
    "missing_vertices": null,
    "shoreline_bounded": false,
    "valid": true,
    "invalid_reason": null,
    "area_ha": 0.12,
    "source_page": 42
   },
   "geometry": {
    "type": "Polygon",
    "coordinates": [
     [
      [
       141.45025,
       38.37125
      ],
      [
       141.4507,
       38.3714333
      ],
      [
       141.4507833,
       38.3711833
      ],
      [
       141.4503,
       38.3710333
      ],
      [
       141.45025,
       38.37125
      ]
     ]
    ]
   }
  },
  {
   "type": "Feature",
   "id": "区第2614号",
   "properties": {
    "right_no": "区第2614号",
    "holder": "宮城県漁業協同組合",
    "location": "石巻市荻浜地先",
    "right_type": "第一種区画漁業",
    "fishery": "貝類等垂下式養殖業",
    "season": "1月1日から12月31日まで",
    "term": "令和5年9月1日から令和10年8月31日まで",
    "districts": "石巻市荻浜",
    "conditions": "",
    "n_vertices": 4,
    "missing_vertices": null,
    "shoreline_bounded": false,
    "valid": true,
    "invalid_reason": null,
    "area_ha": 0.37,
    "source_page": 42
   },
   "geometry": {
    "type": "Polygon",
    "coordinates": [
     [
      [
       141.4520833,
       38.3716833
      ],
      [
       141.4537167,
       38.3717
      ],
      [
       141.4536833,
       38.3714333
      ],
      [
       141.4520667,
       38.3714833
      ],
      [
       141.4520833,
       38.3716833
      ]
     ]
    ]
   }
  },
  {
   "type": "Feature",
   "id": "区第2615号",
   "properties": {
    "right_no": "区第2615号",
    "holder": "宮城県漁業協同組合",
    "location": "石巻市荻浜地先",
    "right_type": "第一種区画漁業",
    "fishery": "貝類等垂下式養殖業",
    "season": "1月1日から12月31日まで",
    "term": "令和5年9月1日から令和10年8月31日まで",
    "districts": "石巻市荻浜",
    "conditions": "",
    "n_vertices": 12,
    "missing_vertices": null,
    "shoreline_bounded": false,
    "valid": true,
    "invalid_reason": null,
    "area_ha": 0.67,
    "source_page": 42
   },
   "geometry": {
    "type": "Polygon",
    "coordinates": [
     [
      [
       141.4531667,
       38.3763333
      ],
      [
       141.4536667,
       38.3761667
      ],
      [
       141.4536667,
       38.376
      ],
      [
       141.4531667,
       38.3753333
      ],
      [
       141.4533333,
       38.375
      ],
      [
       141.4531667,
       38.3748333
      ],
      [
       141.4533333,
       38.3748333
      ],
      [
       141.4535,
       38.375
      ],
      [
       141.4536667,
       38.375
      ],
      [
       141.4533333,
       38.3746667
      ],
      [
       141.4525,
       38.3751667
      ],
      [
       141.4531667,
       38.3756667
      ],
      [
       141.4531667,
       38.3763333
      ]
     ]
    ]
   }
  },
  {
   "type": "Feature",
   "id": "区第2616号",
   "properties": {
    "right_no": "区第2616号",
    "holder": "宮城県漁業協同組合",
    "location": "石巻市荻浜地先",
    "right_type": "第一種区画漁業",
    "fishery": "貝類等垂下式養殖業",
    "season": "1月1日から12月31日まで",
    "term": "令和5年9月1日から令和10年8月31日まで",
    "districts": "石巻市荻浜",
    "conditions": "",
    "n_vertices": 8,
    "missing_vertices": null,
    "shoreline_bounded": false,
    "valid": true,
    "invalid_reason": null,
    "area_ha": 1.11,
    "source_page": 42
   },
   "geometry": {
    "type": "Polygon",
    "coordinates": [
     [
      [
       141.4401167,
       38.3755
      ],
      [
       141.44095,
       38.3755
      ],
      [
       141.4415833,
       38.3754333
      ],
      [
       141.44195,
       38.3756167
      ],
      [
       141.4423833,
       38.3756833
      ],
      [
       141.4428833,
       38.37565
      ],
      [
       141.4428667,
       38.3753333
      ],
      [
       141.4401,
       38.3749333
      ],
      [
       141.4401167,
       38.3755
      ]
     ]
    ]
   }
  },
  {
   "type": "Feature",
   "id": "区第2617号",
   "properties": {
    "right_no": "区第2617号",
    "holder": "宮城県漁業協同組合",
    "location": "石巻市荻浜地先",
    "right_type": "第一種区画漁業",
    "fishery": "貝類等垂下式養殖業",
    "season": "1月1日から12月31日まで",
    "term": "令和5年9月1日から令和10年8月31日まで",
    "districts": "石巻市荻浜",
    "conditions": "",
    "n_vertices": 4,
    "missing_vertices": null,
    "shoreline_bounded": false,
    "valid": true,
    "invalid_reason": null,
    "area_ha": 0.39,
    "source_page": 43
   },
   "geometry": {
    "type": "Polygon",
    "coordinates": [
     [
      [
       141.4392833,
       38.3748667
      ],
      [
       141.43965,
       38.3748833
      ],
      [
       141.43815,
       38.3734667
      ],
      [
       141.4379833,
       38.3735333
      ],
      [
       141.4392833,
       38.3748667
      ]
     ]
    ]
   }
  },
  {
   "type": "Feature",
   "id": "区第2618号",
   "properties": {
    "right_no": "区第2618号",
    "holder": "宮城県漁業協同組合",
    "location": "石巻市侍浜地先",
    "right_type": "第一種区画漁業",
    "fishery": "貝類等垂下式養殖業",
    "season": "1月1日から12月31日まで",
    "term": "令和5年9月1日から令和10年8月31日まで",
    "districts": "石巻市侍浜",
    "conditions": "",
    "n_vertices": 4,
    "missing_vertices": null,
    "shoreline_bounded": false,
    "valid": true,
    "invalid_reason": null,
    "area_ha": 0.07,
    "source_page": 43
   },
   "geometry": {
    "type": "Polygon",
    "coordinates": [
     [
      [
       141.4362333,
       38.3770333
      ],
      [
       141.4363333,
       38.3769333
      ],
      [
       141.43615,
       38.3766333
      ],
      [
       141.4359667,
       38.3768
      ],
      [
       141.4362333,
       38.3770333
      ]
     ]
    ]
   }
  },
  {
   "type": "Feature",
   "id": "区第2619号",
   "properties": {
    "right_no": "区第2619号",
    "holder": "桃浦かき生産者合同会",
    "location": "社石地巻先市桃浦",
    "right_type": "第一種区画漁業",
    "fishery": "貝類等垂下式養殖業",
    "season": "1月1日から12月31日まで",
    "term": "令和5年9月1日から令和10年8月31日まで",
    "districts": "―",
    "conditions": "アの点に夜間識別可能な標識を設置しなければならない。船舶の通常航行に支障を及ぼしてはならない。",
    "n_vertices": 7,
    "missing_vertices": null,
    "shoreline_bounded": false,
    "valid": true,
    "invalid_reason": null,
    "area_ha": 49.64,
    "source_page": 43
   },
   "geometry": {
    "type": "Polygon",
    "coordinates": [
     [
      [
       141.429,
       38.3948333
      ],
      [
       141.4308333,
       38.3935
      ],
      [
       141.4266667,
       38.3901667
      ],
      [
       141.4236667,
       38.3885
      ],
      [
       141.4208333,
       38.3858333
      ],
      [
       141.4131667,
       38.38
      ],
      [
       141.4111667,
       38.3816667
      ],
      [
       141.429,
       38.3948333
      ]
     ]
    ]
   }
  },
  {
   "type": "Feature",
   "id": "区第2620号",
   "properties": {
    "right_no": "区第2620号",
    "holder": "桃浦かき生産者合同会",
    "location": "社石地巻先市桃浦",
    "right_type": "第一種区画漁業",
    "fishery": "貝類等垂下式養殖業",
    "season": "1月1日から12月31日まで",
    "term": "令和5年9月1日から令和10年8月31日まで",
    "districts": "―",
    "conditions": "ア及びウの点に夜間識別可能な標識を設置しなければならない。船舶の通常航行に支障を及ぼしてはならない。",
    "n_vertices": 3,
    "missing_vertices": null,
    "shoreline_bounded": false,
    "valid": true,
    "invalid_reason": null,
    "area_ha": 5.9,
    "source_page": 43
   },
   "geometry": {
    "type": "Polygon",
    "coordinates": [
     [
      [
       141.41,
       38.3806667
      ],
      [
       141.412,
       38.379
      ],
      [
       141.4076667,
       38.3765
      ],
      [
       141.41,
       38.3806667
      ]
     ]
    ]
   }
  },
  {
   "type": "Feature",
   "id": "区第2621号",
   "properties": {
    "right_no": "区第2621号",
    "holder": "桃浦かき生産者合同会",
    "location": "社石地巻先市桃浦",
    "right_type": "第一種区画漁業",
    "fishery": "貝類等垂下式養殖業",
    "season": "1月1日から12月31日まで",
    "term": "令和5年9月1日から令和10年8月31日まで",
    "districts": "―",
    "conditions": "イ及びウの点に夜間識別可能な標識を設置しなければならない。船舶の通常航行に支障を及ぼしてはならない。",
    "n_vertices": 6,
    "missing_vertices": null,
    "shoreline_bounded": false,
    "valid": true,
    "invalid_reason": null,
    "area_ha": 64.61,
    "source_page": 43
   },
   "geometry": {
    "type": "Polygon",
    "coordinates": [
     [
      [
       141.399,
       38.3776667
      ],
      [
       141.4048333,
       38.3761667
      ],
      [
       141.39,
       38.3676667
      ],
      [
       141.3876667,
       38.372
      ],
      [
       141.3938333,
       38.3743333
      ],
      [
       141.3931667,
       38.3755
      ],
      [
       141.399,
       38.3776667
      ]
     ]
    ]
   }
  },
  {
   "type": "Feature",
   "id": "区第2622号",
   "properties": {
    "right_no": "区第2622号",
    "holder": "桃浦かき生産者合同会",
    "location": "社石地巻先市桃浦",
    "right_type": "第一種区画漁業",
    "fishery": "貝類等垂下式養殖業",
    "season": "1月1日から12月31日まで",
    "term": "令和5年9月1日から令和10年8月31日まで",
    "districts": "―",
    "conditions": "エ及びオの点に夜間識別可能な標識を設置しなければならない。船舶の通常航行に支障を及ぼしてはならない。",
    "n_vertices": 8,
    "missing_vertices": null,
    "shoreline_bounded": false,
    "valid": true,
    "invalid_reason": null,
    "area_ha": 81.43,
    "source_page": 43
   },
   "geometry": {
    "type": "Polygon",
    "coordinates": [
     [
      [
       141.4221667,
       38.394
      ],
      [
       141.4236667,
       38.3926667
      ],
      [
       141.4085,
       38.3815
      ],
      [
       141.4061667,
       38.3771667
      ],
      [
       141.3976667,
       38.3795
      ],
      [
       141.4085,
       38.386
      ],
      [
       141.4088333,
       38.3875
      ],
      [
       141.411,
       38.3856667
      ],
      [
       141.4221667,
       38.394
      ]
     ]
    ]
   }
  },
  {
   "type": "Feature",
   "id": "区第2623号",
   "properties": {
    "right_no": "区第2623号",
    "holder": "宮城県漁業協同組合",
    "location": "石巻市桃浦地先",
    "right_type": "第一種区画漁業",
    "fishery": "貝類等垂下式養殖業",
    "season": "1月1日から12月31日まで",
    "term": "令和5年9月1日から令和10年8月31日まで",
    "districts": "石巻市桃浦",
    "conditions": "イの点に夜間識別可能な標識を設置しなければならない。",
    "n_vertices": 4,
    "missing_vertices": null,
    "shoreline_bounded": false,
    "valid": true,
    "invalid_reason": null,
    "area_ha": 6.04,
    "source_page": 43
   },
   "geometry": {
    "type": "Polygon",
    "coordinates": [
     [
      [
       141.4273333,
       38.3965
      ],
      [
       141.428,
       38.396
      ],
      [
       141.4236667,
       38.3926667
      ],
      [
       141.4225,
       38.3936667
      ],
      [
       141.4273333,
       38.3965
      ]
     ]
    ]
   }
  },
  {
   "type": "Feature",
   "id": "区第2624号",
   "properties": {
    "right_no": "区第2624号",
    "holder": "宮城県漁業協同組合",
    "location": "石巻市小竹浜、折浜、蛤浜桃浦地先",
    "right_type": "第一種区画漁業",
    "fishery": "藻類養殖業・貝類等垂下式養殖業",
    "season": "9月1日から翌年5月31日まで1月1日から12月31日まで",
    "term": "令和5年9月1日から令和10年8月31日まで",
    "districts": "石巻市小竹浜、折浜、蛤浜、桃浦",
    "conditions": "チの点に夜間識別可能な標識を設置しなければならない。（光達距離３キロメートル以上）",
    "n_vertices": 17,
    "missing_vertices": null,
    "shoreline_bounded": false,
    "valid": true,
    "invalid_reason": null,
    "area_ha": 335.39,
    "source_page": 44
   },
   "geometry": {
    "type": "Polygon",
    "coordinates": [
     [
      [
       141.3813333,
       38.383
      ],
      [
       141.3895,
       38.384
      ],
      [
       141.3926667,
       38.3886667
      ],
      [
       141.4003333,
       38.3926667
      ],
      [
       141.4048333,
       38.3981667
      ],
      [
       141.4073333,
       38.4001667
      ],
      [
       141.411,
       38.3936667
      ],
      [
       141.4145,
       38.3906667
      ],
      [
       141.4206667,
       38.3951667
      ],
      [
       141.4221667,
       38.394
      ],
      [
       141.411,
       38.3856667
      ],
      [
       141.4088333,
       38.3875
      ],
      [
       141.397,
       38.3805
      ],
      [
       141.3971667,
       38.378
      ],
      [
       141.3926667,
       38.3763333
      ],
      [
       141.3938333,
       38.3743333
      ],
      [
       141.3876667,
       38.372
      ],
      [
       141.3813333,
       38.383
      ]
     ]
    ]
   }
  },
  {
   "type": "Feature",
   "id": "区第2625号",
   "properties": {
    "right_no": "区第2625号",
    "holder": "宮城県漁業協同組合",
    "location": "石巻市佐須浜地先",
    "right_type": "第一種区画漁業",
    "fishery": "藻類養殖業・貝類等垂下式養殖業",
    "season": "1月1日から12月31日まで1月1日から12月31日まで",
    "term": "令和5年9月1日から令和10年8月31日まで",
    "districts": "石巻市佐須浜",
    "conditions": "オ及びカの点に夜間識別可能な標識を設置しなければならない。（オのみ光達距離３キロメートル以上）",
    "n_vertices": 9,
    "missing_vertices": null,
    "shoreline_bounded": false,
    "valid": true,
    "invalid_reason": null,
    "area_ha": 42.65,
    "source_page": 44
   },
   "geometry": {
    "type": "Polygon",
    "coordinates": [
     [
      [
       141.3691667,
       38.3996667
      ],
      [
       141.3675,
       38.395
      ],
      [
       141.3671667,
       38.3923333
      ],
      [
       141.366,
       38.3905
      ],
      [
       141.3626667,
       38.3916667
      ],
      [
       141.3651667,
       38.4021667
      ],
      [
       141.3675,
       38.4018333
      ],
      [
       141.3673333,
       38.4011667
      ],
      [
       141.3683333,
       38.4008333
      ],
      [
       141.3691667,
       38.3996667
      ]
     ]
    ]
   }
  },
  {
   "type": "Feature",
   "id": "区第2626号",
   "properties": {
    "right_no": "区第2626号",
    "holder": "宮城県漁業協同組合",
    "location": "石巻市流留沢田地先",
    "right_type": "第一種区画漁業",
    "fishery": "貝類等垂下式養殖業",
    "season": "1月1日から12月31日まで",
    "term": "令和5年9月1日から令和10年8月31日まで",
    "districts": "石巻市沢田、流留、折立",
    "conditions": "",
    "n_vertices": 15,
    "missing_vertices": null,
    "shoreline_bounded": false,
    "valid": true,
    "invalid_reason": null,
    "area_ha": 126.95,
    "source_page": 44
   },
   "geometry": {
    "type": "Polygon",
    "coordinates": [
     [
      [
       141.3795,
       38.4261667
      ],
      [
       141.3798333,
       38.4275
      ],
      [
       141.3808333,
       38.4288333
      ],
      [
       141.3848333,
       38.4318333
      ],
      [
       141.384,
       38.4326667
      ],
      [
       141.3871667,
       38.4351667
      ],
      [
       141.3953333,
       38.4348333
      ],
      [
       141.3995,
       38.4353333
      ],
      [
       141.3981667,
       38.4301667
      ],
      [
       141.3903333,
       38.4276667
      ],
      [
       141.3908333,
       38.4265
      ],
      [
       141.3901667,
       38.4263333
      ],
      [
       141.3896667,
       38.426
      ],
      [
       141.3865,
       38.4253333
      ],
      [
       141.3818333,
       38.4231667
      ],
      [
       141.3795,
       38.4261667
      ]
     ]
    ]
   }
  },
  {
   "type": "Feature",
   "id": "区第2627号",
   "properties": {
    "right_no": "区第2627号",
    "holder": "宮城県漁業協同組合",
    "location": "石巻市流留地先",
    "right_type": "第一種区画漁業",
    "fishery": "藻類養殖業・貝類等垂下式養殖業",
    "season": "9月1日から翌年5月31日まで1月1日から12月31日まで",
    "term": "令和5年9月1日から令和10年8月31日まで",
    "districts": "石巻市沢田、流留、折立",
    "conditions": "",
    "n_vertices": 11,
    "missing_vertices": null,
    "shoreline_bounded": false,
    "valid": true,
    "invalid_reason": null,
    "area_ha": 1.3,
    "source_page": 44
   },
   "geometry": {
    "type": "Polygon",
    "coordinates": [
     [
      [
       141.38,
       38.4228333
      ],
      [
       141.3798333,
       38.4228333
      ],
      [
       141.3798333,
       38.4235
      ],
      [
       141.3793333,
       38.4241667
      ],
      [
       141.3786667,
       38.4253333
      ],
      [
       141.379,
       38.428
      ],
      [
       141.3791667,
       38.428
      ],
      [
       141.379,
       38.4253333
      ],
      [
       141.3795,
       38.4241667
      ],
      [
       141.3803333,
       38.4235
      ],
      [
       141.3801667,
       38.4235
      ],
      [
       141.38,
       38.4228333
      ]
     ]
    ]
   }
  },
  {
   "type": "Feature",
   "id": "区第2628号",
   "properties": {
    "right_no": "区第2628号",
    "holder": "宮城県漁業協同組合",
    "location": "石巻市田代浜地先",
    "right_type": "第一種区画漁業",
    "fishery": "藻類養殖業・貝類等垂下式養殖業",
    "season": "9月1日から翌年5月31日まで1月1日から12月31日まで",
    "term": "令和5年9月1日から令和10年8月31日まで",
    "districts": "石巻市田代浜",
    "conditions": "ア及びイの点に夜間識別可能な標識を設置しなければならない。（光達距離３キロメートル以上）",
    "n_vertices": 4,
    "missing_vertices": null,
    "shoreline_bounded": false,
    "valid": true,
    "invalid_reason": null,
    "area_ha": 37.32,
    "source_page": 44
   },
   "geometry": {
    "type": "Polygon",
    "coordinates": [
     [
      [
       141.4276667,
       38.3056667
      ],
      [
       141.4308333,
       38.3001667
      ],
      [
       141.425,
       38.2981667
      ],
      [
       141.4218333,
       38.3038333
      ],
      [
       141.4276667,
       38.3056667
      ]
     ]
    ]
   }
  },
  {
   "type": "Feature",
   "id": "区第2629号",
   "properties": {
    "right_no": "区第2629号",
    "holder": "宮城県漁業協同組合",
    "location": "石巻市田代浜鵜糞崎地先",
    "right_type": "第一種区画漁業",
    "fishery": "藻類養殖業",
    "season": "9月1日から翌年5月31日まで",
    "term": "令和5年9月1日から令和10年8月31日まで",
    "districts": "石巻市田代浜",
    "conditions": "ア及びエの点に夜間識別可能な標識を設置しなければならない。",
    "n_vertices": 4,
    "missing_vertices": null,
    "shoreline_bounded": false,
    "valid": true,
    "invalid_reason": null,
    "area_ha": 13.57,
    "source_page": 45
   },
   "geometry": {
    "type": "Polygon",
    "coordinates": [
     [
      [
       141.4113333,
       38.3143333
      ],
      [
       141.4128333,
       38.3123333
      ],
      [
       141.408,
       38.3096667
      ],
      [
       141.4063333,
       38.3116667
      ],
      [
       141.4113333,
       38.3143333
      ]
     ]
    ]
   }
  },
  {
   "type": "Feature",
   "id": "区第2630号",
   "properties": {
    "right_no": "区第2630号",
    "holder": "宮城県漁業協同組合",
    "location": "石巻市小竹浜生草島地先",
    "right_type": "第一種区画漁業",
    "fishery": "藻類養殖業",
    "season": "9月1日から翌年5月31日まで",
    "term": "令和5年9月1日から令和10年8月31日まで",
    "districts": "石巻市小竹浜、佐須浜、渡波、沢田、流留、折立",
    "conditions": "イ、ウ及びエの点に夜間識別可能な標識を設置しなければならない。（光達距離３キロメートル以上）",
    "n_vertices": 5,
    "missing_vertices": null,
    "shoreline_bounded": false,
    "valid": true,
    "invalid_reason": null,
    "area_ha": 349.77,
    "source_page": 45
   },
   "geometry": {
    "type": "Polygon",
    "coordinates": [
     [
      [
       141.3596667,
       38.3661667
      ],
      [
       141.3776667,
       38.3743333
      ],
      [
       141.3885,
       38.3636667
      ],
      [
       141.3903333,
       38.3593333
      ],
      [
       141.3743333,
       38.3523333
      ],
      [
       141.3596667,
       38.3661667
      ]
     ]
    ]
   }
  },
  {
   "type": "Feature",
   "id": "区第2631号",
   "properties": {
    "right_no": "区第2631号",
    "holder": "宮城県漁業協同組合",
    "location": "石巻市小竹浜生草島地先",
    "right_type": "第一種区画漁業",
    "fishery": "藻類養殖業・貝類等垂下式養殖業",
    "season": "1月1日から12月31日まで1月1日から12月31日まで",
    "term": "令和5年9月1日から令和10年8月31日まで",
    "districts": "石巻市小竹浜、佐須浜、渡波、沢田、流留、折立",
    "conditions": "ア、ウ、エ、オ、カ、キ及びクの点に夜間識別可能な標識を設置しなければならない。（光達距離３キロメートル以上）",
    "n_vertices": 8,
    "missing_vertices": null,
    "shoreline_bounded": false,
    "valid": true,
    "invalid_reason": null,
    "area_ha": 224.84,
    "source_page": 45
   },
   "geometry": {
    "type": "Polygon",
    "coordinates": [
     [
      [
       141.361,
       38.3876667
      ],
      [
       141.3631667,
       38.3848333
      ],
      [
       141.3688333,
       38.3773333
      ],
      [
       141.373,
       38.3791667
      ],
      [
       141.3778333,
       38.375
      ],
      [
       141.3596667,
       38.3666667
      ],
      [
       141.3566667,
       38.374
      ],
      [
       141.3538333,
       38.3815
      ],
      [
       141.361,
       38.3876667
      ]
     ]
    ]
   }
  },
  {
   "type": "Feature",
   "id": "区第2632号",
   "properties": {
    "right_no": "区第2632号",
    "holder": "宮城県漁業協同組合",
    "location": "石巻市渡波長浜地先",
    "right_type": "第一種区画漁業",
    "fishery": "藻類養殖業・貝類等垂下式養殖業",
    "season": "9月1日から翌年5月31日まで1月1日から12月31日まで",
    "term": "令和5年9月1日から令和10年8月31日まで",
    "districts": "石巻市渡波（佐須浜を含む。）",
    "conditions": "ア、イ、ウ及びエの点に夜間識別可能な標識を設置しなければならない。（光達距離３キロメートル以上）",
    "n_vertices": 4,
    "missing_vertices": null,
    "shoreline_bounded": false,
    "valid": true,
    "invalid_reason": null,
    "area_ha": 55.91,
    "source_page": 45
   },
   "geometry": {
    "type": "Polygon",
    "coordinates": [
     [
      [
       141.3503333,
       38.3968333
      ],
      [
       141.3506667,
       38.4031667
      ],
      [
       141.361,
       38.4013333
      ],
      [
       141.3598333,
       38.3961667
      ],
      [
       141.3503333,
       38.3968333
      ]
     ]
    ]
   }
  },
  {
   "type": "Feature",
   "id": "区第2633号",
   "properties": {
    "right_no": "区第2633号",
    "holder": "宮城県漁業協同組合",
    "location": "石巻市渡波長浜地先",
    "right_type": "第一種区画漁業",
    "fishery": "藻類養殖業・貝類等垂下式養殖業",
    "season": "1月1日から12月31日まで1月1日から12月31日まで",
    "term": "令和5年9月1日から令和10年8月31日まで",
    "districts": "石巻市渡波（佐須浜を含む。）",
    "conditions": "ウ及びエの点に夜間識別可能な標識を設置しなければならない。（光達距離３キロメートル以上）",
    "n_vertices": 4,
    "missing_vertices": null,
    "shoreline_bounded": false,
    "valid": true,
    "invalid_reason": null,
    "area_ha": 46.55,
    "source_page": 45
   },
   "geometry": {
    "type": "Polygon",
    "coordinates": [
     [
      [
       141.3501667,
       38.3968333
      ],
      [
       141.3598333,
       38.3961667
      ],
      [
       141.3585,
       38.3908333
      ],
      [
       141.35,
       38.3916667
      ],
      [
       141.3501667,
       38.3968333
      ]
     ]
    ]
   }
  },
  {
   "type": "Feature",
   "id": "区第2634号",
   "properties": {
    "right_no": "区第2634号",
    "holder": "宮城県漁業協同組合",
    "location": "石巻市渡波祝田地先",
    "right_type": "第一種区画漁業",
    "fishery": "藻類養殖業・貝類等垂下式養殖業",
    "season": "9月1日から翌年5月31日まで1月1日から12月31日まで",
    "term": "令和5年9月1日から令和10年8月31日まで",
    "districts": "石巻市渡波（佐須浜を除く。）",
    "conditions": "ア及びイの点に夜間識別可能な標識を設置しなければならない。",
    "n_vertices": 9,
    "missing_vertices": null,
    "shoreline_bounded": false,
    "valid": true,
    "invalid_reason": null,
    "area_ha": 4.03,
    "source_page": 45
   },
   "geometry": {
    "type": "Polygon",
    "coordinates": [
     [
      [
       141.3666667,
       38.4063333
      ],
      [
       141.3665,
       38.4101667
      ],
      [
       141.3668333,
       38.4101667
      ],
      [
       141.3668333,
       38.4098333
      ],
      [
       141.367,
       38.4096667
      ],
      [
       141.3671667,
       38.4091667
      ],
      [
       141.3668333,
       38.409
      ],
      [
       141.3685,
       38.4073333
      ],
      [
       141.3685,
       38.4063333
      ],
      [
       141.3666667,
       38.4063333
      ]
     ]
    ]
   }
  },
  {
   "type": "Feature",
   "id": "区第2635号",
   "properties": {
    "right_no": "区第2635号",
    "holder": "宮城県漁業協同組合",
    "location": "石巻市渡波長浜地先",
    "right_type": "第一種区画漁業",
    "fishery": "藻類養殖業・貝類等垂下式養殖業",
    "season": "1月1日から12月31日まで1月1日から12月31日まで",
    "term": "令和5年9月1日から令和10年8月31日まで",
    "districts": "石巻市渡波（佐須浜を除く。）",
    "conditions": "ア、イ、ウ及びエの点に夜間識別可能な標識を設置しなければならない。",
    "n_vertices": 5,
    "missing_vertices": null,
    "shoreline_bounded": false,
    "valid": true,
    "invalid_reason": null,
    "area_ha": 80.11,
    "source_page": 45
   },
   "geometry": {
    "type": "Polygon",
    "coordinates": [
     [
      [
       141.3475,
       38.4113333
      ],
      [
       141.3615,
       38.4095
      ],
      [
       141.3621667,
       38.403
      ],
      [
       141.3508333,
       38.4045
      ],
      [
       141.3475,
       38.4101667
      ],
      [
       141.3475,
       38.4113333
      ]
     ]
    ]
   }
  },
  {
   "type": "Feature",
   "id": "区第2636号",
   "properties": {
    "right_no": "区第2636号",
    "holder": "宮城県漁業協同組合",
    "location": "石巻市魚町地先",
    "right_type": "第一種区画漁業",
    "fishery": "藻類養殖業・貝類等垂下式養殖業",
    "season": "9月1日から翌年5月31日まで1月1日から12月31日まで",
    "term": "令和5年9月1日から令和10年8月31日まで",
    "districts": "石巻市渡波（佐須浜を除く。）",
    "conditions": "ア、イ、ウ、エ、オ及びカの点に夜間識別可能な標識を設置しなければならない。（光達距離３キロメートル以上）",
    "n_vertices": 6,
    "missing_vertices": null,
    "shoreline_bounded": false,
    "valid": true,
    "invalid_reason": null,
    "area_ha": 177.62,
    "source_page": 45
   },
   "geometry": {
    "type": "Polygon",
    "coordinates": [
     [
      [
       141.3433333,
       38.3998333
      ],
      [
       141.3418333,
       38.3886667
      ],
      [
       141.3388333,
       38.3865
      ],
      [
       141.3308333,
       38.387
      ],
      [
       141.3276667,
       38.3913333
      ],
      [
       141.326,
       38.399
      ],
      [
       141.3433333,
       38.3998333
      ]
     ]
    ]
   }
  },
  {
   "type": "Feature",
   "id": "区第2637号",
   "properties": {
    "right_no": "区第2637号",
    "holder": "宮城県漁業協同組合",
    "location": "石巻市折立地先",
    "right_type": "第一種区画漁業",
    "fishery": "藻類養殖業・貝類等垂下式養殖業",
    "season": "9月1日から翌年5月31日まで1月1日から12月31日まで",
    "term": "令和5年9月1日から令和10年8月31日まで",
    "districts": "石巻市渡波（佐須浜を除く。）",
    "conditions": "",
    "n_vertices": 7,
    "missing_vertices": null,
    "shoreline_bounded": false,
    "valid": true,
    "invalid_reason": null,
    "area_ha": 46.26,
    "source_page": 46
   },
   "geometry": {
    "type": "Polygon",
    "coordinates": [
     [
      [
       141.3808333,
       38.4223333
      ],
      [
       141.3865,
       38.4248333
      ],
      [
       141.3915,
       38.4261667
      ],
      [
       141.3906667,
       38.4275
      ],
      [
       141.3981667,
       38.4298333
      ],
      [
       141.3973333,
       38.4261667
      ],
      [
       141.38,
       38.42
      ],
      [
       141.3808333,
       38.4223333
      ]
     ]
    ]
   }
  },
  {
   "type": "Feature",
   "id": "区第2638号",
   "properties": {
    "right_no": "区第2638号",
    "holder": "宮城県漁業協同組合",
    "location": "石巻市渡波地先",
    "right_type": "第一種区画漁業",
    "fishery": "藻類養殖業・貝類等垂下式養殖業",
    "season": "1月1日から12月31日まで1月1日から12月31日まで",
    "term": "令和5年9月1日から令和10年8月31日まで",
    "districts": "石巻市渡波（佐須浜を除く。）",
    "conditions": "",
    "n_vertices": 9,
    "missing_vertices": null,
    "shoreline_bounded": false,
    "valid": true,
    "invalid_reason": null,
    "area_ha": 5.55,
    "source_page": 46
   },
   "geometry": {
    "type": "Polygon",
    "coordinates": [
     [
      [
       141.374,
       38.4178333
      ],
      [
       141.374,
       38.4183333
      ],
      [
       141.3766667,
       38.4191667
      ],
      [
       141.379,
       38.4213333
      ],
      [
       141.3798333,
       38.4226667
      ],
      [
       141.3801667,
       38.4226667
      ],
      [
       141.38,
       38.4218333
      ],
      [
       141.3795,
       38.4205
      ],
      [
       141.3788333,
       38.4193333
      ],
      [
       141.374,
       38.4178333
      ]
     ]
    ]
   }
  },
  {
   "type": "Feature",
   "id": "区第2639号",
   "properties": {
    "right_no": "区第2639号",
    "holder": "宮城県漁業協同組合",
    "location": "石巻市渡波地先",
    "right_type": "第一種区画漁業",
    "fishery": "藻類養殖業・貝類等垂下式養殖業",
    "season": "1月1日から12月31日まで1月1日から12月31日まで",
    "term": "令和5年9月1日から令和10年8月31日まで",
    "districts": "石巻市渡波（佐須浜を除く。）",
    "conditions": "",
    "n_vertices": 33,
    "missing_vertices": null,
    "shoreline_bounded": false,
    "valid": true,
    "invalid_reason": null,
    "area_ha": 125.4,
    "source_page": 46
   },
   "geometry": {
    "type": "Polygon",
    "coordinates": [
     [
      [
       141.375,
       38.4163333
      ],
      [
       141.3745,
       38.4166667
      ],
      [
       141.3765,
       38.4178333
      ],
      [
       141.397,
       38.4253333
      ],
      [
       141.3955,
       38.4176667
      ],
      [
       141.3996667,
       38.4178333
      ],
      [
       141.4,
       38.4146667
      ],
      [
       141.3953333,
       38.4155
      ],
      [
       141.3948333,
       38.415
      ],
      [
       141.3946667,
       38.4146667
      ],
      [
       141.3935,
       38.4145
      ],
      [
       141.3931667,
       38.4148333
      ],
      [
       141.3921667,
       38.4148333
      ],
      [
       141.3916667,
       38.4145
      ],
      [
       141.3911667,
       38.4145
      ],
      [
       141.3911667,
       38.4148333
      ],
      [
       141.3901667,
       38.415
      ],
      [
       141.389,
       38.4146667
      ],
      [
       141.3885,
       38.4148333
      ],
      [
       141.3878333,
       38.4146667
      ],
      [
       141.3871667,
       38.4151667
      ],
      [
       141.3861667,
       38.415
      ],
      [
       141.3856667,
       38.4156667
      ],
      [
       141.3848333,
       38.4163333
      ],
      [
       141.3843333,
       38.4165
      ],
      [
       141.3823333,
       38.4163333
      ],
      [
       141.3806667,
       38.4146667
      ],
      [
       141.3793333,
       38.4145
      ],
      [
       141.3781667,
       38.4153333
      ],
      [
       141.3783333,
       38.4173333
      ],
      [
       141.3761667,
       38.4175
      ],
      [
       141.3758333,
       38.4171667
      ],
      [
       141.3751667,
       38.4166667
      ],
      [
       141.375,
       38.4163333
      ]
     ]
    ]
   }
  },
  {
   "type": "Feature",
   "id": "区第2640号",
   "properties": {
    "right_no": "区第2640号",
    "holder": "石巻市漁業協同組合",
    "location": "石巻市魚町地先",
    "right_type": "第一種区画漁業",
    "fishery": "藻類養殖業・貝類等垂下式養殖業",
    "season": "9月1日から翌年5月31日まで7月1日から9月30日まで",
    "term": "令和5年9月1日から令和10年8月31日まで",
    "districts": "石巻市（旧石巻市（旧沢田町、旧渡波町、旧荻浜村を除く。）に限る。）",
    "conditions": "アの点に夜間識別可能な標識を設置しなければならない。（光達距離３キロメートル以上）",
    "n_vertices": 3,
    "missing_vertices": null,
    "shoreline_bounded": false,
    "valid": true,
    "invalid_reason": null,
    "area_ha": 13.69,
    "source_page": 46
   },
   "geometry": {
    "type": "Polygon",
    "coordinates": [
     [
      [
       141.3223333,
       38.3988333
      ],
      [
       141.326,
       38.399
      ],
      [
       141.3276667,
       38.3913333
      ],
      [
       141.3223333,
       38.3988333
      ]
     ]
    ]
   }
  },
  {
   "type": "Feature",
   "id": "区第2641号",
   "properties": {
    "right_no": "区第2641号",
    "holder": "宮城県漁業協同組合",
    "location": "石巻市小竹浜生草島地先",
    "right_type": "第一種区画漁業",
    "fishery": "藻類養殖業",
    "season": "9月1日から翌年5月3１日まで",
    "term": "令和5年9月1日から令和10年8月31日まで",
    "districts": "石巻市渡波（佐須浜を除く。）",
    "conditions": "ウ、エ、オ及びカの点に夜間識別可能な標識を設置しなければならない。（光達距離３キロメートル以上）",
    "n_vertices": 6,
    "missing_vertices": null,
    "shoreline_bounded": false,
    "valid": true,
    "invalid_reason": null,
    "area_ha": 13.44,
    "source_page": 46
   },
   "geometry": {
    "type": "Polygon",
    "coordinates": [
     [
      [
       141.3596667,
       38.3661667
      ],
      [
       141.3743333,
       38.3523333
      ],
      [
       141.3736667,
       38.352
      ],
      [
       141.3715,
       38.354
      ],
      [
       141.3653333,
       38.3598333
      ],
      [
       141.3591667,
       38.3658333
      ],
      [
       141.3596667,
       38.3661667
      ]
     ]
    ]
   }
  },
  {
   "type": "Feature",
   "id": "区第3101号",
   "properties": {
    "right_no": "区第3101号",
    "holder": "宮城県漁業協同組合",
    "location": "東松島市大曲地先",
    "right_type": "第一種区画漁業",
    "fishery": "藻類養殖業",
    "season": "9月1日から翌年5月31日まで",
    "term": "令和5年9月1日から令和10年8月31日まで",
    "districts": "東松島市大曲",
    "conditions": "イ、ウ、エ及びオの点に夜間識別可能な標識を設置しなければならない。（光達距離３キロメートル以上）",
    "n_vertices": 8,
    "missing_vertices": null,
    "shoreline_bounded": false,
    "valid": true,
    "invalid_reason": null,
    "area_ha": 991.83,
    "source_page": 47
   },
   "geometry": {
    "type": "Polygon",
    "coordinates": [
     [
      [
       141.2488333,
       38.4028333
      ],
      [
       141.2528333,
       38.3946667
      ],
      [
       141.2438333,
       38.3773333
      ],
      [
       141.2371667,
       38.3691667
      ],
      [
       141.2276667,
       38.3575
      ],
      [
       141.2133333,
       38.3791667
      ],
      [
       141.2118333,
       38.381
      ],
      [
       141.2071667,
       38.3888333
      ],
      [
       141.2488333,
       38.4028333
      ]
     ]
    ]
   }
  },
  {
   "type": "Feature",
   "id": "区第3102号",
   "properties": {
    "right_no": "区第3102号",
    "holder": "宮城県漁業協同組合",
    "location": "東松島市牛網、浜市地先",
    "right_type": "第一種区画漁業",
    "fishery": "藻類養殖業・貝類等垂下式養殖業",
    "season": "9月1日から翌年5月31日まで1月1日から12月31日まで",
    "term": "令和5年9月1日から令和10年8月31日まで",
    "districts": "東松島市牛網、浜市、大塚、東名、野蒜",
    "conditions": "エ及びオの点に夜間識別可能な黄色の標識を設置しなければならない。（光達距離４キロメートル以上）",
    "n_vertices": 8,
    "missing_vertices": null,
    "shoreline_bounded": false,
    "valid": true,
    "invalid_reason": null,
    "area_ha": 1032.62,
    "source_page": 47
   },
   "geometry": {
    "type": "Polygon",
    "coordinates": [
     [
      [
       141.2045,
       38.3881667
      ],
      [
       141.21,
       38.3798333
      ],
      [
       141.2115,
       38.3773333
      ],
      [
       141.227,
       38.3543333
      ],
      [
       141.2161667,
       38.3405
      ],
      [
       141.189,
       38.3645
      ],
      [
       141.1848333,
       38.3658333
      ],
      [
       141.1775,
       38.3745
      ],
      [
       141.2045,
       38.3881667
      ]
     ]
    ]
   }
  },
  {
   "type": "Feature",
   "id": "区第3103号",
   "properties": {
    "right_no": "区第3103号",
    "holder": "宮城県漁業協同組合",
    "location": "東松島市野蒜地先",
    "right_type": "第一種区画漁業",
    "fishery": "藻類養殖業・貝類等垂下式養殖業",
    "season": "9月1日から翌年5月31日まで1月1日から12月31日まで",
    "term": "令和5年9月1日から令和10年8月31日まで",
    "districts": "東松島市野蒜、大塚、東名、浅井",
    "conditions": "",
    "n_vertices": 5,
    "missing_vertices": null,
    "shoreline_bounded": false,
    "valid": true,
    "invalid_reason": null,
    "area_ha": 59.11,
    "source_page": 47
   },
   "geometry": {
    "type": "Polygon",
    "coordinates": [
     [
      [
       141.1728333,
       38.3695
      ],
      [
       141.1738333,
       38.366
      ],
      [
       141.16,
       38.3586667
      ],
      [
       141.1593333,
       38.3605
      ],
      [
       141.1608333,
       38.3641667
      ],
      [
       141.1728333,
       38.3695
      ]
     ]
    ]
   }
  },
  {
   "type": "Feature",
   "id": "区第3104号",
   "properties": {
    "right_no": "区第3104号",
    "holder": "宮城県漁業協同組合",
    "location": "東松島市東名地先",
    "right_type": "第一種区画漁業",
    "fishery": "藻類養殖業・貝類等垂下式養殖業",
    "season": "9月1日から翌年5月31日まで1月1日から12月31日まで",
    "term": "令和5年9月1日から令和10年8月31日まで",
    "districts": "東松島市野蒜、大塚、東名、浅井",
    "conditions": "",
    "n_vertices": 4,
    "missing_vertices": null,
    "shoreline_bounded": false,
    "valid": true,
    "invalid_reason": null,
    "area_ha": 6.5,
    "source_page": 47
   },
   "geometry": {
    "type": "Polygon",
    "coordinates": [
     [
      [
       141.1331667,
       38.3706667
      ],
      [
       141.1303333,
       38.3756667
      ],
      [
       141.1313333,
       38.3763333
      ],
      [
       141.1341667,
       38.3711667
      ],
      [
       141.1331667,
       38.3706667
      ]
     ]
    ]
   }
  },
  {
   "type": "Feature",
   "id": "区第3105号",
   "properties": {
    "right_no": "区第3105号",
    "holder": "宮城県漁業協同組合",
    "location": "東松島市東名地先",
    "right_type": "第一種区画漁業",
    "fishery": "藻類養殖業・貝類等垂下式養殖業",
    "season": "9月1日から翌年5月31日まで1月1日から12月31日まで",
    "term": "令和5年9月1日から令和10年8月31日まで",
    "districts": "東松島市野蒜、大塚、東名、浅井",
    "conditions": "",
    "n_vertices": 7,
    "missing_vertices": null,
    "shoreline_bounded": false,
    "valid": true,
    "invalid_reason": null,
    "area_ha": 28.71,
    "source_page": 47
   },
   "geometry": {
    "type": "Polygon",
    "coordinates": [
     [
      [
       141.1258333,
       38.3745
      ],
      [
       141.1278333,
       38.3745
      ],
      [
       141.1283333,
       38.3745
      ],
      [
       141.1298333,
       38.3745
      ],
      [
       141.1306667,
       38.3721667
      ],
      [
       141.1305,
       38.3695
      ],
      [
       141.1248333,
       38.3676667
      ],
      [
       141.1258333,
       38.3745
      ]
     ]
    ]
   }
  },
  {
   "type": "Feature",
   "id": "区第3106号",
   "properties": {
    "right_no": "区第3106号",
    "holder": "宮城県漁業協同組合",
    "location": "東松島市東名地先",
    "right_type": "第一種区画漁業",
    "fishery": "藻類養殖業・貝類等垂下式養殖業",
    "season": "9月1日から翌年5月31日まで1月1日から12月31日まで",
    "term": "令和5年9月1日から令和10年8月31日まで",
    "districts": "東松島市野蒜、大塚、東名、浅井",
    "conditions": "",
    "n_vertices": 6,
    "missing_vertices": null,
    "shoreline_bounded": false,
    "valid": true,
    "invalid_reason": null,
    "area_ha": 35.02,
    "source_page": 47
   },
   "geometry": {
    "type": "Polygon",
    "coordinates": [
     [
      [
       141.1313333,
       38.3596667
      ],
      [
       141.1275,
       38.3603333
      ],
      [
       141.125,
       38.3623333
      ],
      [
       141.1255,
       38.3661667
      ],
      [
       141.1311667,
       38.3683333
      ],
      [
       141.1303333,
       38.3605
      ],
      [
       141.1313333,
       38.3596667
      ]
     ]
    ]
   }
  },
  {
   "type": "Feature",
   "id": "区第3107号",
   "properties": {
    "right_no": "区第3107号",
    "holder": "宮城県漁業協同組合",
    "location": "東松島市東名地先",
    "right_type": "第一種区画漁業",
    "fishery": "貝類等垂下式養殖業",
    "season": "1月1日から12月31日まで",
    "term": "令和5年9月1日から令和10年8月31日まで",
    "districts": "東松島市野蒜、大塚、東名、浅井",
    "conditions": "",
    "n_vertices": 4,
    "missing_vertices": null,
    "shoreline_bounded": false,
    "valid": true,
    "invalid_reason": null,
    "area_ha": 6.49,
    "source_page": 47
   },
   "geometry": {
    "type": "Polygon",
    "coordinates": [
     [
      [
       141.1318333,
       38.3578333
      ],
      [
       141.1246667,
       38.3586667
      ],
      [
       141.1246667,
       38.3596667
      ],
      [
       141.132,
       38.3586667
      ],
      [
       141.1318333,
       38.3578333
      ]
     ]
    ]
   }
  },
  {
   "type": "Feature",
   "id": "区第3108号",
   "properties": {
    "right_no": "区第3108号",
    "holder": "宮城県漁業協同組合",
    "location": "東松島市東名地先",
    "right_type": "第一種区画漁業",
    "fishery": "藻類養殖業・貝類等垂下式養殖業",
    "season": "9月1日から翌年5月31日まで1月1日から12月31日まで",
    "term": "令和5年9月1日から令和10年8月31日まで",
    "districts": "東松島市野蒜、大塚、東名、浅井",
    "conditions": "",
    "n_vertices": 6,
    "missing_vertices": null,
    "shoreline_bounded": false,
    "valid": true,
    "invalid_reason": null,
    "area_ha": 6.5,
    "source_page": 47
   },
   "geometry": {
    "type": "Polygon",
    "coordinates": [
     [
      [
       141.1326667,
       38.3576667
      ],
      [
       141.1328333,
       38.3581667
      ],
      [
       141.1351667,
       38.3583333
      ],
      [
       141.1401667,
       38.3576667
      ],
      [
       141.1396667,
       38.3571667
      ],
      [
       141.1371667,
       38.3568333
      ],
      [
       141.1326667,
       38.3576667
      ]
     ]
    ]
   }
  },
  {
   "type": "Feature",
   "id": "区第3109号",
   "properties": {
    "right_no": "区第3109号",
    "holder": "宮城県漁業協同組合",
    "location": "東松島市洲崎地先",
    "right_type": "第一種区画漁業",
    "fishery": "藻類養殖業・貝類等垂下式養殖業",
    "season": "9月1日から翌年5月31日まで1月1日から12月31日まで",
    "term": "令和5年9月1日から令和10年8月31日まで",
    "districts": "東松島市野蒜、大塚、東名、浅井",
    "conditions": "",
    "n_vertices": 6,
    "missing_vertices": null,
    "shoreline_bounded": false,
    "valid": true,
    "invalid_reason": null,
    "area_ha": 8.53,
    "source_page": 48
   },
   "geometry": {
    "type": "Polygon",
    "coordinates": [
     [
      [
       141.1381667,
       38.3588333
      ],
      [
       141.1385,
       38.3596667
      ],
      [
       141.1431667,
       38.3591667
      ],
      [
       141.1481667,
       38.3585
      ],
      [
       141.148,
       38.3578333
      ],
      [
       141.1428333,
       38.3581667
      ],
      [
       141.1381667,
       38.3588333
      ]
     ]
    ]
   }
  },
  {
   "type": "Feature",
   "id": "区第3110号",
   "properties": {
    "right_no": "区第3110号",
    "holder": "宮城県漁業協同組合",
    "location": "東松島市宮戸室浜地先",
    "right_type": "第一種区画漁業",
    "fishery": "藻類養殖業・貝類等垂下式養殖業",
    "season": "9月1日から翌年5月31日まで1月1日から12月31日まで",
    "term": "令和5年9月1日から令和10年8月31日まで",
    "districts": "東松島市宮戸室浜、大浜",
    "conditions": "ア、ウ、エ、オ及びケの点に夜間識別可能な黄色の標識を設置しなければならない。（ア、ウ、エ、ケは光達距離２キロメートル以上、オは光達距離４キロメートル以上）",
    "n_vertices": 9,
    "missing_vertices": null,
    "shoreline_bounded": false,
    "valid": true,
    "invalid_reason": null,
    "area_ha": 572.22,
    "source_page": 48
   },
   "geometry": {
    "type": "Polygon",
    "coordinates": [
     [
      [
       141.1768333,
       38.3608333
      ],
      [
       141.1856667,
       38.3608333
      ],
      [
       141.1883333,
       38.3625
      ],
      [
       141.2125,
       38.34
      ],
      [
       141.2026667,
       38.3288333
      ],
      [
       141.1813333,
       38.348
      ],
      [
       141.1768333,
       38.3525
      ],
      [
       141.1746667,
       38.3511667
      ],
      [
       141.1696667,
       38.3543333
      ],
      [
       141.1768333,
       38.3608333
      ]
     ]
    ]
   }
  },
  {
   "type": "Feature",
   "id": "区第3111号",
   "properties": {
    "right_no": "区第3111号",
    "holder": "宮城県漁業協同組合",
    "location": "東松島市宮戸二本松鼻地先",
    "right_type": "第一種区画漁業",
    "fishery": "藻類養殖業・貝類等垂下式養殖業",
    "season": "9月1日から翌年5月31日まで1月1日から12月31日まで",
    "term": "令和5年9月1日から令和10年8月31日まで",
    "districts": "東松島市宮戸室浜、大浜",
    "conditions": "ア、イ及びウの点に夜間識別可能な黄色の標識を設置しなければならない。（光達距離２キロメートル以上）",
    "n_vertices": 9,
    "missing_vertices": null,
    "shoreline_bounded": false,
    "valid": true,
    "invalid_reason": null,
    "area_ha": 81.62,
    "source_page": 48
   },
   "geometry": {
    "type": "Polygon",
    "coordinates": [
     [
      [
       141.1741667,
       38.3653333
      ],
      [
       141.1751667,
       38.3613333
      ],
      [
       141.1685,
       38.355
      ],
      [
       141.1661667,
       38.3543333
      ],
      [
       141.165,
       38.3556667
      ],
      [
       141.1628333,
       38.3558333
      ],
      [
       141.1625,
       38.3545
      ],
      [
       141.1603333,
       38.354
      ],
      [
       141.1601667,
       38.3585
      ],
      [
       141.1741667,
       38.3653333
      ]
     ]
    ]
   }
  },
  {
   "type": "Feature",
   "id": "区第3112号",
   "properties": {
    "right_no": "区第3112号",
    "holder": "宮城県漁業協同組合",
    "location": "東松島市宮戸大蛇崎地先",
    "right_type": "第一種区画漁業",
    "fishery": "藻類養殖業・貝類等垂下式養殖業",
    "season": "9月1日から翌年5月31日まで1月1日から12月31日まで",
    "term": "令和5年9月1日から令和10年8月31日まで",
    "districts": "東松島市宮戸室浜、大浜",
    "conditions": "",
    "n_vertices": 4,
    "missing_vertices": null,
    "shoreline_bounded": false,
    "valid": true,
    "invalid_reason": null,
    "area_ha": 0.32,
    "source_page": 48
   },
   "geometry": {
    "type": "Polygon",
    "coordinates": [
     [
      [
       141.1486667,
       38.3563333
      ],
      [
       141.1481667,
       38.357
      ],
      [
       141.1483333,
       38.3571667
      ],
      [
       141.1491667,
       38.3565
      ],
      [
       141.1486667,
       38.3563333
      ]
     ]
    ]
   }
  },
  {
   "type": "Feature",
   "id": "区第3113号",
   "properties": {
    "right_no": "区第3113号",
    "holder": "宮城県漁業協同組合",
    "location": "東松島市宮戸岩山鼻地先",
    "right_type": "第一種区画漁業",
    "fishery": "藻類養殖業・貝類等垂下式養殖業",
    "season": "9月1日から翌年5月31日まで1月1日から12月31日まで",
    "term": "令和5年9月1日から令和10年8月31日まで",
    "districts": "東松島市宮戸室浜、大浜",
    "conditions": "",
    "n_vertices": 6,
    "missing_vertices": null,
    "shoreline_bounded": false,
    "valid": true,
    "invalid_reason": null,
    "area_ha": 3.11,
    "source_page": 48
   },
   "geometry": {
    "type": "Polygon",
    "coordinates": [
     [
      [
       141.1595,
       38.351
      ],
      [
       141.1601667,
       38.3516667
      ],
      [
       141.1611667,
       38.3511667
      ],
      [
       141.1618333,
       38.3493333
      ],
      [
       141.1611667,
       38.349
      ],
      [
       141.16,
       38.3501667
      ],
      [
       141.1595,
       38.351
      ]
     ]
    ]
   }
  },
  {
   "type": "Feature",
   "id": "区第3114号",
   "properties": {
    "right_no": "区第3114号",
    "holder": "宮城県漁業協同組合",
    "location": "東松島市宮戸長谷浜地先",
    "right_type": "第一種区画漁業",
    "fishery": "藻類養殖業・貝類等垂下式養殖業",
    "season": "9月1日から翌年5月31日まで1月1日から12月31日まで",
    "term": "令和5年9月1日から令和10年8月31日まで",
    "districts": "東松島市宮戸室浜、大浜",
    "conditions": "",
    "n_vertices": 4,
    "missing_vertices": null,
    "shoreline_bounded": false,
    "valid": true,
    "invalid_reason": null,
    "area_ha": 8.69,
    "source_page": 48
   },
   "geometry": {
    "type": "Polygon",
    "coordinates": [
     [
      [
       141.157,
       38.3496667
      ],
      [
       141.1586667,
       38.35
      ],
      [
       141.1603333,
       38.345
      ],
      [
       141.1593333,
       38.3436667
      ],
      [
       141.157,
       38.3496667
      ]
     ]
    ]
   }
  },
  {
   "type": "Feature",
   "id": "区第3115号",
   "properties": {
    "right_no": "区第3115号",
    "holder": "宮城県漁業協同組合",
    "location": "東松島市宮戸下松地先",
    "right_type": "第一種区画漁業",
    "fishery": "藻類養殖業・貝類等垂下式養殖業",
    "season": "9月1日から翌年5月31日まで1月1日から12月31日まで",
    "term": "令和5年9月1日から令和10年8月31日まで",
    "districts": "東松島市宮戸室浜、大浜",
    "conditions": "",
    "n_vertices": 4,
    "missing_vertices": null,
    "shoreline_bounded": false,
    "valid": true,
    "invalid_reason": null,
    "area_ha": 1.61,
    "source_page": 48
   },
   "geometry": {
    "type": "Polygon",
    "coordinates": [
     [
      [
       141.165,
       38.3521667
      ],
      [
       141.165,
       38.3508333
      ],
      [
       141.1636667,
       38.351
      ],
      [
       141.1636667,
       38.3521667
      ],
      [
       141.165,
       38.3521667
      ]
     ]
    ]
   }
  },
  {
   "type": "Feature",
   "id": "区第3116号",
   "properties": {
    "right_no": "区第3116号",
    "holder": "宮城県漁業協同組合",
    "location": "東松島市宮戸畳石鼻地先",
    "right_type": "第一種区画漁業",
    "fishery": "藻類養殖業・貝類等垂下式養殖業",
    "season": "9月1日から翌年5月31日まで1月1日から12月31日まで",
    "term": "令和5年9月1日から令和10年8月31日まで",
    "districts": "東松島市宮戸室浜、大浜",
    "conditions": "",
    "n_vertices": 6,
    "missing_vertices": null,
    "shoreline_bounded": false,
    "valid": true,
    "invalid_reason": null,
    "area_ha": 4.21,
    "source_page": 49
   },
   "geometry": {
    "type": "Polygon",
    "coordinates": [
     [
      [
       141.1676667,
       38.3536667
      ],
      [
       141.1685,
       38.3531667
      ],
      [
       141.169,
       38.3513333
      ],
      [
       141.1676667,
       38.3511667
      ],
      [
       141.1661667,
       38.3523333
      ],
      [
       141.1668333,
       38.3531667
      ],
      [
       141.1676667,
       38.3536667
      ]
     ]
    ]
   }
  },
  {
   "type": "Feature",
   "id": "区第3117号",
   "properties": {
    "right_no": "区第3117号",
    "holder": "宮城県漁業協同組合",
    "location": "東松島市宮戸畳石鼻地先",
    "right_type": "第一種区画漁業",
    "fishery": "藻類養殖業・貝類等垂下式養殖業",
    "season": "9月1日から翌年5月31日まで1月1日から12月31日まで",
    "term": "令和5年9月1日から令和10年8月31日まで",
    "districts": "東松島市宮戸室浜、大浜",
    "conditions": "",
    "n_vertices": 4,
    "missing_vertices": null,
    "shoreline_bounded": false,
    "valid": true,
    "invalid_reason": null,
    "area_ha": 1.65,
    "source_page": 49
   },
   "geometry": {
    "type": "Polygon",
    "coordinates": [
     [
      [
       141.1686667,
       38.3473333
      ],
      [
       141.168,
       38.3466667
      ],
      [
       141.166,
       38.3471667
      ],
      [
       141.1661667,
       38.3478333
      ],
      [
       141.1686667,
       38.3473333
      ]
     ]
    ]
   }
  },
  {
   "type": "Feature",
   "id": "区第3118号",
   "properties": {
    "right_no": "区第3118号",
    "holder": "宮城県漁業協同組合",
    "location": "東松島市宮戸畳石鼻地先",
    "right_type": "第一種区画漁業",
    "fishery": "藻類養殖業・貝類等垂下式養殖業",
    "season": "9月1日から翌年5月31日まで1月1日から12月31日まで",
    "term": "令和5年9月1日から令和10年8月31日まで",
    "districts": "東松島市宮戸室浜、大浜",
    "conditions": "",
    "n_vertices": 4,
    "missing_vertices": null,
    "shoreline_bounded": false,
    "valid": true,
    "invalid_reason": null,
    "area_ha": 0.91,
    "source_page": 49
   },
   "geometry": {
    "type": "Polygon",
    "coordinates": [
     [
      [
       141.1671667,
       38.3463333
      ],
      [
       141.1673333,
       38.346
      ],
      [
       141.1653333,
       38.3453333
      ],
      [
       141.1648333,
       38.3456667
      ],
      [
       141.1671667,
       38.3463333
      ]
     ]
    ]
   }
  },
  {
   "type": "Feature",
   "id": "区第3119号",
   "properties": {
    "right_no": "区第3119号",
    "holder": "宮城県漁業協同組合",
    "location": "東松島市宮戸室浜父島地先",
    "right_type": "第一種区画漁業",
    "fishery": "藻類養殖業・貝類等垂下式養殖業",
    "season": "9月1日から翌年5月31日まで1月1日から12月31日まで",
    "term": "令和5年9月1日から令和10年8月31日まで",
    "districts": "東松島市宮戸室浜、大浜",
    "conditions": "",
    "n_vertices": 4,
    "missing_vertices": null,
    "shoreline_bounded": false,
    "valid": true,
    "invalid_reason": null,
    "area_ha": 1.85,
    "source_page": 49
   },
   "geometry": {
    "type": "Polygon",
    "coordinates": [
     [
      [
       141.1695,
       38.3453333
      ],
      [
       141.1676667,
       38.3438333
      ],
      [
       141.167,
       38.3443333
      ],
      [
       141.1688333,
       38.3458333
      ],
      [
       141.1695,
       38.3453333
      ]
     ]
    ]
   }
  },
  {
   "type": "Feature",
   "id": "区第3120号",
   "properties": {
    "right_no": "区第3120号",
    "holder": "宮城県漁業協同組合",
    "location": "東松島市宮戸室浜船越島地先",
    "right_type": "第一種区画漁業",
    "fishery": "藻類養殖業・貝類等垂下式養殖業",
    "season": "9月1日から翌年5月31日まで1月1日から12月31日まで",
    "term": "令和5年9月1日から令和10年8月31日まで",
    "districts": "東松島市宮戸室浜、大浜",
    "conditions": "",
    "n_vertices": 4,
    "missing_vertices": null,
    "shoreline_bounded": false,
    "valid": true,
    "invalid_reason": null,
    "area_ha": 1.66,
    "source_page": 49
   },
   "geometry": {
    "type": "Polygon",
    "coordinates": [
     [
      [
       141.1708333,
       38.347
      ],
      [
       141.1711667,
       38.3453333
      ],
      [
       141.1701667,
       38.345
      ],
      [
       141.17,
       38.347
      ],
      [
       141.1708333,
       38.347
      ]
     ]
    ]
   }
  },
  {
   "type": "Feature",
   "id": "区第3121号",
   "properties": {
    "right_no": "区第3121号",
    "holder": "宮城県漁業協同組合",
    "location": "東松島市宮戸室浜船越島地先",
    "right_type": "第一種区画漁業",
    "fishery": "藻類養殖業・貝類等垂下式養殖業",
    "season": "9月1日から翌年5月31日まで1月1日から12月31日まで",
    "term": "令和5年9月1日から令和10年8月31日まで",
    "districts": "東松島市宮戸室浜、大浜",
    "conditions": "",
    "n_vertices": 4,
    "missing_vertices": null,
    "shoreline_bounded": false,
    "valid": true,
    "invalid_reason": null,
    "area_ha": 10.28,
    "source_page": 49
   },
   "geometry": {
    "type": "Polygon",
    "coordinates": [
     [
      [
       141.1765,
       38.343
      ],
      [
       141.1745,
       38.341
      ],
      [
       141.1726667,
       38.3461667
      ],
      [
       141.1741667,
       38.3468333
      ],
      [
       141.1765,
       38.343
      ]
     ]
    ]
   }
  },
  {
   "type": "Feature",
   "id": "区第3122号",
   "properties": {
    "right_no": "区第3122号",
    "holder": "宮城県漁業協同組合",
    "location": "東松島市宮戸男島地先",
    "right_type": "第一種区画漁業",
    "fishery": "藻類養殖業・貝類等垂下式養殖業",
    "season": "9月1日から翌年5月31日まで1月1日から12月31日まで",
    "term": "令和5年9月1日から令和10年8月31日まで",
    "districts": "東松島市宮戸室浜、大浜",
    "conditions": "イ及びオの点に夜間識別可能な黄色の標識を設置しなければならない。（光達距離２キロメートル以上）ウ及びエの点に夜間識別可能な赤色の標識を設置しなければならない。（ウは光達距離４キロメートル以上、エは光達距離２キロメートル以上）",
    "n_vertices": 7,
    "missing_vertices": null,
    "shoreline_bounded": false,
    "valid": true,
    "invalid_reason": null,
    "area_ha": 398.57,
    "source_page": 49
   },
   "geometry": {
    "type": "Polygon",
    "coordinates": [
     [
      [
       141.1805,
       38.3451667
      ],
      [
       141.201,
       38.3271667
      ],
      [
       141.1943333,
       38.3195
      ],
      [
       141.1883333,
       38.3191667
      ],
      [
       141.1798333,
       38.3261667
      ],
      [
       141.1778333,
       38.3271667
      ],
      [
       141.1681667,
       38.3313333
      ],
      [
       141.1805,
       38.3451667
      ]
     ]
    ]
   }
  },
  {
   "type": "Feature",
   "id": "区第3123号",
   "properties": {
    "right_no": "区第3123号",
    "holder": "宮城県漁業協同組合",
    "location": "東松島市宮戸大浜地先",
    "right_type": "第一種区画漁業",
    "fishery": "藻類養殖業・貝類等垂下式養殖業",
    "season": "1月1日から12月31日まで1月1日から12月31日まで",
    "term": "令和5年9月1日から令和10年8月31日まで",
    "districts": "東松島市宮戸室浜、大浜",
    "conditions": "",
    "n_vertices": 4,
    "missing_vertices": null,
    "shoreline_bounded": false,
    "valid": true,
    "invalid_reason": null,
    "area_ha": 3.46,
    "source_page": 49
   },
   "geometry": {
    "type": "Polygon",
    "coordinates": [
     [
      [
       141.1818333,
       38.3216667
      ],
      [
       141.1813333,
       38.321
      ],
      [
       141.1775,
       38.3223333
      ],
      [
       141.178,
       38.3231667
      ],
      [
       141.1818333,
       38.3216667
      ]
     ]
    ]
   }
  },
  {
   "type": "Feature",
   "id": "区第3124号",
   "properties": {
    "right_no": "区第3124号",
    "holder": "宮城県漁業協同組合",
    "location": "東松島市宮戸大浜地先",
    "right_type": "第一種区画漁業",
    "fishery": "藻類養殖業",
    "season": "9月1日から翌年8月31日まで",
    "term": "令和5年9月1日から令和10年8月31日まで",
    "districts": "東松島市宮戸室浜、大浜",
    "conditions": "アの点に夜間識別可能な赤色の標識を設置しなければならない。（光達距離２キロメートル以上）カの点に夜間識別可能な黄色の標識を設置しなければならない。（光達距離２キロメートル以上）",
    "n_vertices": 6,
    "missing_vertices": "キ",
    "shoreline_bounded": false,
    "valid": true,
    "invalid_reason": null,
    "area_ha": 31.95,
    "source_page": 50
   },
   "geometry": {
    "type": "Polygon",
    "coordinates": [
     [
      [
       141.178,
       38.3181667
      ],
      [
       141.1836667,
       38.3206667
      ],
      [
       141.186,
       38.3171667
      ],
      [
       141.185,
       38.315
      ],
      [
       141.1816667,
       38.3138333
      ],
      [
       141.1783333,
       38.3168333
      ],
      [
       141.178,
       38.3181667
      ]
     ]
    ]
   }
  },
  {
   "type": "Feature",
   "id": "区第3125号",
   "properties": {
    "right_no": "区第3125号",
    "holder": "宮城県漁業協同組合",
    "location": "東松島市宮戸大浜地先",
    "right_type": "第一種区画漁業",
    "fishery": "藻類養殖業",
    "season": "9月1日から翌年5月31日まで",
    "term": "令和5年9月1日から令和10年8月31日まで",
    "districts": "東松島市宮戸室浜、大浜",
    "conditions": "アの点に夜間識別可能な緑色の標識を設置しなければならない。（光達距離４キロメートル以上）ウの点に夜間識別可能な黄色の標識を設置しなければならない。（光達距離２キロメートル以上）",
    "n_vertices": 6,
    "missing_vertices": null,
    "shoreline_bounded": false,
    "valid": true,
    "invalid_reason": null,
    "area_ha": 33.86,
    "source_page": 50
   },
   "geometry": {
    "type": "Polygon",
    "coordinates": [
     [
      [
       141.1921667,
       38.3168333
      ],
      [
       141.1873333,
       38.3113333
      ],
      [
       141.1818333,
       38.3086667
      ],
      [
       141.1801667,
       38.3126667
      ],
      [
       141.1863333,
       38.3138333
      ],
      [
       141.189,
       38.3168333
      ],
      [
       141.1921667,
       38.3168333
      ]
     ]
    ]
   }
  },
  {
   "type": "Feature",
   "id": "区第3126号",
   "properties": {
    "right_no": "区第3126号",
    "holder": "宮城県漁業協同組合",
    "location": "東松島市宮戸大浜地先",
    "right_type": "第一種区画漁業",
    "fishery": "藻類養殖業",
    "season": "1月1日から12月31日まで",
    "term": "令和5年9月1日から令和10年8月31日まで",
    "districts": "東松島市宮戸室浜、大浜",
    "conditions": "ア及びイの点に夜間識別可能な黄色の標識を設置しなければならない。（光達距離２キロメートル以上）",
    "n_vertices": 8,
    "missing_vertices": null,
    "shoreline_bounded": false,
    "valid": true,
    "invalid_reason": null,
    "area_ha": 46.28,
    "source_page": 50
   },
   "geometry": {
    "type": "Polygon",
    "coordinates": [
     [
      [
       141.176,
       38.3183333
      ],
      [
       141.1673333,
       38.3178333
      ],
      [
       141.164,
       38.325
      ],
      [
       141.1676667,
       38.3251667
      ],
      [
       141.1685,
       38.3226667
      ],
      [
       141.1741667,
       38.3221667
      ],
      [
       141.1743333,
       38.3203333
      ],
      [
       141.1756667,
       38.3203333
      ],
      [
       141.176,
       38.3183333
      ]
     ]
    ]
   }
  },
  {
   "type": "Feature",
   "id": "区第3127号",
   "properties": {
    "right_no": "区第3127号",
    "holder": "宮城県漁業協同組合",
    "location": "東松島市宮戸大浜地先",
    "right_type": "第一種区画漁業",
    "fishery": "藻類養殖業",
    "season": "9月1日から翌年5月31日まで",
    "term": "令和5年9月1日から令和10年8月31日まで",
    "districts": "東松島市宮戸室浜、大浜",
    "conditions": "ア、イ、ウ及びエの点に夜間識別可能な黄色の標識を設置しなければならない。（ア、イ、エは光達距離２キロメートル以上、ウは光達距離４キロメートル以上）",
    "n_vertices": 4,
    "missing_vertices": null,
    "shoreline_bounded": false,
    "valid": true,
    "invalid_reason": null,
    "area_ha": 87.19,
    "source_page": 50
   },
   "geometry": {
    "type": "Polygon",
    "coordinates": [
     [
      [
       141.1761667,
       38.3166667
      ],
      [
       141.1796667,
       38.3076667
      ],
      [
       141.1725,
       38.3041667
      ],
      [
       141.1676667,
       38.316
      ],
      [
       141.1761667,
       38.3166667
      ]
     ]
    ]
   }
  },
  {
   "type": "Feature",
   "id": "区第3128号",
   "properties": {
    "right_no": "区第3128号",
    "holder": "宮城県漁業協同組合",
    "location": "東松島市宮戸月浜地先",
    "right_type": "第一種区画漁業",
    "fishery": "藻類養殖業",
    "season": "9月1日から翌年5月31日まで",
    "term": "令和5年9月1日から令和10年8月31日まで",
    "districts": "東松島市宮戸里浜、月浜",
    "conditions": "アの点に夜間識別可能な黄色の標識を設置しなければならない。（光達距離２キロメートル以上）イの点に夜間識別可能な赤色の標識を設置しなければならない。（光達距離２キロメートル以上）",
    "n_vertices": 4,
    "missing_vertices": null,
    "shoreline_bounded": false,
    "valid": true,
    "invalid_reason": null,
    "area_ha": 28.97,
    "source_page": 50
   },
   "geometry": {
    "type": "Polygon",
    "coordinates": [
     [
      [
       141.1658333,
       38.3176667
      ],
      [
       141.1628333,
       38.317
      ],
      [
       141.1583333,
       38.323
      ],
      [
       141.1628333,
       38.325
      ],
      [
       141.1658333,
       38.3176667
      ]
     ]
    ]
   }
  },
  {
   "type": "Feature",
   "id": "区第3129号",
   "properties": {
    "right_no": "区第3129号",
    "holder": "宮城県漁業協同組合",
    "location": "東松島市宮戸月浜地先",
    "right_type": "第一種区画漁業",
    "fishery": "藻類養殖業",
    "season": "9月1日から翌年5月31日まで",
    "term": "令和5年9月1日から令和10年8月31日まで",
    "districts": "東松島市宮戸里浜、月浜",
    "conditions": "ア、エ及びスの点に夜間識別可能な緑色の標識を設置しなければならない。（光達距離２キロメートル以上）オ、カ、キ、ク、ケ、コ及びシの点に夜間識別可能な黄色の標識を設置しなければならない。（オは光達距離２キロメートル以上、カ、キ、ク、ケ、コ、シは光達距離４キロメートル以上）",
    "n_vertices": 13,
    "missing_vertices": null,
    "shoreline_bounded": false,
    "valid": true,
    "invalid_reason": null,
    "area_ha": 235.19,
    "source_page": 50
   },
   "geometry": {
    "type": "Polygon",
    "coordinates": [
     [
      [
       141.1598333,
       38.3155
      ],
      [
       141.1613333,
       38.3131667
      ],
      [
       141.1648333,
       38.3133333
      ],
      [
       141.1635,
       38.3155
      ],
      [
       141.1663333,
       38.3161667
      ],
      [
       141.1713333,
       38.3038333
      ],
      [
       141.1626667,
       38.3025
      ],
      [
       141.1526667,
       38.3073333
      ],
      [
       141.1495,
       38.3108333
      ],
      [
       141.1461667,
       38.3118333
      ],
      [
       141.1421667,
       38.3121667
      ],
      [
       141.1378333,
       38.3128333
      ],
      [
       141.1373333,
       38.3158333
      ],
      [
       141.1598333,
       38.3155
      ]
     ]
    ]
   }
  },
  {
   "type": "Feature",
   "id": "区第3130号",
   "properties": {
    "right_no": "区第3130号",
    "holder": "宮城県漁業協同組合",
    "location": "東松島市宮戸月浜地先",
    "right_type": "第一種区画漁業",
    "fishery": "藻類養殖業",
    "season": "9月1日から翌年5月31日まで",
    "term": "令和5年9月1日から令和10年8月31日まで",
    "districts": "東松島市宮戸里浜、月浜",
    "conditions": "",
    "n_vertices": 4,
    "missing_vertices": null,
    "shoreline_bounded": false,
    "valid": true,
    "invalid_reason": null,
    "area_ha": 0.97,
    "source_page": 51
   },
   "geometry": {
    "type": "Polygon",
    "coordinates": [
     [
      [
       141.1568333,
       38.3218333
      ],
      [
       141.1573333,
       38.3213333
      ],
      [
       141.1558333,
       38.3208333
      ],
      [
       141.1553333,
       38.3213333
      ],
      [
       141.1568333,
       38.3218333
      ]
     ]
    ]
   }
  },
  {
   "type": "Feature",
   "id": "区第3131号",
   "properties": {
    "right_no": "区第3131号",
    "holder": "宮城県漁業協同組合",
    "location": "東松島市宮戸月浜地先",
    "right_type": "第一種区画漁業",
    "fishery": "藻類養殖業・貝類等垂下式養殖業",
    "season": "9月1日から翌年5月31日まで1月1日から12月31日まで",
    "term": "令和5年9月1日から令和10年8月31日まで",
    "districts": "東松島市宮戸里浜、月浜",
    "conditions": "オの点に夜間識別可能な赤色の標識を設置しなければならない。（光達距離２キロメートル以上）キの点に夜間識別可能な黄色の標識を設置しなければならない。（光達距離２キロメートル以上）",
    "n_vertices": 11,
    "missing_vertices": null,
    "shoreline_bounded": false,
    "valid": true,
    "invalid_reason": null,
    "area_ha": 90.71,
    "source_page": 51
   },
   "geometry": {
    "type": "Polygon",
    "coordinates": [
     [
      [
       141.144,
       38.3306667
      ],
      [
       141.147,
       38.3283333
      ],
      [
       141.1511667,
       38.3226667
      ],
      [
       141.1541667,
       38.3216667
      ],
      [
       141.1555,
       38.3171667
      ],
      [
       141.1533333,
       38.3171667
      ],
      [
       141.1416667,
       38.3173333
      ],
      [
       141.1406667,
       38.3215
      ],
      [
       141.148,
       38.3248333
      ],
      [
       141.144,
       38.3285
      ],
      [
       141.1426667,
       38.3301667
      ],
      [
       141.144,
       38.3306667
      ]
     ]
    ]
   }
  },
  {
   "type": "Feature",
   "id": "区第3132号",
   "properties": {
    "right_no": "区第3132号",
    "holder": "宮城県漁業協同組合",
    "location": "東松島市宮戸里浜地先",
    "right_type": "第一種区画漁業",
    "fishery": "藻類養殖業・貝類等垂下式養殖業",
    "season": "9月1日から翌年5月31日まで1月1日から12月31日まで",
    "term": "令和5年9月1日から令和10年8月31日まで",
    "districts": "東松島市宮戸里浜、月浜",
    "conditions": "クの点に夜間識別可能な赤色の標識を設置しなければならない。（光達距離２キロメートル以上）",
    "n_vertices": 8,
    "missing_vertices": null,
    "shoreline_bounded": false,
    "valid": true,
    "invalid_reason": null,
    "area_ha": 27.63,
    "source_page": 51
   },
   "geometry": {
    "type": "Polygon",
    "coordinates": [
     [
      [
       141.133,
       38.3331667
      ],
      [
       141.1343333,
       38.3331667
      ],
      [
       141.1358333,
       38.3278333
      ],
      [
       141.1376667,
       38.3285
      ],
      [
       141.1386667,
       38.327
      ],
      [
       141.1363333,
       38.3256667
      ],
      [
       141.1386667,
       38.3171667
      ],
      [
       141.137,
       38.3171667
      ],
      [
       141.133,
       38.3331667
      ]
     ]
    ]
   }
  },
  {
   "type": "Feature",
   "id": "区第3133号",
   "properties": {
    "right_no": "区第3133号",
    "holder": "宮城県漁業協同組合",
    "location": "東松島市宮戸里浜地先",
    "right_type": "第一種区画漁業",
    "fishery": "貝類等垂下式養殖業",
    "season": "1月1日から12月31日まで",
    "term": "令和5年9月1日から令和10年8月31日まで",
    "districts": "東松島市宮戸里浜、月浜",
    "conditions": "",
    "n_vertices": 4,
    "missing_vertices": null,
    "shoreline_bounded": false,
    "valid": true,
    "invalid_reason": null,
    "area_ha": 0.84,
    "source_page": 51
   },
   "geometry": {
    "type": "Polygon",
    "coordinates": [
     [
      [
       141.132,
       38.3361667
      ],
      [
       141.1315,
       38.3376667
      ],
      [
       141.132,
       38.3376667
      ],
      [
       141.1326667,
       38.3361667
      ],
      [
       141.132,
       38.3361667
      ]
     ]
    ]
   }
  },
  {
   "type": "Feature",
   "id": "区第3134号",
   "properties": {
    "right_no": "区第3134号",
    "holder": "宮城県漁業協同組合",
    "location": "東松島市宮戸里浜地先",
    "right_type": "第一種区画漁業",
    "fishery": "貝類等垂下式養殖業",
    "season": "1月1日から12月31日まで",
    "term": "令和5年9月1日から令和10年8月31日まで",
    "districts": "東松島市宮戸里浜、月浜",
    "conditions": "",
    "n_vertices": 8,
    "missing_vertices": null,
    "shoreline_bounded": false,
    "valid": true,
    "invalid_reason": null,
    "area_ha": 4.21,
    "source_page": 51
   },
   "geometry": {
    "type": "Polygon",
    "coordinates": [
     [
      [
       141.1335,
       38.3431667
      ],
      [
       141.1341667,
       38.343
      ],
      [
       141.1343333,
       38.3396667
      ],
      [
       141.1338333,
       38.3396667
      ],
      [
       141.1333333,
       38.341
      ],
      [
       141.1328333,
       38.3411667
      ],
      [
       141.132,
       38.3393333
      ],
      [
       141.1315,
       38.3393333
      ],
      [
       141.1335,
       38.3431667
      ]
     ]
    ]
   }
  },
  {
   "type": "Feature",
   "id": "区第3135号",
   "properties": {
    "right_no": "区第3135号",
    "holder": "宮城県漁業協同組合",
    "location": "東松島市宮戸里浜地先",
    "right_type": "第一種区画漁業",
    "fishery": "貝類等垂下式養殖業",
    "season": "1月1日から12月31日まで",
    "term": "令和5年9月1日から令和10年8月31日まで",
    "districts": "東松島市宮戸里浜、月浜",
    "conditions": "",
    "n_vertices": 4,
    "missing_vertices": null,
    "shoreline_bounded": false,
    "valid": true,
    "invalid_reason": null,
    "area_ha": 4.38,
    "source_page": 52
   },
   "geometry": {
    "type": "Polygon",
    "coordinates": [
     [
      [
       141.1336667,
       38.347
      ],
      [
       141.1365,
       38.3428333
      ],
      [
       141.1373333,
       38.3395
      ],
      [
       141.137,
       38.3393333
      ],
      [
       141.1336667,
       38.347
      ]
     ]
    ]
   }
  },
  {
   "type": "Feature",
   "id": "区第3136号",
   "properties": {
    "right_no": "区第3136号",
    "holder": "宮城県漁業協同組合",
    "location": "東松島市宮戸里浜地先",
    "right_type": "第一種区画漁業",
    "fishery": "藻類養殖業・貝類等垂下式養殖業",
    "season": "9月1日から翌年5月31日まで1月1日から12月31日まで",
    "term": "令和5年9月1日から令和10年8月31日まで",
    "districts": "東松島市宮戸里浜、月浜",
    "conditions": "",
    "n_vertices": 4,
    "missing_vertices": null,
    "shoreline_bounded": false,
    "valid": true,
    "invalid_reason": null,
    "area_ha": 3.42,
    "source_page": 52
   },
   "geometry": {
    "type": "Polygon",
    "coordinates": [
     [
      [
       141.1375,
       38.3473333
      ],
      [
       141.1391667,
       38.3448333
      ],
      [
       141.1376667,
       38.3448333
      ],
      [
       141.1361667,
       38.3473333
      ],
      [
       141.1375,
       38.3473333
      ]
     ]
    ]
   }
  },
  {
   "type": "Feature",
   "id": "区第3137号",
   "properties": {
    "right_no": "区第3137号",
    "holder": "宮城県漁業協同組合",
    "location": "東松島市宮戸里浜地先",
    "right_type": "第一種区画漁業",
    "fishery": "藻類養殖業・貝類等垂下式養殖業",
    "season": "9月1日から翌年5月31日まで1月1日から12月31日まで",
    "term": "令和5年9月1日から令和10年8月31日まで",
    "districts": "東松島市宮戸里浜、月浜",
    "conditions": "",
    "n_vertices": 15,
    "missing_vertices": null,
    "shoreline_bounded": false,
    "valid": true,
    "invalid_reason": null,
    "area_ha": 44.09,
    "source_page": 52
   },
   "geometry": {
    "type": "Polygon",
    "coordinates": [
     [
      [
       141.1361667,
       38.353
      ],
      [
       141.1378333,
       38.3541667
      ],
      [
       141.143,
       38.3478333
      ],
      [
       141.1441667,
       38.348
      ],
      [
       141.1443333,
       38.3475
      ],
      [
       141.1446667,
       38.347
      ],
      [
       141.1445,
       38.3466667
      ],
      [
       141.1448333,
       38.3463333
      ],
      [
       141.1453333,
       38.3465
      ],
      [
       141.1461667,
       38.3456667
      ],
      [
       141.1456667,
       38.3451667
      ],
      [
       141.1475,
       38.3426667
      ],
      [
       141.1423333,
       38.3426667
      ],
      [
       141.137,
       38.3508333
      ],
      [
       141.1371667,
       38.3523333
      ],
      [
       141.1361667,
       38.353
      ]
     ]
    ]
   }
  },
  {
   "type": "Feature",
   "id": "区第3138号",
   "properties": {
    "right_no": "区第3138号",
    "holder": "宮城県漁業協同組合",
    "location": "東松島市宮戸里浜地先",
    "right_type": "第一種区画漁業",
    "fishery": "貝類等垂下式養殖業",
    "season": "1月1日から12月31日まで",
    "term": "令和5年9月1日から令和10年8月31日まで",
    "districts": "東松島市宮戸里浜、月浜",
    "conditions": "",
    "n_vertices": 4,
    "missing_vertices": null,
    "shoreline_bounded": false,
    "valid": true,
    "invalid_reason": null,
    "area_ha": 6.65,
    "source_page": 52
   },
   "geometry": {
    "type": "Polygon",
    "coordinates": [
     [
      [
       141.1391667,
       38.3553333
      ],
      [
       141.1408333,
       38.3565
      ],
      [
       141.146,
       38.357
      ],
      [
       141.145,
       38.3555
      ],
      [
       141.1391667,
       38.3553333
      ]
     ]
    ]
   }
  },
  {
   "type": "Feature",
   "id": "区第3139号",
   "properties": {
    "right_no": "区第3139号",
    "holder": "宮城県漁業協同組合",
    "location": "東松島市宮戸里浜地先",
    "right_type": "第一種区画漁業",
    "fishery": "貝類等垂下式養殖業",
    "season": "1月1日から12月31日まで",
    "term": "令和5年9月1日から令和10年8月31日まで",
    "districts": "東松島市宮戸里浜、月浜",
    "conditions": "",
    "n_vertices": 4,
    "missing_vertices": null,
    "shoreline_bounded": false,
    "valid": true,
    "invalid_reason": null,
    "area_ha": 0.52,
    "source_page": 52
   },
   "geometry": {
    "type": "Polygon",
    "coordinates": [
     [
      [
       141.1476667,
       38.3561667
      ],
      [
       141.147,
       38.357
      ],
      [
       141.1475,
       38.3571667
      ],
      [
       141.1481667,
       38.3565
      ],
      [
       141.1476667,
       38.3561667
      ]
     ]
    ]
   }
  },
  {
   "type": "Feature",
   "id": "区第3140号",
   "properties": {
    "right_no": "区第3140号",
    "holder": "宮城県漁業協同組合",
    "location": "東松島市宮戸里浜地先",
    "right_type": "第一種区画漁業",
    "fishery": "藻類養殖業・貝類等垂下式養殖業",
    "season": "9月1日から翌年5月31日まで1月1日から12月31日まで",
    "term": "令和5年9月1日から令和10年8月31日まで",
    "districts": "東松島市宮戸里浜、月浜、大浜、室浜",
    "conditions": "",
    "n_vertices": 4,
    "missing_vertices": null,
    "shoreline_bounded": false,
    "valid": true,
    "invalid_reason": null,
    "area_ha": 3.74,
    "source_page": 52
   },
   "geometry": {
    "type": "Polygon",
    "coordinates": [
     [
      [
       141.1343333,
       38.3498333
      ],
      [
       141.1338333,
       38.3501667
      ],
      [
       141.1341667,
       38.3528333
      ],
      [
       141.1363333,
       38.3516667
      ],
      [
       141.1343333,
       38.3498333
      ]
     ]
    ]
   }
  },
  {
   "type": "Feature",
   "id": "区第3141号",
   "properties": {
    "right_no": "区第3141号",
    "holder": "宮城県漁業協同組合",
    "location": "東松島市宮戸室浜地先",
    "right_type": "第一種区画漁業",
    "fishery": "藻類養殖業",
    "season": "9月1日から翌年5月31日まで",
    "term": "令和5年9月1日から令和10年8月31日まで",
    "districts": "東松島市宮戸室浜、大浜",
    "conditions": "イ及びウの点に夜間識別可能な黄色の標識を設置しなければならない。（イは光達距離２キロメートル以上、ウは光達距離４キロメートル以上）",
    "n_vertices": 4,
    "missing_vertices": null,
    "shoreline_bounded": false,
    "valid": true,
    "invalid_reason": null,
    "area_ha": 43.93,
    "source_page": 52
   },
   "geometry": {
    "type": "Polygon",
    "coordinates": [
     [
      [
       141.2125,
       38.34
      ],
      [
       141.2143333,
       38.3381667
      ],
      [
       141.2051667,
       38.3263333
      ],
      [
       141.2026667,
       38.3288333
      ],
      [
       141.2125,
       38.34
      ]
     ]
    ]
   }
  },
  {
   "type": "Feature",
   "id": "区第3142号",
   "properties": {
    "right_no": "区第3142号",
    "holder": "宮城県漁業協同組合",
    "location": "東松島市宮戸男島地先",
    "right_type": "第一種区画漁業",
    "fishery": "藻類養殖業",
    "season": "9月1日から翌年5月31日まで",
    "term": "令和5年9月1日から令和10年8月31日まで",
    "districts": "東松島市宮戸室浜、大浜",
    "conditions": "イの点に夜間識別可能な黄色の標識を設置しなければならない。（光達距離２キロメートル以上）ウの点に夜間識別可能な赤色の標識を設置しなければならない。（光達距離４キロメートル以上）",
    "n_vertices": 4,
    "missing_vertices": null,
    "shoreline_bounded": false,
    "valid": true,
    "invalid_reason": null,
    "area_ha": 27.98,
    "source_page": 53
   },
   "geometry": {
    "type": "Polygon",
    "coordinates": [
     [
      [
       141.201,
       38.3271667
      ],
      [
       141.2036667,
       38.3246667
      ],
      [
       141.1986667,
       38.3196667
      ],
      [
       141.1943333,
       38.3195
      ],
      [
       141.201,
       38.3271667
      ]
     ]
    ]
   }
  },
  {
   "type": "Feature",
   "id": "区第3143号",
   "properties": {
    "right_no": "区第3143号",
    "holder": "宮城県漁業協同組合",
    "location": "東松島市宮戸大浜地先",
    "right_type": "第一種区画漁業",
    "fishery": "藻類養殖業",
    "season": "9月1日から翌年5月31日まで",
    "term": "令和5年9月1日から令和10年8月31日まで",
    "districts": "東松島市宮戸室浜、大浜",
    "conditions": "イの点に夜間識別可能な緑色の標識を設置しなければならない。（光達距離４キロメートル以上）ウ及びエの点に夜間識別可能な黄色の標識を設置しなければならない。（ウは光達距離４キロメートル以上、エは光達距離２キロメートル以上）",
    "n_vertices": 6,
    "missing_vertices": null,
    "shoreline_bounded": false,
    "valid": true,
    "invalid_reason": null,
    "area_ha": 35.57,
    "source_page": 53
   },
   "geometry": {
    "type": "Polygon",
    "coordinates": [
     [
      [
       141.1921667,
       38.3168333
      ],
      [
       141.1943333,
       38.3151667
      ],
      [
       141.1886667,
       38.3093333
      ],
      [
       141.1828333,
       38.3058333
      ],
      [
       141.1818333,
       38.3086667
      ],
      [
       141.1873333,
       38.3113333
      ],
      [
       141.1921667,
       38.3168333
      ]
     ]
    ]
   }
  },
  {
   "type": "Feature",
   "id": "区第3144号",
   "properties": {
    "right_no": "区第3144号",
    "holder": "宮城県漁業協同組合",
    "location": "東松島市宮戸大浜地先",
    "right_type": "第一種区画漁業",
    "fishery": "藻類養殖業",
    "season": "9月1日から翌年5月31日まで",
    "term": "令和5年9月1日から令和10年8月31日まで",
    "districts": "東松島市宮戸室浜、大浜",
    "conditions": "イの点に夜間識別可能な黄色の標識を設置しなければならない。（光達距離２キロメートル以上）",
    "n_vertices": 3,
    "missing_vertices": null,
    "shoreline_bounded": false,
    "valid": true,
    "invalid_reason": null,
    "area_ha": 12.93,
    "source_page": 53
   },
   "geometry": {
    "type": "Polygon",
    "coordinates": [
     [
      [
       141.1796667,
       38.3076667
      ],
      [
       141.1808333,
       38.3045
      ],
      [
       141.1725,
       38.3041667
      ],
      [
       141.1796667,
       38.3076667
      ]
     ]
    ]
   }
  },
  {
   "type": "Feature",
   "id": "区第3201号",
   "properties": {
    "right_no": "区第3201号",
    "holder": "宮城県漁業協同組合",
    "location": "宮城郡松島町伊勢島地先",
    "right_type": "第一種区画漁業",
    "fishery": "藻類養殖業・貝類等垂下式養殖業",
    "season": "9月1日から翌年5月31日まで1月1日から12月31日まで",
    "term": "令和5年9月1日から令和10年8月31日まで",
    "districts": "宮城郡松島町",
    "conditions": "ア、オ及びカの点に夜間識別可能な緑色の標識を設置しなければならない。（光達距離２キロメートル以上）",
    "n_vertices": 6,
    "missing_vertices": null,
    "shoreline_bounded": false,
    "valid": true,
    "invalid_reason": null,
    "area_ha": 33.44,
    "source_page": 53
   },
   "geometry": {
    "type": "Polygon",
    "coordinates": [
     [
      [
       141.0716667,
       38.3441667
      ],
      [
       141.0628333,
       38.3491667
      ],
      [
       141.0636667,
       38.3498333
      ],
      [
       141.069,
       38.3495
      ],
      [
       141.0691667,
       38.3533333
      ],
      [
       141.073,
       38.3475
      ],
      [
       141.0716667,
       38.3441667
      ]
     ]
    ]
   }
  },
  {
   "type": "Feature",
   "id": "区第3202号",
   "properties": {
    "right_no": "区第3202号",
    "holder": "宮城県漁業協同組合",
    "location": "宮城郡松島町伊勢島地先",
    "right_type": "第一種区画漁業",
    "fishery": "藻類養殖業・貝類等垂下式養殖業",
    "season": "9月1日から翌年5月31日まで1月1日から12月31日まで",
    "term": "令和5年9月1日から令和10年8月31日まで",
    "districts": "宮城郡松島町",
    "conditions": "ア、イ及びウの点に夜間識別可能な赤色の標識を設置しなければならない。（光達距離２キロメートル以上）エ及びオの点に夜間識別可能な黄色の標識を設置しなければならない。（光達距離２キロメートル以上）",
    "n_vertices": 6,
    "missing_vertices": null,
    "shoreline_bounded": false,
    "valid": true,
    "invalid_reason": null,
    "area_ha": 64.74,
    "source_page": 53
   },
   "geometry": {
    "type": "Polygon",
    "coordinates": [
     [
      [
       141.073,
       38.3436667
      ],
      [
       141.0743333,
       38.3475
      ],
      [
       141.0698333,
       38.355
      ],
      [
       141.0725,
       38.3595
      ],
      [
       141.0803333,
       38.3483333
      ],
      [
       141.0763333,
       38.346
      ],
      [
       141.073,
       38.3436667
      ]
     ]
    ]
   }
  },
  {
   "type": "Feature",
   "id": "区第3203号",
   "properties": {
    "right_no": "区第3203号",
    "holder": "宮城県漁業協同組合",
    "location": "宮城郡松島町焼島地先",
    "right_type": "第一種区画漁業",
    "fishery": "藻類養殖業・貝類等垂下式養殖業",
    "season": "9月1日から翌年5月31日まで1月1日から12月31日まで",
    "term": "令和5年9月1日から令和10年8月31日まで",
    "districts": "宮城郡松島町",
    "conditions": "ア、イ及びウの点に夜間識別可能な黄色の標識を設置しなければならない。（光達距離２キロメートル以上）",
    "n_vertices": 3,
    "missing_vertices": null,
    "shoreline_bounded": false,
    "valid": true,
    "invalid_reason": null,
    "area_ha": 34.53,
    "source_page": 53
   },
   "geometry": {
    "type": "Polygon",
    "coordinates": [
     [
      [
       141.0733333,
       38.3611667
      ],
      [
       141.0788333,
       38.3618333
      ],
      [
       141.0816667,
       38.3491667
      ],
      [
       141.0733333,
       38.3611667
      ]
     ]
    ]
   }
  },
  {
   "type": "Feature",
   "id": "区第3204号",
   "properties": {
    "right_no": "区第3204号",
    "holder": "宮城県漁業協同組合",
    "location": "宮城郡松島町九ノ島地先",
    "right_type": "第一種区画漁業",
    "fishery": "藻類養殖業・貝類等垂下式養殖業",
    "season": "9月1日から翌年5月31日まで1月1日から12月31日まで",
    "term": "令和5年9月1日から令和10年8月31日まで",
    "districts": "宮城郡松島町",
    "conditions": "ア、イ及びウの点に夜間識別可能な黄色の標識を設置しなければならない。（光達距離２キロメートル以上）",
    "n_vertices": 4,
    "missing_vertices": null,
    "shoreline_bounded": false,
    "valid": true,
    "invalid_reason": null,
    "area_ha": 69.46,
    "source_page": 53
   },
   "geometry": {
    "type": "Polygon",
    "coordinates": [
     [
      [
       141.0826667,
       38.3503333
      ],
      [
       141.0798333,
       38.362
      ],
      [
       141.0906667,
       38.3635
      ],
      [
       141.0883333,
       38.358
      ],
      [
       141.0826667,
       38.3503333
      ]
     ]
    ]
   }
  },
  {
   "type": "Feature",
   "id": "区第3205号",
   "properties": {
    "right_no": "区第3205号",
    "holder": "宮城県漁業協同組合",
    "location": "宮城郡松島町九ノ島地先",
    "right_type": "第一種区画漁業",
    "fishery": "藻類養殖業",
    "season": "9月1日から翌年5月31日まで",
    "term": "令和5年9月1日から令和10年8月31日まで",
    "districts": "宮城郡松島町",
    "conditions": "",
    "n_vertices": 14,
    "missing_vertices": null,
    "shoreline_bounded": false,
    "valid": true,
    "invalid_reason": null,
    "area_ha": 102.93,
    "source_page": 53
   },
   "geometry": {
    "type": "Polygon",
    "coordinates": [
     [
      [
       141.0773333,
       38.3696667
      ],
      [
       141.0735,
       38.3736667
      ],
      [
       141.076,
       38.3758333
      ],
      [
       141.0808333,
       38.3746667
      ],
      [
       141.0821667,
       38.3753333
      ],
      [
       141.0915,
       38.3668333
      ],
      [
       141.0911667,
       38.3651667
      ],
      [
       141.0893333,
       38.3646667
      ],
      [
       141.0873333,
       38.3656667
      ],
      [
       141.0848333,
       38.3655
      ],
      [
       141.082,
       38.366
      ],
      [
       141.0816667,
       38.3671667
      ],
      [
       141.078,
       38.367
      ],
      [
       141.0756667,
       38.3683333
      ],
      [
       141.0773333,
       38.3696667
      ]
     ]
    ]
   }
  },
  {
   "type": "Feature",
   "id": "区第3206号",
   "properties": {
    "right_no": "区第3206号",
    "holder": "宮城県漁業協同組合",
    "location": "宮城郡松島町福浦島地先",
    "right_type": "第一種区画漁業",
    "fishery": "藻類養殖業",
    "season": "9月1日から10月31日まで",
    "term": "令和5年9月1日から令和10年8月31日まで",
    "districts": "宮城郡松島町",
    "conditions": "",
    "n_vertices": 8,
    "missing_vertices": null,
    "shoreline_bounded": false,
    "valid": true,
    "invalid_reason": null,
    "area_ha": 10.0,
    "source_page": 54
   },
   "geometry": {
    "type": "Polygon",
    "coordinates": [
     [
      [
       141.0691667,
       38.3691667
      ],
      [
       141.0708333,
       38.37
      ],
      [
       141.0711667,
       38.3698333
      ],
      [
       141.0716667,
       38.3703333
      ],
      [
       141.0775,
       38.3663333
      ],
      [
       141.0756667,
       38.3656667
      ],
      [
       141.0741667,
       38.3673333
      ],
      [
       141.072,
       38.3685
      ],
      [
       141.0695,
       38.3688333
      ],
      [
       141.0691667,
       38.3691667
      ]
     ]
    ]
   }
  },
  {
   "type": "Feature",
   "id": "区第3207号",
   "properties": {
    "right_no": "区第3207号",
    "holder": "宮城県漁業協同組合",
    "location": "宮城郡松島町福浦島地先",
    "right_type": "第一種区画漁業",
    "fishery": "藻類養殖業",
    "season": "9月1日から10月31日まで",
    "term": "令和5年9月1日から令和10年8月31日まで",
    "districts": "宮城郡松島町",
    "conditions": "",
    "n_vertices": 4,
    "missing_vertices": null,
    "shoreline_bounded": false,
    "valid": true,
    "invalid_reason": null,
    "area_ha": 2.09,
    "source_page": 54
   },
   "geometry": {
    "type": "Polygon",
    "coordinates": [
     [
      [
       141.072,
       38.3706667
      ],
      [
       141.0726667,
       38.3713333
      ],
      [
       141.075,
       38.3693333
      ],
      [
       141.0746667,
       38.369
      ],
      [
       141.072,
       38.3706667
      ]
     ]
    ]
   }
  },
  {
   "type": "Feature",
   "id": "区第3208号",
   "properties": {
    "right_no": "区第3208号",
    "holder": "宮城県漁業協同組合",
    "location": "宮城郡松島町九ノ島地先",
    "right_type": "第一種区画漁業",
    "fishery": "貝類等垂下式養殖業",
    "season": "1月1日から12月31日まで",
    "term": "令和5年9月1日から令和10年8月31日まで",
    "districts": "宮城郡松島町",
    "conditions": "",
    "n_vertices": 4,
    "missing_vertices": null,
    "shoreline_bounded": false,
    "valid": true,
    "invalid_reason": null,
    "area_ha": 9.32,
    "source_page": 54
   },
   "geometry": {
    "type": "Polygon",
    "coordinates": [
     [
      [
       141.0846667,
       38.3748333
      ],
      [
       141.0835,
       38.376
      ],
      [
       141.0888333,
       38.3786667
      ],
      [
       141.0901667,
       38.3775
      ],
      [
       141.0846667,
       38.3748333
      ]
     ]
    ]
   }
  },
  {
   "type": "Feature",
   "id": "区第3209号",
   "properties": {
    "right_no": "区第3209号",
    "holder": "宮城県漁業協同組合",
    "location": "宮城郡松島町手樽地先",
    "right_type": "第一種区画漁業",
    "fishery": "藻類養殖業・貝類等垂下式養殖業",
    "season": "9月1日から翌年5月31日まで1月1日から12月31日まで",
    "term": "令和5年9月1日から令和10年8月31日まで",
    "districts": "宮城郡松島町",
    "conditions": "",
    "n_vertices": 6,
    "missing_vertices": null,
    "shoreline_bounded": false,
    "valid": true,
    "invalid_reason": null,
    "area_ha": 101.89,
    "source_page": 54
   },
   "geometry": {
    "type": "Polygon",
    "coordinates": [
     [
      [
       141.0928333,
       38.3636667
      ],
      [
       141.0936667,
       38.3665
      ],
      [
       141.0861667,
       38.3735
      ],
      [
       141.0923333,
       38.3768333
      ],
      [
       141.0993333,
       38.3725
      ],
      [
       141.1036667,
       38.3683333
      ],
      [
       141.0928333,
       38.3636667
      ]
     ]
    ]
   }
  },
  {
   "type": "Feature",
   "id": "区第3210号",
   "properties": {
    "right_no": "区第3210号",
    "holder": "宮城県漁業協同組合",
    "location": "宮城郡松島町手樽地先",
    "right_type": "第一種区画漁業",
    "fishery": "藻類養殖業・貝類等垂下式養殖業",
    "season": "9月1日から翌年5月31日まで1月1日から12月31日まで",
    "term": "令和5年9月1日から令和10年8月31日まで",
    "districts": "宮城郡松島町",
    "conditions": "ア、オ、カ、キ及びクの点に夜間識別可能な黄色の標識を設置しなければならない。（光達距離２キロメートル以上）",
    "n_vertices": 9,
    "missing_vertices": null,
    "shoreline_bounded": false,
    "valid": true,
    "invalid_reason": null,
    "area_ha": 164.14,
    "source_page": 54
   },
   "geometry": {
    "type": "Polygon",
    "coordinates": [
     [
      [
       141.0923333,
       38.3628333
      ],
      [
       141.1001667,
       38.3661667
      ],
      [
       141.1021667,
       38.3666667
      ],
      [
       141.1043333,
       38.3676667
      ],
      [
       141.1106667,
       38.3615
      ],
      [
       141.096,
       38.355
      ],
      [
       141.093,
       38.3538333
      ],
      [
       141.0846667,
       38.35
      ],
      [
       141.0915,
       38.3601667
      ],
      [
       141.0923333,
       38.3628333
      ]
     ]
    ]
   }
  },
  {
   "type": "Feature",
   "id": "区第3211号",
   "properties": {
    "right_no": "区第3211号",
    "holder": "宮城県漁業協同組合",
    "location": "宮城郡松島町手樽地先",
    "right_type": "第一種区画漁業",
    "fishery": "貝類等垂下式養殖業",
    "season": "1月1日から12月31日まで",
    "term": "令和5年9月1日から令和10年8月31日まで",
    "districts": "宮城郡松島町",
    "conditions": "イ及びウの点に夜間識別可能な黄色の標識を設置しなければならない。（光達距離２キロメートル以上）",
    "n_vertices": 4,
    "missing_vertices": null,
    "shoreline_bounded": false,
    "valid": true,
    "invalid_reason": null,
    "area_ha": 4.14,
    "source_page": 54
   },
   "geometry": {
    "type": "Polygon",
    "coordinates": [
     [
      [
       141.083,
       38.3471667
      ],
      [
       141.083,
       38.3475
      ],
      [
       141.0915,
       38.3511667
      ],
      [
       141.0911667,
       38.3503333
      ],
      [
       141.083,
       38.3471667
      ]
     ]
    ]
   }
  },
  {
   "type": "Feature",
   "id": "区第3212号",
   "properties": {
    "right_no": "区第3212号",
    "holder": "宮城県漁業協同組合",
    "location": "宮城郡松島町名籠地先",
    "right_type": "第一種区画漁業",
    "fishery": "貝類等垂下式養殖業",
    "season": "1月1日から12月31日まで",
    "term": "令和5年9月1日から令和10年8月31日まで",
    "districts": "宮城郡松島町",
    "conditions": "イ、ウ及びエの点に夜間識別可能な黄色の標識を設置しなければならない。（光達距離２キロメートル以上）",
    "n_vertices": 5,
    "missing_vertices": null,
    "shoreline_bounded": false,
    "valid": true,
    "invalid_reason": null,
    "area_ha": 39.38,
    "source_page": 54
   },
   "geometry": {
    "type": "Polygon",
    "coordinates": [
     [
      [
       141.0935,
       38.351
      ],
      [
       141.094,
       38.3518333
      ],
      [
       141.1058333,
       38.3573333
      ],
      [
       141.1178333,
       38.3628333
      ],
      [
       141.1196667,
       38.361
      ],
      [
       141.0935,
       38.351
      ]
     ]
    ]
   }
  },
  {
   "type": "Feature",
   "id": "区第3213号",
   "properties": {
    "right_no": "区第3213号",
    "holder": "宮城県漁業協同組合",
    "location": "宮城郡松島町名籠地先",
    "right_type": "第一種区画漁業",
    "fishery": "藻類養殖業・貝類等垂下式養殖業",
    "season": "9月1日から翌年5月31日まで1月1日から12月31日まで",
    "term": "令和5年9月1日から令和10年8月31日まで",
    "districts": "宮城郡松島町",
    "conditions": "ウの点に夜間識別可能な黄色の標識を設置しなければならない。（光達距離２キロメートル以上）",
    "n_vertices": 13,
    "missing_vertices": null,
    "shoreline_bounded": false,
    "valid": true,
    "invalid_reason": null,
    "area_ha": 88.8,
    "source_page": 55
   },
   "geometry": {
    "type": "Polygon",
    "coordinates": [
     [
      [
       141.1181667,
       38.3773333
      ],
      [
       141.1201667,
       38.371
      ],
      [
       141.1171667,
       38.3648333
      ],
      [
       141.1111667,
       38.3618333
      ],
      [
       141.1056667,
       38.3671667
      ],
      [
       141.1078333,
       38.3685
      ],
      [
       141.11,
       38.3665
      ],
      [
       141.116,
       38.373
      ],
      [
       141.1181667,
       38.3728333
      ],
      [
       141.1188333,
       38.3735
      ],
      [
       141.116,
       38.3778333
      ],
      [
       141.1098333,
       38.3803333
      ],
      [
       141.1101667,
       38.3823333
      ],
      [
       141.1181667,
       38.3773333
      ]
     ]
    ]
   }
  },
  {
   "type": "Feature",
   "id": "区第3214号",
   "properties": {
    "right_no": "区第3214号",
    "holder": "宮城県漁業協同組合",
    "location": "宮城郡松島町名籠地先",
    "right_type": "第一種区画漁業",
    "fishery": "藻類養殖業・貝類等垂下式養殖業",
    "season": "9月1日から翌年5月31日まで1月1日から12月31日まで",
    "term": "令和5年9月1日から令和10年8月31日まで",
    "districts": "宮城郡松島町",
    "conditions": "イの点に夜間識別可能な黄色の標識を設置しなければならない。（光達距離２キロメートル以上）",
    "n_vertices": 4,
    "missing_vertices": null,
    "shoreline_bounded": false,
    "valid": true,
    "invalid_reason": null,
    "area_ha": 9.99,
    "source_page": 55
   },
   "geometry": {
    "type": "Polygon",
    "coordinates": [
     [
      [
       141.121,
       38.3615
      ],
      [
       141.1193333,
       38.3635
      ],
      [
       141.1241667,
       38.3656667
      ],
      [
       141.1236667,
       38.3626667
      ],
      [
       141.121,
       38.3615
      ]
     ]
    ]
   }
  },
  {
   "type": "Feature",
   "id": "区第3215号",
   "properties": {
    "right_no": "区第3215号",
    "holder": "宮城県漁業協同組合",
    "location": "宮城郡松島町名籠地先",
    "right_type": "第一種区画漁業",
    "fishery": "藻類養殖業・貝類等垂下式養殖業",
    "season": "9月1日から翌年5月31日まで1月1日から12月31日まで",
    "term": "令和5年9月1日から令和10年8月31日まで",
    "districts": "宮城郡松島町",
    "conditions": "",
    "n_vertices": 8,
    "missing_vertices": null,
    "shoreline_bounded": false,
    "valid": true,
    "invalid_reason": null,
    "area_ha": 44.15,
    "source_page": 55
   },
   "geometry": {
    "type": "Polygon",
    "coordinates": [
     [
      [
       141.1236667,
       38.3766667
      ],
      [
       141.1228333,
       38.3731667
      ],
      [
       141.1245,
       38.3728333
      ],
      [
       141.123,
       38.3671667
      ],
      [
       141.1181667,
       38.3651667
      ],
      [
       141.121,
       38.3708333
      ],
      [
       141.1188333,
       38.3776667
      ],
      [
       141.111,
       38.382
      ],
      [
       141.1236667,
       38.3766667
      ]
     ]
    ]
   }
  },
  {
   "type": "Feature",
   "id": "区第3216号",
   "properties": {
    "right_no": "区第3216号",
    "holder": "宮城県漁業協同組合",
    "location": "宮城郡松島町名籠地先",
    "right_type": "第一種区画漁業",
    "fishery": "貝類等垂下式養殖業",
    "season": "1月1日から12月31日まで",
    "term": "令和5年9月1日から令和10年8月31日まで",
    "districts": "宮城郡松島町",
    "conditions": "",
    "n_vertices": 4,
    "missing_vertices": null,
    "shoreline_bounded": false,
    "valid": true,
    "invalid_reason": null,
    "area_ha": 14.5,
    "source_page": 55
   },
   "geometry": {
    "type": "Polygon",
    "coordinates": [
     [
      [
       141.1095,
       38.3711667
      ],
      [
       141.1071667,
       38.3736667
      ],
      [
       141.111,
       38.376
      ],
      [
       141.1133333,
       38.3735
      ],
      [
       141.1095,
       38.3711667
      ]
     ]
    ]
   }
  },
  {
   "type": "Feature",
   "id": "区第3217号",
   "properties": {
    "right_no": "区第3217号",
    "holder": "宮城県漁業協同組合",
    "location": "宮城郡松島町恵比須島地先",
    "right_type": "第一種区画漁業",
    "fishery": "貝類等垂下式養殖業",
    "season": "1月1日から12月31日まで",
    "term": "令和5年9月1日から令和10年8月31日まで",
    "districts": "宮城郡松島町",
    "conditions": "",
    "n_vertices": 5,
    "missing_vertices": null,
    "shoreline_bounded": false,
    "valid": true,
    "invalid_reason": null,
    "area_ha": 2.43,
    "source_page": 55
   },
   "geometry": {
    "type": "Polygon",
    "coordinates": [
     [
      [
       141.065,
       38.3553333
      ],
      [
       141.0646667,
       38.3551667
      ],
      [
       141.0631667,
       38.3555
      ],
      [
       141.0626667,
       38.3565
      ],
      [
       141.0638333,
       38.3571667
      ],
      [
       141.065,
       38.3553333
      ]
     ]
    ]
   }
  },
  {
   "type": "Feature",
   "id": "区第3218号",
   "properties": {
    "right_no": "区第3218号",
    "holder": "宮城県漁業協同組合",
    "location": "宮城郡松島町恵比須島地先",
    "right_type": "第一種区画漁業",
    "fishery": "貝類等垂下式養殖業",
    "season": "1月1日から12月31日まで",
    "term": "令和5年9月1日から令和10年8月31日まで",
    "districts": "宮城郡松島町",
    "conditions": "",
    "n_vertices": 4,
    "missing_vertices": null,
    "shoreline_bounded": false,
    "valid": true,
    "invalid_reason": null,
    "area_ha": 1.13,
    "source_page": 55
   },
   "geometry": {
    "type": "Polygon",
    "coordinates": [
     [
      [
       141.0663333,
       38.353
      ],
      [
       141.0656667,
       38.3528333
      ],
      [
       141.0646667,
       38.3543333
      ],
      [
       141.0653333,
       38.3545
      ],
      [
       141.0663333,
       38.353
      ]
     ]
    ]
   }
  },
  {
   "type": "Feature",
   "id": "区第3301号",
   "properties": {
    "right_no": "区第3301号",
    "holder": "宮城県漁業協同組合塩釜市漁業協同組合",
    "location": "宮城郡利府町箕輪島地先",
    "right_type": "第一種区画漁業",
    "fishery": "藻類養殖業",
    "season": "9月1日から翌年5月31日まで",
    "term": "令和5年9月1日から令和10年8月31日まで",
    "districts": "塩竈市（浦戸を除く。）、利府町、多賀城市",
    "conditions": "",
    "n_vertices": 4,
    "missing_vertices": null,
    "shoreline_bounded": false,
    "valid": true,
    "invalid_reason": null,
    "area_ha": 3.0,
    "source_page": 55
   },
   "geometry": {
    "type": "Polygon",
    "coordinates": [
     [
      [
       141.0628333,
       38.347
      ],
      [
       141.0601667,
       38.3483333
      ],
      [
       141.0608333,
       38.3491667
      ],
      [
       141.0635,
       38.3478333
      ],
      [
       141.0628333,
       38.347
      ]
     ]
    ]
   }
  },
  {
   "type": "Feature",
   "id": "区第3302号",
   "properties": {
    "right_no": "区第3302号",
    "holder": "宮城県漁業協同組合塩釜市漁業協同組合",
    "location": "宮城郡利府町在城島地先",
    "right_type": "第一種区画漁業",
    "fishery": "藻類養殖業・貝類等垂下式養殖業",
    "season": "9月1日から翌年5月31日まで1月1日から12月31日まで",
    "term": "令和5年9月1日から令和10年8月31日まで",
    "districts": "塩竈市（浦戸を除く。）、利府町、多賀城市",
    "conditions": "アの点に夜間識別可能な緑色の標識を設置しなければならない。（光達距離２キロメートル以上）",
    "n_vertices": 4,
    "missing_vertices": null,
    "shoreline_bounded": false,
    "valid": true,
    "invalid_reason": null,
    "area_ha": 18.96,
    "source_page": 56
   },
   "geometry": {
    "type": "Polygon",
    "coordinates": [
     [
      [
       141.071,
       38.3411667
      ],
      [
       141.0635,
       38.3451667
      ],
      [
       141.0655,
       38.347
      ],
      [
       141.0713333,
       38.344
      ],
      [
       141.071,
       38.3411667
      ]
     ]
    ]
   }
  },
  {
   "type": "Feature",
   "id": "区第3303号",
   "properties": {
    "right_no": "区第3303号",
    "holder": "宮城県漁業協同組合塩釜市漁業協同組合",
    "location": "宮城郡利府町箕輪島地先",
    "right_type": "第一種区画漁業",
    "fishery": "藻類養殖業",
    "season": "9月1日から翌年5月31日まで",
    "term": "令和5年9月1日から令和10年8月31日まで",
    "districts": "塩竈市（浦戸を除く。）、利府町、多賀城市",
    "conditions": "",
    "n_vertices": 6,
    "missing_vertices": null,
    "shoreline_bounded": false,
    "valid": true,
    "invalid_reason": null,
    "area_ha": 12.93,
    "source_page": 56
   },
   "geometry": {
    "type": "Polygon",
    "coordinates": [
     [
      [
       141.054,
       38.343
      ],
      [
       141.0536667,
       38.344
      ],
      [
       141.0561667,
       38.3445
      ],
      [
       141.0561667,
       38.3453333
      ],
      [
       141.0616667,
       38.3461667
      ],
      [
       141.0623333,
       38.3445
      ],
      [
       141.054,
       38.343
      ]
     ]
    ]
   }
  },
  {
   "type": "Feature",
   "id": "区第3304号",
   "properties": {
    "right_no": "区第3304号",
    "holder": "宮城県漁業協同組合塩釜市漁業協同組合",
    "location": "宮城郡利府町庵島地先",
    "right_type": "第一種区画漁業",
    "fishery": "藻類養殖業",
    "season": "9月1日から翌年5月31日まで",
    "term": "令和5年9月1日から令和10年8月31日まで",
    "districts": "塩竈市（浦戸を除く。）、利府町、多賀城市",
    "conditions": "",
    "n_vertices": 4,
    "missing_vertices": null,
    "shoreline_bounded": false,
    "valid": true,
    "invalid_reason": null,
    "area_ha": 2.74,
    "source_page": 56
   },
   "geometry": {
    "type": "Polygon",
    "coordinates": [
     [
      [
       141.0498333,
       38.3425
      ],
      [
       141.0496667,
       38.3435
      ],
      [
       141.0528333,
       38.3435
      ],
      [
       141.0528333,
       38.3426667
      ],
      [
       141.0498333,
       38.3425
      ]
     ]
    ]
   }
  },
  {
   "type": "Feature",
   "id": "区第3305号",
   "properties": {
    "right_no": "区第3305号",
    "holder": "宮城県漁業協同組合塩釜市漁業協同組合",
    "location": "宮城郡利府町浜田地先",
    "right_type": "第一種区画漁業",
    "fishery": "藻類養殖業・貝類等垂下式養殖業",
    "season": "9月1日から翌年5月31日まで1月1日から12月31日まで",
    "term": "令和5年9月1日から令和10年8月31日まで",
    "districts": "塩竈市（浦戸を除く。）、利府町、多賀城市",
    "conditions": "",
    "n_vertices": 5,
    "missing_vertices": null,
    "shoreline_bounded": false,
    "valid": true,
    "invalid_reason": null,
    "area_ha": 10.28,
    "source_page": 56
   },
   "geometry": {
    "type": "Polygon",
    "coordinates": [
     [
      [
       141.0458333,
       38.343
      ],
      [
       141.0446667,
       38.3455
      ],
      [
       141.0465,
       38.3465
      ],
      [
       141.0488333,
       38.3453333
      ],
      [
       141.0486667,
       38.343
      ],
      [
       141.0458333,
       38.343
      ]
     ]
    ]
   }
  },
  {
   "type": "Feature",
   "id": "区第3306号",
   "properties": {
    "right_no": "区第3306号",
    "holder": "宮城県漁業協同組合塩釜市漁業協同組合",
    "location": "宮城郡利府町浜田地先",
    "right_type": "第一種区画漁業",
    "fishery": "藻類養殖業・貝類等垂下式養殖業",
    "season": "9月1日から翌年5月31日まで1月1日から12月31日まで",
    "term": "令和5年9月1日から令和10年8月31日まで",
    "districts": "塩竈市（浦戸を除く。）、利府町、多賀城市",
    "conditions": "",
    "n_vertices": 4,
    "missing_vertices": null,
    "shoreline_bounded": false,
    "valid": true,
    "invalid_reason": null,
    "area_ha": 2.25,
    "source_page": 56
   },
   "geometry": {
    "type": "Polygon",
    "coordinates": [
     [
      [
       141.044,
       38.3463333
      ],
      [
       141.0431667,
       38.348
      ],
      [
       141.044,
       38.3483333
      ],
      [
       141.0455,
       38.3468333
      ],
      [
       141.044,
       38.3463333
      ]
     ]
    ]
   }
  },
  {
   "type": "Feature",
   "id": "区第3307号",
   "properties": {
    "right_no": "区第3307号",
    "holder": "宮城県漁業協同組合塩釜市漁業協同組合",
    "location": "塩竈市越ノ浦地先",
    "right_type": "第一種区画漁業",
    "fishery": "藻類養殖業・貝類等垂下式養殖業",
    "season": "9月1日から翌年5月31日まで1月1日から12月31日まで",
    "term": "令和5年9月1日から令和10年8月31日まで",
    "districts": "塩竈市（浦戸を除く。）、利府町、多賀城市",
    "conditions": "",
    "n_vertices": 4,
    "missing_vertices": null,
    "shoreline_bounded": false,
    "valid": true,
    "invalid_reason": null,
    "area_ha": 10.23,
    "source_page": 56
   },
   "geometry": {
    "type": "Polygon",
    "coordinates": [
     [
      [
       141.0393333,
       38.3413333
      ],
      [
       141.0381667,
       38.3426667
      ],
      [
       141.0435,
       38.3456667
      ],
      [
       141.0445,
       38.3441667
      ],
      [
       141.0393333,
       38.3413333
      ]
     ]
    ]
   }
  },
  {
   "type": "Feature",
   "id": "区第3308号",
   "properties": {
    "right_no": "区第3308号",
    "holder": "宮城県漁業協同組合塩釜市漁業協同組合",
    "location": "塩竈市越ノ浦地先",
    "right_type": "第一種区画漁業",
    "fishery": "藻類養殖業",
    "season": "9月1日から翌年5月31日まで",
    "term": "令和5年9月1日から令和10年8月31日まで",
    "districts": "塩竈市（浦戸を除く。）、利府町、多賀城市",
    "conditions": "",
    "n_vertices": 4,
    "missing_vertices": null,
    "shoreline_bounded": false,
    "valid": true,
    "invalid_reason": null,
    "area_ha": 1.34,
    "source_page": 56
   },
   "geometry": {
    "type": "Polygon",
    "coordinates": [
     [
      [
       141.0448333,
       38.3413333
      ],
      [
       141.0443333,
       38.3418333
      ],
      [
       141.0456667,
       38.343
      ],
      [
       141.0463333,
       38.3425
      ],
      [
       141.0448333,
       38.3413333
      ]
     ]
    ]
   }
  },
  {
   "type": "Feature",
   "id": "区第3309号",
   "properties": {
    "right_no": "区第3309号",
    "holder": "宮城県漁業協同組合塩釜市漁業協同組合",
    "location": "塩竈市越ノ浦地先",
    "right_type": "第一種区画漁業",
    "fishery": "藻類養殖業",
    "season": "9月1日から翌年5月31日まで",
    "term": "令和5年9月1日から令和10年8月31日まで",
    "districts": "塩竈市（浦戸を除く。）、利府町、多賀城市",
    "conditions": "",
    "n_vertices": 7,
    "missing_vertices": null,
    "shoreline_bounded": false,
    "valid": true,
    "invalid_reason": null,
    "area_ha": 3.96,
    "source_page": 56
   },
   "geometry": {
    "type": "Polygon",
    "coordinates": [
     [
      [
       141.0455,
       38.3403333
      ],
      [
       141.0451667,
       38.3413333
      ],
      [
       141.0461667,
       38.342
      ],
      [
       141.0483333,
       38.3421667
      ],
      [
       141.0486667,
       38.3408333
      ],
      [
       141.0475,
       38.3411667
      ],
      [
       141.0471667,
       38.3406667
      ],
      [
       141.0455,
       38.3403333
      ]
     ]
    ]
   }
  },
  {
   "type": "Feature",
   "id": "区第3310号",
   "properties": {
    "right_no": "区第3310号",
    "holder": "宮城県漁業協同組合塩釜市漁業協同組合",
    "location": "塩竈市越ノ浦地先",
    "right_type": "第一種区画漁業",
    "fishery": "藻類養殖業",
    "season": "9月1日から翌年5月31日まで",
    "term": "令和5年9月1日から令和10年8月31日まで",
    "districts": "塩竈市（浦戸を除く。）、利府町、多賀城市",
    "conditions": "",
    "n_vertices": 6,
    "missing_vertices": null,
    "shoreline_bounded": false,
    "valid": true,
    "invalid_reason": null,
    "area_ha": 1.31,
    "source_page": 57
   },
   "geometry": {
    "type": "Polygon",
    "coordinates": [
     [
      [
       141.048,
       38.3388333
      ],
      [
       141.0475,
       38.3388333
      ],
      [
       141.0473333,
       38.3395
      ],
      [
       141.0491667,
       38.3406667
      ],
      [
       141.0496667,
       38.3401667
      ],
      [
       141.048,
       38.3395
      ],
      [
       141.048,
       38.3388333
      ]
     ]
    ]
   }
  },
  {
   "type": "Feature",
   "id": "区第3311号",
   "properties": {
    "right_no": "区第3311号",
    "holder": "宮城県漁業協同組合塩釜市漁業協同組合",
    "location": "塩竈市越ノ浦地先",
    "right_type": "第一種区画漁業",
    "fishery": "藻類養殖業",
    "season": "9月1日から翌年5月31日まで",
    "term": "令和5年9月1日から令和10年8月31日まで",
    "districts": "塩竈市（浦戸を除く。）、利府町、多賀城市",
    "conditions": "",
    "n_vertices": 3,
    "missing_vertices": null,
    "shoreline_bounded": false,
    "valid": true,
    "invalid_reason": null,
    "area_ha": 7.51,
    "source_page": 57
   },
   "geometry": {
    "type": "Polygon",
    "coordinates": [
     [
      [
       141.0515,
       38.3395
      ],
      [
       141.049,
       38.3421667
      ],
      [
       141.0548333,
       38.3421667
      ],
      [
       141.0515,
       38.3395
      ]
     ]
    ]
   }
  },
  {
   "type": "Feature",
   "id": "区第3312号",
   "properties": {
    "right_no": "区第3312号",
    "holder": "宮城県漁業協同組合塩釜市漁業協同組合",
    "location": "塩竈市内裡島地先",
    "right_type": "第一種区画漁業",
    "fishery": "藻類養殖業",
    "season": "9月1日から翌年5月31日まで",
    "term": "令和5年9月1日から令和10年8月31日まで",
    "districts": "塩竈市（浦戸を除く。）、利府町、多賀城市",
    "conditions": "",
    "n_vertices": 5,
    "missing_vertices": null,
    "shoreline_bounded": false,
    "valid": true,
    "invalid_reason": null,
    "area_ha": 3.26,
    "source_page": 57
   },
   "geometry": {
    "type": "Polygon",
    "coordinates": [
     [
      [
       141.0525,
       38.3371667
      ],
      [
       141.0521667,
       38.3383333
      ],
      [
       141.0516667,
       38.3388333
      ],
      [
       141.0528333,
       38.3398333
      ],
      [
       141.0543333,
       38.3386667
      ],
      [
       141.0525,
       38.3371667
      ]
     ]
    ]
   }
  },
  {
   "type": "Feature",
   "id": "区第3313号",
   "properties": {
    "right_no": "区第3313号",
    "holder": "宮城県漁業協同組合塩釜市漁業協同組合",
    "location": "塩竈市都島地先",
    "right_type": "第一種区画漁業",
    "fishery": "藻類養殖業",
    "season": "1月1日から12月31日まで",
    "term": "令和5年9月1日から令和10年8月31日まで",
    "districts": "塩竈市（浦戸を除く。）、利府町、多賀城市",
    "conditions": "",
    "n_vertices": 7,
    "missing_vertices": null,
    "shoreline_bounded": false,
    "valid": true,
    "invalid_reason": null,
    "area_ha": 8.34,
    "source_page": 57
   },
   "geometry": {
    "type": "Polygon",
    "coordinates": [
     [
      [
       141.0555,
       38.3385
      ],
      [
       141.0531667,
       38.3401667
      ],
      [
       141.0555,
       38.3418333
      ],
      [
       141.056,
       38.342
      ],
      [
       141.0573333,
       38.3403333
      ],
      [
       141.0578333,
       38.3388333
      ],
      [
       141.0561667,
       38.3391667
      ],
      [
       141.0555,
       38.3385
      ]
     ]
    ]
   }
  },
  {
   "type": "Feature",
   "id": "区第3314号",
   "properties": {
    "right_no": "区第3314号",
    "holder": "宮城県漁業協同組合塩釜市漁業協同組合",
    "location": "塩竈市都島地先",
    "right_type": "第一種区画漁業",
    "fishery": "藻類養殖業",
    "season": "1月1日から12月31日まで",
    "term": "令和5年9月1日から令和10年8月31日まで",
    "districts": "塩竈市（浦戸を除く。）、利府町、多賀城市",
    "conditions": "",
    "n_vertices": 3,
    "missing_vertices": null,
    "shoreline_bounded": false,
    "valid": true,
    "invalid_reason": null,
    "area_ha": 3.1,
    "source_page": 57
   },
   "geometry": {
    "type": "Polygon",
    "coordinates": [
     [
      [
       141.0586667,
       38.3395
      ],
      [
       141.0571667,
       38.3423333
      ],
      [
       141.0591667,
       38.3428333
      ],
      [
       141.0586667,
       38.3395
      ]
     ]
    ]
   }
  },
  {
   "type": "Feature",
   "id": "区第3315号",
   "properties": {
    "right_no": "区第3315号",
    "holder": "宮城県漁業協同組合塩釜市漁業協同組合",
    "location": "塩竈市都島、杉の入地先",
    "right_type": "第一種区画漁業",
    "fishery": "藻類養殖業",
    "season": "1月1日から12月31日まで",
    "term": "令和5年9月1日から令和10年8月31日まで",
    "districts": "塩竈市（浦戸を除く。）、利府町、多賀城市",
    "conditions": "",
    "n_vertices": 15,
    "missing_vertices": null,
    "shoreline_bounded": false,
    "valid": true,
    "invalid_reason": null,
    "area_ha": 18.53,
    "source_page": 57
   },
   "geometry": {
    "type": "Polygon",
    "coordinates": [
     [
      [
       141.058,
       38.3381667
      ],
      [
       141.0581667,
       38.3366667
      ],
      [
       141.0576667,
       38.335
      ],
      [
       141.0551667,
       38.3308333
      ],
      [
       141.0546667,
       38.3318333
      ],
      [
       141.0543333,
       38.3326667
      ],
      [
       141.0538333,
       38.333
      ],
      [
       141.0531667,
       38.3335
      ],
      [
       141.0518333,
       38.3346667
      ],
      [
       141.0525,
       38.3351667
      ],
      [
       141.0541667,
       38.3343333
      ],
      [
       141.0546667,
       38.3348333
      ],
      [
       141.0553333,
       38.3371667
      ],
      [
       141.0565,
       38.3383333
      ],
      [
       141.0575,
       38.3378333
      ],
      [
       141.058,
       38.3381667
      ]
     ]
    ]
   }
  },
  {
   "type": "Feature",
   "id": "区第3316号",
   "properties": {
    "right_no": "区第3316号",
    "holder": "宮城県漁業協同組合塩釜市漁業協同組合",
    "location": "塩竈市新浜地先",
    "right_type": "第一種区画漁業",
    "fishery": "藻類養殖業",
    "season": "1月1日から12月31日まで",
    "term": "令和5年9月1日から令和10年8月31日まで",
    "districts": "塩竈市（浦戸を除く。）、利府町、多賀城市",
    "conditions": "ア、イ及びシの点に夜間識別可能な黄色の標識を設置しなければならない。（光達距離２キロメートル以上）",
    "n_vertices": 12,
    "missing_vertices": null,
    "shoreline_bounded": false,
    "valid": true,
    "invalid_reason": null,
    "area_ha": 21.38,
    "source_page": 57
   },
   "geometry": {
    "type": "Polygon",
    "coordinates": [
     [
      [
       141.053,
       38.3235
      ],
      [
       141.0518333,
       38.3235
      ],
      [
       141.0485,
       38.3253333
      ],
      [
       141.0533333,
       38.33
      ],
      [
       141.0538333,
       38.331
      ],
      [
       141.0528333,
       38.3318333
      ],
      [
       141.0531667,
       38.3323333
      ],
      [
       141.0538333,
       38.3311667
      ],
      [
       141.0541667,
       38.3305
      ],
      [
       141.0543333,
       38.3293333
      ],
      [
       141.0538333,
       38.3266667
      ],
      [
       141.054,
       38.3245
      ],
      [
       141.053,
       38.3235
      ]
     ]
    ]
   }
  },
  {
   "type": "Feature",
   "id": "区第3317号",
   "properties": {
    "right_no": "区第3317号",
    "holder": "宮城県漁業協同組合塩釜市漁業協同組合",
    "location": "塩竈市都島地先",
    "right_type": "第一種区画漁業",
    "fishery": "藻類養殖業",
    "season": "1月1日から12月31日まで",
    "term": "令和5年9月1日から令和10年8月31日まで",
    "districts": "塩竈市（浦戸を除く。）、利府町、多賀城市",
    "conditions": "ア及びナの点に夜間識別可能な緑色の標識を設置しなければならない。（光達距離２キロメートル以上）キ、テ及びトの点に夜間識別可能な黄色の標識を設置しなければならない。（光達距離２キロメートル以上）",
    "n_vertices": 21,
    "missing_vertices": null,
    "shoreline_bounded": false,
    "valid": true,
    "invalid_reason": null,
    "area_ha": 121.65,
    "source_page": 58
   },
   "geometry": {
    "type": "Polygon",
    "coordinates": [
     [
      [
       141.0705,
       38.3361667
      ],
      [
       141.0675,
       38.3375
      ],
      [
       141.064,
       38.334
      ],
      [
       141.0588333,
       38.3286667
      ],
      [
       141.0616667,
       38.328
      ],
      [
       141.0573333,
       38.3235
      ],
      [
       141.056,
       38.3233333
      ],
      [
       141.0548333,
       38.3246667
      ],
      [
       141.0548333,
       38.3255
      ],
      [
       141.0548333,
       38.3266667
      ],
      [
       141.055,
       38.3281667
      ],
      [
       141.0555,
       38.3293333
      ],
      [
       141.0571667,
       38.3321667
      ],
      [
       141.0586667,
       38.3346667
      ],
      [
       141.0593333,
       38.3365
      ],
      [
       141.0593333,
       38.3376667
      ],
      [
       141.0588333,
       38.339
      ],
      [
       141.0596667,
       38.3435
      ],
      [
       141.0638333,
       38.343
      ],
      [
       141.0673333,
       38.3413333
      ],
      [
       141.0708333,
       38.3383333
      ],
      [
       141.0705,
       38.3361667
      ]
     ]
    ]
   }
  },
  {
   "type": "Feature",
   "id": "区第3318号",
   "properties": {
    "right_no": "区第3318号",
    "holder": "宮城県漁業協同組合塩釜市漁業協同組合",
    "location": "塩竈市牛生地先",
    "right_type": "第一種区画漁業",
    "fishery": "藻類養殖業",
    "season": "1月1日から12月31日まで",
    "term": "令和5年9月1日から令和10年8月31日まで",
    "districts": "塩竈市（浦戸を除く。）、利府町、多賀城市",
    "conditions": "",
    "n_vertices": 3,
    "missing_vertices": null,
    "shoreline_bounded": false,
    "valid": true,
    "invalid_reason": null,
    "area_ha": 3.58,
    "source_page": 58
   },
   "geometry": {
    "type": "Polygon",
    "coordinates": [
     [
      [
       141.0485,
       38.3173333
      ],
      [
       141.05,
       38.3198333
      ],
      [
       141.0531667,
       38.3201667
      ],
      [
       141.0485,
       38.3173333
      ]
     ]
    ]
   }
  },
  {
   "type": "Feature",
   "id": "区第3319号",
   "properties": {
    "right_no": "区第3319号",
    "holder": "宮城県漁業協同組合",
    "location": "塩竈市浦戸馬背島地先",
    "right_type": "第一種区画漁業",
    "fishery": "貝類等垂下式養殖業",
    "season": "1月1日から12月31日まで",
    "term": "令和5年9月1日から令和10年8月31日まで",
    "districts": "塩竈市浦戸寒風沢、朴島",
    "conditions": "",
    "n_vertices": 11,
    "missing_vertices": null,
    "shoreline_bounded": false,
    "valid": true,
    "invalid_reason": null,
    "area_ha": 73.72,
    "source_page": 58
   },
   "geometry": {
    "type": "Polygon",
    "coordinates": [
     [
      [
       141.1115,
       38.3441667
      ],
      [
       141.1091667,
       38.3445
      ],
      [
       141.1068333,
       38.3458333
      ],
      [
       141.1008333,
       38.3525
      ],
      [
       141.1163333,
       38.3581667
      ],
      [
       141.1178333,
       38.3566667
      ],
      [
       141.1138333,
       38.3548333
      ],
      [
       141.1145,
       38.3536667
      ],
      [
       141.1078333,
       38.3508333
      ],
      [
       141.1096667,
       38.3455
      ],
      [
       141.1115,
       38.3453333
      ],
      [
       141.1115,
       38.3441667
      ]
     ]
    ]
   }
  },
  {
   "type": "Feature",
   "id": "区第3320号",
   "properties": {
    "right_no": "区第3320号",
    "holder": "宮城県漁業協同組合",
    "location": "塩竈市浦戸鷺島地先",
    "right_type": "第一種区画漁業",
    "fishery": "貝類等垂下式養殖業",
    "season": "1月1日から12月31日まで",
    "term": "令和5年9月1日から令和10年8月31日まで",
    "districts": "塩竈市浦戸寒風沢、朴島",
    "conditions": "",
    "n_vertices": 4,
    "missing_vertices": null,
    "shoreline_bounded": false,
    "valid": true,
    "invalid_reason": null,
    "area_ha": 2.55,
    "source_page": 58
   },
   "geometry": {
    "type": "Polygon",
    "coordinates": [
     [
      [
       141.1171667,
       38.3486667
      ],
      [
       141.1173333,
       38.3518333
      ],
      [
       141.1183333,
       38.3518333
      ],
      [
       141.1178333,
       38.3486667
      ],
      [
       141.1171667,
       38.3486667
      ]
     ]
    ]
   }
  },
  {
   "type": "Feature",
   "id": "区第3321号",
   "properties": {
    "right_no": "区第3321号",
    "holder": "宮城県漁業協同組合",
    "location": "塩竈市浦戸朴島地先",
    "right_type": "第一種区画漁業",
    "fishery": "貝類等垂下式養殖業",
    "season": "1月1日から12月31日まで",
    "term": "令和5年9月1日から令和10年8月31日まで",
    "districts": "塩竈市浦戸寒風沢、朴島",
    "conditions": "",
    "n_vertices": 4,
    "missing_vertices": null,
    "shoreline_bounded": false,
    "valid": true,
    "invalid_reason": null,
    "area_ha": 2.28,
    "source_page": 58
   },
   "geometry": {
    "type": "Polygon",
    "coordinates": [
     [
      [
       141.1213333,
       38.3496667
      ],
      [
       141.1201667,
       38.3525
      ],
      [
       141.121,
       38.3526667
      ],
      [
       141.122,
       38.3501667
      ],
      [
       141.1213333,
       38.3496667
      ]
     ]
    ]
   }
  },
  {
   "type": "Feature",
   "id": "区第3322号",
   "properties": {
    "right_no": "区第3322号",
    "holder": "宮城県漁業協同組合",
    "location": "塩竈市浦戸鷺島地先",
    "right_type": "第一種区画漁業",
    "fishery": "貝類等垂下式養殖業",
    "season": "1月1日から12月31日まで",
    "term": "令和5年9月1日から令和10年8月31日まで",
    "districts": "塩竈市浦戸寒風沢、朴島",
    "conditions": "",
    "n_vertices": 4,
    "missing_vertices": null,
    "shoreline_bounded": false,
    "valid": true,
    "invalid_reason": null,
    "area_ha": 1.84,
    "source_page": 58
   },
   "geometry": {
    "type": "Polygon",
    "coordinates": [
     [
      [
       141.1173333,
       38.3525
      ],
      [
       141.1168333,
       38.353
      ],
      [
       141.1195,
       38.3545
      ],
      [
       141.12,
       38.3541667
      ],
      [
       141.1173333,
       38.3525
      ]
     ]
    ]
   }
  },
  {
   "type": "Feature",
   "id": "区第3323号",
   "properties": {
    "right_no": "区第3323号",
    "holder": "宮城県漁業協同組合",
    "location": "塩竈市浦戸大森島地先",
    "right_type": "第一種区画漁業",
    "fishery": "貝類等垂下式養殖業",
    "season": "1月1日から12月31日まで",
    "term": "令和5年9月1日から令和10年8月31日まで",
    "districts": "塩竈市浦戸寒風沢、朴島",
    "conditions": "",
    "n_vertices": 4,
    "missing_vertices": null,
    "shoreline_bounded": false,
    "valid": true,
    "invalid_reason": null,
    "area_ha": 3.83,
    "source_page": 58
   },
   "geometry": {
    "type": "Polygon",
    "coordinates": [
     [
      [
       141.1108333,
       38.3491667
      ],
      [
       141.1098333,
       38.35
      ],
      [
       141.1126667,
       38.352
      ],
      [
       141.1135,
       38.3513333
      ],
      [
       141.1108333,
       38.3491667
      ]
     ]
    ]
   }
  },
  {
   "type": "Feature",
   "id": "区第3324号",
   "properties": {
    "right_no": "区第3324号",
    "holder": "宮城県漁業協同組合",
    "location": "塩竈市浦戸朴島地先",
    "right_type": "第一種区画漁業",
    "fishery": "貝類等垂下式養殖業",
    "season": "1月1日から12月31日まで",
    "term": "令和5年9月1日から令和10年8月31日まで",
    "districts": "塩竈市浦戸寒風沢、朴島",
    "conditions": "",
    "n_vertices": 5,
    "missing_vertices": null,
    "shoreline_bounded": false,
    "valid": true,
    "invalid_reason": null,
    "area_ha": 17.62,
    "source_page": 59
   },
   "geometry": {
    "type": "Polygon",
    "coordinates": [
     [
      [
       141.1201667,
       38.3545
      ],
      [
       141.1186667,
       38.3568333
      ],
      [
       141.1175,
       38.3583333
      ],
      [
       141.1211667,
       38.3596667
      ],
      [
       141.1243333,
       38.3566667
      ],
      [
       141.1201667,
       38.3545
      ]
     ]
    ]
   }
  },
  {
   "type": "Feature",
   "id": "区第3325号",
   "properties": {
    "right_no": "区第3325号",
    "holder": "宮城県漁業協同組合",
    "location": "塩竈市浦戸朴島地先",
    "right_type": "第一種区画漁業",
    "fishery": "貝類等垂下式養殖業",
    "season": "1月1日から12月31日まで",
    "term": "令和5年9月1日から令和10年8月31日まで",
    "districts": "塩竈市浦戸寒風沢、朴島",
    "conditions": "",
    "n_vertices": 4,
    "missing_vertices": null,
    "shoreline_bounded": false,
    "valid": true,
    "invalid_reason": null,
    "area_ha": 2.98,
    "source_page": 59
   },
   "geometry": {
    "type": "Polygon",
    "coordinates": [
     [
      [
       141.125,
       38.3538333
      ],
      [
       141.1246667,
       38.3565
      ],
      [
       141.1258333,
       38.357
      ],
      [
       141.126,
       38.3541667
      ],
      [
       141.125,
       38.3538333
      ]
     ]
    ]
   }
  },
  {
   "type": "Feature",
   "id": "区第3326号",
   "properties": {
    "right_no": "区第3326号",
    "holder": "宮城県漁業協同組合",
    "location": "塩竈市浦戸朴島地先",
    "right_type": "第一種区画漁業",
    "fishery": "貝類等垂下式養殖業",
    "season": "1月1日から12月31日まで",
    "term": "令和5年9月1日から令和10年8月31日まで",
    "districts": "塩竈市浦戸寒風沢、朴島",
    "conditions": "",
    "n_vertices": 6,
    "missing_vertices": null,
    "shoreline_bounded": false,
    "valid": true,
    "invalid_reason": null,
    "area_ha": 8.78,
    "source_page": 59
   },
   "geometry": {
    "type": "Polygon",
    "coordinates": [
     [
      [
       141.1256667,
       38.3493333
      ],
      [
       141.1273333,
       38.3535
      ],
      [
       141.1271667,
       38.3571667
      ],
      [
       141.1286667,
       38.357
      ],
      [
       141.1285,
       38.3538333
      ],
      [
       141.1268333,
       38.3495
      ],
      [
       141.1256667,
       38.3493333
      ]
     ]
    ]
   }
  },
  {
   "type": "Feature",
   "id": "区第3327号",
   "properties": {
    "right_no": "区第3327号",
    "holder": "宮城県漁業協同組合",
    "location": "塩竈市浦戸寒風沢地先",
    "right_type": "第一種区画漁業",
    "fishery": "貝類等垂下式養殖業",
    "season": "1月1日から12月31日まで",
    "term": "令和5年9月1日から令和10年8月31日まで",
    "districts": "塩竈市浦戸寒風沢、朴島",
    "conditions": "",
    "n_vertices": 6,
    "missing_vertices": null,
    "shoreline_bounded": false,
    "valid": true,
    "invalid_reason": null,
    "area_ha": 19.64,
    "source_page": 59
   },
   "geometry": {
    "type": "Polygon",
    "coordinates": [
     [
      [
       141.1283333,
       38.3496667
      ],
      [
       141.1296667,
       38.3531667
      ],
      [
       141.13,
       38.3568333
      ],
      [
       141.1328333,
       38.3563333
      ],
      [
       141.1328333,
       38.3533333
      ],
      [
       141.131,
       38.3496667
      ],
      [
       141.1283333,
       38.3496667
      ]
     ]
    ]
   }
  },
  {
   "type": "Feature",
   "id": "区第3328号",
   "properties": {
    "right_no": "区第3328号",
    "holder": "宮城県漁業協同組合",
    "location": "塩竈市浦戸寒風沢地先",
    "right_type": "第一種区画漁業",
    "fishery": "貝類等垂下式養殖業",
    "season": "1月1日から12月31日まで",
    "term": "令和5年9月1日から令和10年8月31日まで",
    "districts": "塩竈市浦戸寒風沢、朴島",
    "conditions": "",
    "n_vertices": 3,
    "missing_vertices": null,
    "shoreline_bounded": false,
    "valid": true,
    "invalid_reason": null,
    "area_ha": 3.42,
    "source_page": 59
   },
   "geometry": {
    "type": "Polygon",
    "coordinates": [
     [
      [
       141.1341667,
       38.3536667
      ],
      [
       141.1341667,
       38.3561667
      ],
      [
       141.137,
       38.3556667
      ],
      [
       141.1341667,
       38.3536667
      ]
     ]
    ]
   }
  },
  {
   "type": "Feature",
   "id": "区第3329号",
   "properties": {
    "right_no": "区第3329号",
    "holder": "宮城県漁業協同組合",
    "location": "塩竈市浦戸朴島地先",
    "right_type": "第一種区画漁業",
    "fishery": "貝類等垂下式養殖業",
    "season": "1月1日から12月31日まで",
    "term": "令和5年9月1日から令和10年8月31日まで",
    "districts": "塩竈市浦戸寒風沢、朴島",
    "conditions": "",
    "n_vertices": 4,
    "missing_vertices": null,
    "shoreline_bounded": false,
    "valid": true,
    "invalid_reason": null,
    "area_ha": 3.59,
    "source_page": 59
   },
   "geometry": {
    "type": "Polygon",
    "coordinates": [
     [
      [
       141.123,
       38.3463333
      ],
      [
       141.1251667,
       38.349
      ],
      [
       141.1263333,
       38.349
      ],
      [
       141.124,
       38.3458333
      ],
      [
       141.123,
       38.3463333
      ]
     ]
    ]
   }
  },
  {
   "type": "Feature",
   "id": "区第3330号",
   "properties": {
    "right_no": "区第3330号",
    "holder": "宮城県漁業協同組合",
    "location": "塩竈市浦戸鷺島地先",
    "right_type": "第一種区画漁業",
    "fishery": "貝類等垂下式養殖業",
    "season": "1月1日から12月31日まで",
    "term": "令和5年9月1日から令和10年8月31日まで",
    "districts": "塩竈市浦戸寒風沢、朴島",
    "conditions": "",
    "n_vertices": 4,
    "missing_vertices": null,
    "shoreline_bounded": false,
    "valid": true,
    "invalid_reason": null,
    "area_ha": 6.57,
    "source_page": 59
   },
   "geometry": {
    "type": "Polygon",
    "coordinates": [
     [
      [
       141.1123333,
       38.3443333
      ],
      [
       141.1123333,
       38.3448333
      ],
      [
       141.122,
       38.3478333
      ],
      [
       141.1226667,
       38.3471667
      ],
      [
       141.1123333,
       38.3443333
      ]
     ]
    ]
   }
  },
  {
   "type": "Feature",
   "id": "区第3331号",
   "properties": {
    "right_no": "区第3331号",
    "holder": "宮城県漁業協同組合",
    "location": "塩竈市浦戸寒風沢地先",
    "right_type": "第一種区画漁業",
    "fishery": "貝類等垂下式養殖業",
    "season": "1月1日から12月31日まで",
    "term": "令和5年9月1日から令和10年8月31日まで",
    "districts": "塩竈市浦戸寒風沢、朴島",
    "conditions": "",
    "n_vertices": 6,
    "missing_vertices": null,
    "shoreline_bounded": false,
    "valid": true,
    "invalid_reason": null,
    "area_ha": 2.51,
    "source_page": 59
   },
   "geometry": {
    "type": "Polygon",
    "coordinates": [
     [
      [
       141.115,
       38.3328333
      ],
      [
       141.1143333,
       38.334
      ],
      [
       141.1148333,
       38.3346667
      ],
      [
       141.1153333,
       38.3348333
      ],
      [
       141.1163333,
       38.333
      ],
      [
       141.116,
       38.3325
      ],
      [
       141.115,
       38.3328333
      ]
     ]
    ]
   }
  },
  {
   "type": "Feature",
   "id": "区第3332号",
   "properties": {
    "right_no": "区第3332号",
    "holder": "宮城県漁業協同組合",
    "location": "塩竈市浦戸寒風沢地先",
    "right_type": "第一種区画漁業",
    "fishery": "藻類養殖業・貝類等垂下式養殖業",
    "season": "1月1日から12月31日まで1月1日から12月31日まで",
    "term": "令和5年9月1日から令和10年8月31日まで",
    "districts": "塩竈市浦戸寒風沢、朴島",
    "conditions": "シ及びスの点に夜間識別可能な黄色の標識を設置しなければならない。（光達距離4キロメートル以上）",
    "n_vertices": 13,
    "missing_vertices": null,
    "shoreline_bounded": false,
    "valid": true,
    "invalid_reason": null,
    "area_ha": 61.07,
    "source_page": 60
   },
   "geometry": {
    "type": "Polygon",
    "coordinates": [
     [
      [
       141.115,
       38.3321667
      ],
      [
       141.1166667,
       38.3308333
      ],
      [
       141.119,
       38.3283333
      ],
      [
       141.121,
       38.3275
      ],
      [
       141.1215,
       38.327
      ],
      [
       141.123,
       38.326
      ],
      [
       141.1225,
       38.3253333
      ],
      [
       141.121,
       38.3261667
      ],
      [
       141.1203333,
       38.3265
      ],
      [
       141.1168333,
       38.3213333
      ],
      [
       141.1203333,
       38.3161667
      ],
      [
       141.1186667,
       38.3141667
      ],
      [
       141.1125,
       38.3281667
      ],
      [
       141.115,
       38.3321667
      ]
     ]
    ]
   }
  },
  {
   "type": "Feature",
   "id": "区第3333号",
   "properties": {
    "right_no": "区第3333号",
    "holder": "宮城県漁業協同組合",
    "location": "塩竈市浦戸寒風沢地先",
    "right_type": "第一種区画漁業",
    "fishery": "貝類等垂下式養殖業",
    "season": "1月1日から12月31日まで",
    "term": "令和5年9月1日から令和10年8月31日まで",
    "districts": "塩竈市浦戸寒風沢、朴島",
    "conditions": "",
    "n_vertices": 10,
    "missing_vertices": null,
    "shoreline_bounded": false,
    "valid": true,
    "invalid_reason": null,
    "area_ha": 12.52,
    "source_page": 60
   },
   "geometry": {
    "type": "Polygon",
    "coordinates": [
     [
      [
       141.121,
       38.3408333
      ],
      [
       141.1206667,
       38.3411667
      ],
      [
       141.1248333,
       38.3453333
      ],
      [
       141.1278333,
       38.349
      ],
      [
       141.1291667,
       38.3491667
      ],
      [
       141.1275,
       38.3468333
      ],
      [
       141.1283333,
       38.346
      ],
      [
       141.127,
       38.3446667
      ],
      [
       141.126,
       38.3451667
      ],
      [
       141.125,
       38.3438333
      ],
      [
       141.121,
       38.3408333
      ]
     ]
    ]
   }
  },
  {
   "type": "Feature",
   "id": "区第3334号",
   "properties": {
    "right_no": "区第3334号",
    "holder": "宮城県漁業協同組合",
    "location": "塩竈市浦戸寒風沢地先",
    "right_type": "第一種区画漁業",
    "fishery": "貝類等垂下式養殖業",
    "season": "1月1日から12月31日まで",
    "term": "令和5年9月1日から令和10年8月31日まで",
    "districts": "塩竈市浦戸寒風沢、朴島",
    "conditions": "",
    "n_vertices": 6,
    "missing_vertices": null,
    "shoreline_bounded": false,
    "valid": true,
    "invalid_reason": null,
    "area_ha": 10.42,
    "source_page": 60
   },
   "geometry": {
    "type": "Polygon",
    "coordinates": [
     [
      [
       141.1305,
       38.3491667
      ],
      [
       141.1323333,
       38.3491667
      ],
      [
       141.1326667,
       38.3443333
      ],
      [
       141.1303333,
       38.342
      ],
      [
       141.1291667,
       38.3428333
      ],
      [
       141.1315,
       38.3448333
      ],
      [
       141.1305,
       38.3491667
      ]
     ]
    ]
   }
  },
  {
   "type": "Feature",
   "id": "区第3335号",
   "properties": {
    "right_no": "区第3335号",
    "holder": "宮城県漁業協同組合",
    "location": "塩竈市浦戸寒風沢地先",
    "right_type": "第一種区画漁業",
    "fishery": "貝類等垂下式養殖業",
    "season": "1月1日から12月31日まで",
    "term": "令和5年9月1日から令和10年8月31日まで",
    "districts": "塩竈市浦戸寒風沢、朴島",
    "conditions": "",
    "n_vertices": 4,
    "missing_vertices": null,
    "shoreline_bounded": false,
    "valid": true,
    "invalid_reason": null,
    "area_ha": 2.6,
    "source_page": 60
   },
   "geometry": {
    "type": "Polygon",
    "coordinates": [
     [
      [
       141.1311667,
       38.3348333
      ],
      [
       141.1316667,
       38.3331667
      ],
      [
       141.13,
       38.3333333
      ],
      [
       141.1295,
       38.335
      ],
      [
       141.1311667,
       38.3348333
      ]
     ]
    ]
   }
  },
  {
   "type": "Feature",
   "id": "区第3336号",
   "properties": {
    "right_no": "区第3336号",
    "holder": "宮城県漁業協同組合",
    "location": "塩竈市浦戸寒風沢地先",
    "right_type": "第一種区画漁業",
    "fishery": "藻類養殖業・貝類等垂下式養殖業",
    "season": "1月1日から12月31日まで1月1日から12月31日まで",
    "term": "令和5年9月1日から令和10年8月31日まで",
    "districts": "塩竈市浦戸寒風沢、朴島",
    "conditions": "カ及びキの位置に夜間識別可能な黄色の標識を設置しなければならない。（光達距離４キロメートル以上）",
    "n_vertices": 14,
    "missing_vertices": null,
    "shoreline_bounded": false,
    "valid": true,
    "invalid_reason": null,
    "area_ha": 140.79,
    "source_page": 60
   },
   "geometry": {
    "type": "Polygon",
    "coordinates": [
     [
      [
       141.1315,
       38.3311667
      ],
      [
       141.1318333,
       38.3296667
      ],
      [
       141.1303333,
       38.3295
      ],
      [
       141.1311667,
       38.3273333
      ],
      [
       141.1321667,
       38.3275
      ],
      [
       141.1343333,
       38.3131667
      ],
      [
       141.123,
       38.314
      ],
      [
       141.1215,
       38.3231667
      ],
      [
       141.1245,
       38.3246667
      ],
      [
       141.1283333,
       38.3258333
      ],
      [
       141.1285,
       38.3268333
      ],
      [
       141.1293333,
       38.3295
      ],
      [
       141.1273333,
       38.3295
      ],
      [
       141.128,
       38.3311667
      ],
      [
       141.1315,
       38.3311667
      ]
     ]
    ]
   }
  },
  {
   "type": "Feature",
   "id": "区第3337号",
   "properties": {
    "right_no": "区第3337号",
    "holder": "宮城県漁業協同組合",
    "location": "塩竈市浦戸桂島地先",
    "right_type": "第一種区画漁業",
    "fishery": "藻類養殖業・貝類等垂下式養殖業",
    "season": "9月1日から翌年5月31日まで1月1日から12月31日まで",
    "term": "令和5年9月1日から令和10年8月31日まで",
    "districts": "塩竈市浦戸野々島、桂島、石浜",
    "conditions": "ア、イ、ウ、エ及びオの位置に夜間識別可能な黄色の標識を設置しなければならない。（ア、オは光達距離２キロメートル以上、イ、ウ、エは光達距離４キロメートル以上）",
    "n_vertices": 5,
    "missing_vertices": null,
    "shoreline_bounded": false,
    "valid": true,
    "invalid_reason": null,
    "area_ha": 55.62,
    "source_page": 60
   },
   "geometry": {
    "type": "Polygon",
    "coordinates": [
     [
      [
       141.1115,
       38.3256667
      ],
      [
       141.1143333,
       38.3188333
      ],
      [
       141.1125,
       38.3168333
      ],
      [
       141.1035,
       38.3206667
      ],
      [
       141.1021667,
       38.3225
      ],
      [
       141.1115,
       38.3256667
      ]
     ]
    ]
   }
  },
  {
   "type": "Feature",
   "id": "区第3338号",
   "properties": {
    "right_no": "区第3338号",
    "holder": "宮城県漁業協同組合",
    "location": "塩竈市浦戸桂島地先",
    "right_type": "第一種区画漁業",
    "fishery": "藻類養殖業・貝類等垂下式養殖業",
    "season": "9月1日から翌年5月31日まで1月1日から12月31日まで",
    "term": "令和5年9月1日から令和10年8月31日まで",
    "districts": "塩竈市浦戸野々島、桂島、石浜",
    "conditions": "オ及びカの点に夜間識別可能な黄色の標識を設置しなければならない。（オは光達距離２キロメートル以上、カは光達距離４キロメートル以上）",
    "n_vertices": 6,
    "missing_vertices": null,
    "shoreline_bounded": false,
    "valid": true,
    "invalid_reason": null,
    "area_ha": 92.32,
    "source_page": 61
   },
   "geometry": {
    "type": "Polygon",
    "coordinates": [
     [
      [
       141.0893333,
       38.3286667
      ],
      [
       141.096,
       38.3316667
      ],
      [
       141.0991667,
       38.3303333
      ],
      [
       141.1073333,
       38.3256667
      ],
      [
       141.0966667,
       38.322
      ],
      [
       141.094,
       38.3223333
      ],
      [
       141.0893333,
       38.3286667
      ]
     ]
    ]
   }
  },
  {
   "type": "Feature",
   "id": "区第3339号",
   "properties": {
    "right_no": "区第3339号",
    "holder": "宮城県漁業協同組合",
    "location": "塩竈市浦戸桂島地先",
    "right_type": "第一種区画漁業",
    "fishery": "藻類養殖業・貝類等垂下式養殖業",
    "season": "9月1日から翌年5月31日まで1月1日から12月31日まで",
    "term": "令和5年9月1日から令和10年8月31日まで",
    "districts": "塩竈市浦戸野々島、桂島、石浜",
    "conditions": "ア、イ及びカの点に夜間識別可能な黄色の標識を設置しなければならない。（イは光達距離２キロメートル以上、ア、カは光達距離４キロメートル以上）",
    "n_vertices": 6,
    "missing_vertices": null,
    "shoreline_bounded": false,
    "valid": true,
    "invalid_reason": null,
    "area_ha": 39.31,
    "source_page": 61
   },
   "geometry": {
    "type": "Polygon",
    "coordinates": [
     [
      [
       141.0846667,
       38.3233333
      ],
      [
       141.0781667,
       38.3301667
      ],
      [
       141.0813333,
       38.3308333
      ],
      [
       141.0831667,
       38.3291667
      ],
      [
       141.0851667,
       38.3293333
      ],
      [
       141.0905,
       38.3226667
      ],
      [
       141.0846667,
       38.3233333
      ]
     ]
    ]
   }
  },
  {
   "type": "Feature",
   "id": "区第3340号",
   "properties": {
    "right_no": "区第3340号",
    "holder": "宮城県漁業協同組合",
    "location": "塩竈市浦戸桂島地先",
    "right_type": "第一種区画漁業",
    "fishery": "藻類養殖業・貝類等垂下式養殖業",
    "season": "9月1日から翌年5月31日まで1月1日から12月31日まで",
    "term": "令和5年9月1日から令和10年8月31日まで",
    "districts": "塩竈市浦戸野々島、桂島、石浜",
    "conditions": "ア、イ、ウ及びエの点に夜間識別可能な黄色の標識を設置しなければならない。（光達距離２キロメートル以上）",
    "n_vertices": 6,
    "missing_vertices": null,
    "shoreline_bounded": false,
    "valid": true,
    "invalid_reason": null,
    "area_ha": 26.89,
    "source_page": 61
   },
   "geometry": {
    "type": "Polygon",
    "coordinates": [
     [
      [
       141.0773333,
       38.3315
      ],
      [
       141.0761667,
       38.3325
      ],
      [
       141.0748333,
       38.3348333
      ],
      [
       141.0826667,
       38.3361667
      ],
      [
       141.0835,
       38.3331667
      ],
      [
       141.0821667,
       38.332
      ],
      [
       141.0773333,
       38.3315
      ]
     ]
    ]
   }
  },
  {
   "type": "Feature",
   "id": "区第3341号",
   "properties": {
    "right_no": "区第3341号",
    "holder": "宮城県漁業協同組合",
    "location": "塩竈市浦戸桂島地先",
    "right_type": "第一種区画漁業",
    "fishery": "藻類養殖業・貝類等垂下式養殖業",
    "season": "9月1日から翌年5月31日まで1月1日から12月31日まで",
    "term": "令和5年9月1日から令和10年8月31日まで",
    "districts": "塩竈市浦戸野々島、桂島、石浜",
    "conditions": "イ及びウの点に夜間識別可能な黄色の標識を設置しなければならない。（光達距離２キロメートル以上）",
    "n_vertices": 6,
    "missing_vertices": null,
    "shoreline_bounded": false,
    "valid": true,
    "invalid_reason": null,
    "area_ha": 3.51,
    "source_page": 61
   },
   "geometry": {
    "type": "Polygon",
    "coordinates": [
     [
      [
       141.0856667,
       38.336
      ],
      [
       141.0855,
       38.337
      ],
      [
       141.0876667,
       38.3373333
      ],
      [
       141.0878333,
       38.3363333
      ],
      [
       141.0876667,
       38.3356667
      ],
      [
       141.0863333,
       38.3351667
      ],
      [
       141.0856667,
       38.336
      ]
     ]
    ]
   }
  },
  {
   "type": "Feature",
   "id": "区第3342号",
   "properties": {
    "right_no": "区第3342号",
    "holder": "宮城県漁業協同組合",
    "location": "塩竈市浦戸桂島地先",
    "right_type": "第一種区画漁業",
    "fishery": "藻類養殖業・貝類等垂下式養殖業",
    "season": "9月1日から翌年5月31日まで1月1日から12月31日まで",
    "term": "令和5年9月1日から令和10年8月31日まで",
    "districts": "塩竈市浦戸野々島、桂島、石浜",
    "conditions": "ア、イ、ウ、エ及びオの点に夜間識別可能な黄色の標識を設置しなければならない。（光達距離２キロメートル以上）",
    "n_vertices": 5,
    "missing_vertices": null,
    "shoreline_bounded": false,
    "valid": true,
    "invalid_reason": null,
    "area_ha": 69.29,
    "source_page": 61
   },
   "geometry": {
    "type": "Polygon",
    "coordinates": [
     [
      [
       141.0885,
       38.3388333
      ],
      [
       141.0835,
       38.3463333
      ],
      [
       141.091,
       38.3491667
      ],
      [
       141.0913333,
       38.3468333
      ],
      [
       141.0968333,
       38.3398333
      ],
      [
       141.0885,
       38.3388333
      ]
     ]
    ]
   }
  },
  {
   "type": "Feature",
   "id": "区第3343号",
   "properties": {
    "right_no": "区第3343号",
    "holder": "宮城県漁業協同組合",
    "location": "塩竈市浦戸桂島地先",
    "right_type": "第一種区画漁業",
    "fishery": "藻類養殖業・貝類等垂下式養殖業",
    "season": "9月1日から翌年5月31日まで1月1日から12月31日まで",
    "term": "令和5年9月1日から令和10年8月31日まで",
    "districts": "塩竈市浦戸野々島、桂島、石浜",
    "conditions": "イ及びウの点に夜間識別可能な黄色の標識を設置しなければならない。（光達距離２キロメートル以上）",
    "n_vertices": 8,
    "missing_vertices": null,
    "shoreline_bounded": false,
    "valid": true,
    "invalid_reason": null,
    "area_ha": 12.39,
    "source_page": 61
   },
   "geometry": {
    "type": "Polygon",
    "coordinates": [
     [
      [
       141.0948333,
       38.3373333
      ],
      [
       141.098,
       38.3386667
      ],
      [
       141.1013333,
       38.3348333
      ],
      [
       141.1001667,
       38.3346667
      ],
      [
       141.1,
       38.3345
      ],
      [
       141.0965,
       38.3356667
      ],
      [
       141.0966667,
       38.3358333
      ],
      [
       141.0951667,
       38.3368333
      ],
      [
       141.0948333,
       38.3373333
      ]
     ]
    ]
   }
  },
  {
   "type": "Feature",
   "id": "区第3344号",
   "properties": {
    "right_no": "区第3344号",
    "holder": "宮城県漁業協同組合",
    "location": "塩竈市浦戸石浜地先",
    "right_type": "第一種区画漁業",
    "fishery": "藻類養殖業・貝類等垂下式養殖業",
    "season": "9月1日から翌年5月31日まで1月1日から12月31日まで",
    "term": "令和5年9月1日から令和10年8月31日まで",
    "districts": "塩竈市浦戸野々島、桂島、石浜",
    "conditions": "ア及びウの点に夜間識別可能な黄色の標識を設置しなければならない。（光達距離２キロメートル以上）",
    "n_vertices": 3,
    "missing_vertices": null,
    "shoreline_bounded": false,
    "valid": true,
    "invalid_reason": null,
    "area_ha": 2.75,
    "source_page": 61
   },
   "geometry": {
    "type": "Polygon",
    "coordinates": [
     [
      [
       141.1098333,
       38.3271667
      ],
      [
       141.1073333,
       38.3285
      ],
      [
       141.1056667,
       38.3316667
      ],
      [
       141.1098333,
       38.3271667
      ]
     ]
    ]
   }
  },
  {
   "type": "Feature",
   "id": "区第3345号",
   "properties": {
    "right_no": "区第3345号",
    "holder": "宮城県漁業協同組合",
    "location": "塩竈市浦戸野々島地先",
    "right_type": "第一種区画漁業",
    "fishery": "貝類等垂下式養殖業",
    "season": "1月1日から12月31日まで",
    "term": "令和5年9月1日から令和10年8月31日まで",
    "districts": "塩竈市浦戸野々島、桂島、石浜",
    "conditions": "ア及びイの点に夜間識別可能な黄色の標識を設置しなければならない。（光達距離２キロメートル以上）",
    "n_vertices": 5,
    "missing_vertices": null,
    "shoreline_bounded": false,
    "valid": true,
    "invalid_reason": null,
    "area_ha": 3.49,
    "source_page": 61
   },
   "geometry": {
    "type": "Polygon",
    "coordinates": [
     [
      [
       141.109,
       38.3301667
      ],
      [
       141.1045,
       38.3353333
      ],
      [
       141.1056667,
       38.3355
      ],
      [
       141.1076667,
       38.3321667
      ],
      [
       141.1093333,
       38.3303333
      ],
      [
       141.109,
       38.3301667
      ]
     ]
    ]
   }
  },
  {
   "type": "Feature",
   "id": "区第3346号",
   "properties": {
    "right_no": "区第3346号",
    "holder": "宮城県漁業協同組合",
    "location": "塩竈市浦戸野々島地先",
    "right_type": "第一種区画漁業",
    "fishery": "貝類等垂下式養殖業",
    "season": "1月1日から12月31日まで",
    "term": "令和5年9月1日から令和10年8月31日まで",
    "districts": "塩竈市浦戸野々島、桂島、石浜",
    "conditions": "",
    "n_vertices": 4,
    "missing_vertices": null,
    "shoreline_bounded": false,
    "valid": true,
    "invalid_reason": null,
    "area_ha": 2.53,
    "source_page": 62
   },
   "geometry": {
    "type": "Polygon",
    "coordinates": [
     [
      [
       141.1108333,
       38.3341667
      ],
      [
       141.112,
       38.3328333
      ],
      [
       141.1111667,
       38.332
      ],
      [
       141.1095,
       38.3333333
      ],
      [
       141.1108333,
       38.3341667
      ]
     ]
    ]
   }
  },
  {
   "type": "Feature",
   "id": "区第3347号",
   "properties": {
    "right_no": "区第3347号",
    "holder": "宮城県漁業協同組合",
    "location": "塩竈市浦戸野々島地先",
    "right_type": "第一種区画漁業",
    "fishery": "貝類等垂下式養殖業",
    "season": "1月1日から12月31日まで",
    "term": "令和5年9月1日から令和10年8月31日まで",
    "districts": "塩竈市浦戸野々島、桂島、石浜",
    "conditions": "",
    "n_vertices": 8,
    "missing_vertices": null,
    "shoreline_bounded": false,
    "valid": true,
    "invalid_reason": null,
    "area_ha": 3.33,
    "source_page": 62
   },
   "geometry": {
    "type": "Polygon",
    "coordinates": [
     [
      [
       141.1115,
       38.335
      ],
      [
       141.1125,
       38.3355
      ],
      [
       141.1128333,
       38.3353333
      ],
      [
       141.1135,
       38.3356667
      ],
      [
       141.1131667,
       38.3361667
      ],
      [
       141.1136667,
       38.3363333
      ],
      [
       141.1146667,
       38.3353333
      ],
      [
       141.113,
       38.3338333
      ],
      [
       141.1115,
       38.335
      ]
     ]
    ]
   }
  },
  {
   "type": "Feature",
   "id": "区第3348号",
   "properties": {
    "right_no": "区第3348号",
    "holder": "宮城県漁業協同組合",
    "location": "塩竈市浦戸野々島地先",
    "right_type": "第一種区画漁業",
    "fishery": "貝類等垂下式養殖業",
    "season": "1月1日から12月31日まで",
    "term": "令和5年9月1日から令和10年8月31日まで",
    "districts": "塩竈市浦戸野々島、桂島、石浜",
    "conditions": "",
    "n_vertices": 4,
    "missing_vertices": null,
    "shoreline_bounded": false,
    "valid": true,
    "invalid_reason": null,
    "area_ha": 3.43,
    "source_page": 62
   },
   "geometry": {
    "type": "Polygon",
    "coordinates": [
     [
      [
       141.1161667,
       38.3371667
      ],
      [
       141.1158333,
       38.3373333
      ],
      [
       141.1216667,
       38.3435
      ],
      [
       141.1221667,
       38.3433333
      ],
      [
       141.1161667,
       38.3371667
      ]
     ]
    ]
   }
  },
  {
   "type": "Feature",
   "id": "区第3349号",
   "properties": {
    "right_no": "区第3349号",
    "holder": "宮城県漁業協同組合",
    "location": "塩竈市浦戸野々島地先",
    "right_type": "第一種区画漁業",
    "fishery": "貝類等垂下式養殖業",
    "season": "1月1日から12月31日まで",
    "term": "令和5年9月1日から令和10年8月31日まで",
    "districts": "塩竈市浦戸野々島、桂島、石浜",
    "conditions": "",
    "n_vertices": 4,
    "missing_vertices": null,
    "shoreline_bounded": false,
    "valid": true,
    "invalid_reason": null,
    "area_ha": 1.18,
    "source_page": 62
   },
   "geometry": {
    "type": "Polygon",
    "coordinates": [
     [
      [
       141.122,
       38.3438333
      ],
      [
       141.1215,
       38.3453333
      ],
      [
       141.1221667,
       38.3455
      ],
      [
       141.1228333,
       38.344
      ],
      [
       141.122,
       38.3438333
      ]
     ]
    ]
   }
  },
  {
   "type": "Feature",
   "id": "区第3350号",
   "properties": {
    "right_no": "区第3350号",
    "holder": "宮城県漁業協同組合",
    "location": "塩竈市浦戸野々島地先",
    "right_type": "第一種区画漁業",
    "fishery": "貝類等垂下式養殖業",
    "season": "1月1日から12月31日まで",
    "term": "令和5年9月1日から令和10年8月31日まで",
    "districts": "塩竈市浦戸野々島、桂島、石浜",
    "conditions": "",
    "n_vertices": 4,
    "missing_vertices": null,
    "shoreline_bounded": false,
    "valid": true,
    "invalid_reason": null,
    "area_ha": 3.81,
    "source_page": 62
   },
   "geometry": {
    "type": "Polygon",
    "coordinates": [
     [
      [
       141.1128333,
       38.3435
      ],
      [
       141.1125,
       38.3436667
      ],
      [
       141.1201667,
       38.3461667
      ],
      [
       141.1205,
       38.3455
      ],
      [
       141.1128333,
       38.3435
      ]
     ]
    ]
   }
  },
  {
   "type": "Feature",
   "id": "区第3351号",
   "properties": {
    "right_no": "区第3351号",
    "holder": "宮城県漁業協同組合",
    "location": "塩竈市浦戸野々島地先",
    "right_type": "第一種区画漁業",
    "fishery": "貝類等垂下式養殖業",
    "season": "1月1日から12月31日まで",
    "term": "令和5年9月1日から令和10年8月31日まで",
    "districts": "塩竈市浦戸野々島、桂島、石浜",
    "conditions": "",
    "n_vertices": 6,
    "missing_vertices": null,
    "shoreline_bounded": false,
    "valid": true,
    "invalid_reason": null,
    "area_ha": 4.12,
    "source_page": 62
   },
   "geometry": {
    "type": "Polygon",
    "coordinates": [
     [
      [
       141.1076667,
       38.3413333
      ],
      [
       141.1063333,
       38.3406667
      ],
      [
       141.1061667,
       38.3411667
      ],
      [
       141.107,
       38.3421667
      ],
      [
       141.1101667,
       38.343
      ],
      [
       141.1108333,
       38.3421667
      ],
      [
       141.1076667,
       38.3413333
      ]
     ]
    ]
   }
  },
  {
   "type": "Feature",
   "id": "区第3352号",
   "properties": {
    "right_no": "区第3352号",
    "holder": "宮城県漁業協同組合",
    "location": "塩竈市浦戸野々島地先",
    "right_type": "第一種区画漁業",
    "fishery": "藻類養殖業・貝類等垂下式養殖業",
    "season": "9月1日から翌年5月31日まで1月1日から12月31日まで",
    "term": "令和5年9月1日から令和10年8月31日まで",
    "districts": "塩竈市浦戸野々島、桂島、石浜",
    "conditions": "ア及びオの点に夜間識別可能な黄色の標識を設置しなければならない。（光達距離２キロメートル以上）",
    "n_vertices": 5,
    "missing_vertices": null,
    "shoreline_bounded": false,
    "valid": true,
    "invalid_reason": null,
    "area_ha": 5.98,
    "source_page": 62
   },
   "geometry": {
    "type": "Polygon",
    "coordinates": [
     [
      [
       141.103,
       38.3385
      ],
      [
       141.1008333,
       38.3413333
      ],
      [
       141.1023333,
       38.3421667
      ],
      [
       141.1043333,
       38.3391667
      ],
      [
       141.1041667,
       38.3383333
      ],
      [
       141.103,
       38.3385
      ]
     ]
    ]
   }
  },
  {
   "type": "Feature",
   "id": "区第3353号",
   "properties": {
    "right_no": "区第3353号",
    "holder": "宮城県漁業協同組合",
    "location": "塩竈市浦戸野々島地先",
    "right_type": "第一種区画漁業",
    "fishery": "藻類養殖業・貝類等垂下式養殖業",
    "season": "9月1日から翌年5月31日まで1月1日から12月31日まで",
    "term": "令和5年9月1日から令和10年8月31日まで",
    "districts": "塩竈市浦戸野々島、桂島、石浜",
    "conditions": "ア、イ及びエの点に夜間識別可能な黄色の標識を設置しなければならない。（光達距離２キロメートル以上）",
    "n_vertices": 4,
    "missing_vertices": null,
    "shoreline_bounded": false,
    "valid": true,
    "invalid_reason": null,
    "area_ha": 6.87,
    "source_page": 63
   },
   "geometry": {
    "type": "Polygon",
    "coordinates": [
     [
      [
       141.1,
       38.339
      ],
      [
       141.0976667,
       38.3416667
      ],
      [
       141.0993333,
       38.3425
      ],
      [
       141.1023333,
       38.3385
      ],
      [
       141.1,
       38.339
      ]
     ]
    ]
   }
  },
  {
   "type": "Feature",
   "id": "区第3354号",
   "properties": {
    "right_no": "区第3354号",
    "holder": "宮城県漁業協同組合",
    "location": "塩竈市浦戸野々島地先",
    "right_type": "第一種区画漁業",
    "fishery": "藻類養殖業・貝類等垂下式養殖業",
    "season": "9月1日から翌年5月31日まで1月1日から12月31日まで",
    "term": "令和5年9月1日から令和10年8月31日まで",
    "districts": "塩竈市浦戸野々島、桂島、石浜",
    "conditions": "ア、ウ、カ、キ及びクの点に夜間識別可能な黄色の標識を設置しなければならない。（光達距離２キロメートル以上）",
    "n_vertices": 8,
    "missing_vertices": null,
    "shoreline_bounded": false,
    "valid": true,
    "invalid_reason": null,
    "area_ha": 70.82,
    "source_page": 63
   },
   "geometry": {
    "type": "Polygon",
    "coordinates": [
     [
      [
       141.097,
       38.3425
      ],
      [
       141.0933333,
       38.3473333
      ],
      [
       141.0931667,
       38.35
      ],
      [
       141.1003333,
       38.3525
      ],
      [
       141.1063333,
       38.3455
      ],
      [
       141.1043333,
       38.3445
      ],
      [
       141.1,
       38.3456667
      ],
      [
       141.0998333,
       38.3438333
      ],
      [
       141.097,
       38.3425
      ]
     ]
    ]
   }
  },
  {
   "type": "Feature",
   "id": "区第3355号",
   "properties": {
    "right_no": "区第3355号",
    "holder": "宮城県漁業協同組合",
    "location": "塩竈市浦戸桂島地先",
    "right_type": "第一種区画漁業",
    "fishery": "藻類養殖業・貝類等垂下式養殖業",
    "season": "9月1日から翌年5月31日まで1月1日から12月31日まで",
    "term": "令和5年9月1日から令和10年8月31日まで",
    "districts": "塩竈市浦戸野々島、桂島、石浜",
    "conditions": "ア、イ、ウ、エ、オ及びカの点に夜間識別可能な黄色の標識を設置しなければならない。（光達距離２キロメートル以上）",
    "n_vertices": 6,
    "missing_vertices": null,
    "shoreline_bounded": false,
    "valid": true,
    "invalid_reason": null,
    "area_ha": 75.0,
    "source_page": 63
   },
   "geometry": {
    "type": "Polygon",
    "coordinates": [
     [
      [
       141.0741667,
       38.3361667
      ],
      [
       141.0733333,
       38.3391667
      ],
      [
       141.0761667,
       38.3435
      ],
      [
       141.077,
       38.344
      ],
      [
       141.082,
       38.3458333
      ],
      [
       141.0868333,
       38.3385
      ],
      [
       141.0741667,
       38.3361667
      ]
     ]
    ]
   }
  },
  {
   "type": "Feature",
   "id": "区第3401号",
   "properties": {
    "right_no": "区第3401号",
    "holder": "宮城県漁業協同組合",
    "location": "宮城郡七ヶ浜町東宮浜、要害地先",
    "right_type": "第一種区画漁業",
    "fishery": "藻類養殖業・貝類等垂下式養殖業",
    "season": "9月1日から翌年5月31日まで1月1日から12月31日まで",
    "term": "令和5年9月1日から令和10年8月31日まで",
    "districts": "宮城郡七ヶ浜町代ヶ崎浜、東宮浜、要害",
    "conditions": "",
    "n_vertices": 6,
    "missing_vertices": null,
    "shoreline_bounded": false,
    "valid": true,
    "invalid_reason": null,
    "area_ha": 6.36,
    "source_page": 63
   },
   "geometry": {
    "type": "Polygon",
    "coordinates": [
     [
      [
       141.0493333,
       38.3145
      ],
      [
       141.0486667,
       38.3158333
      ],
      [
       141.0485,
       38.317
      ],
      [
       141.0496667,
       38.3175
      ],
      [
       141.0516667,
       38.3151667
      ],
      [
       141.0513333,
       38.314
      ],
      [
       141.0493333,
       38.3145
      ]
     ]
    ]
   }
  },
  {
   "type": "Feature",
   "id": "区第3402号",
   "properties": {
    "right_no": "区第3402号",
    "holder": "宮城県漁業協同組合",
    "location": "宮城郡七ヶ浜町東宮浜、要害地先",
    "right_type": "第一種区画漁業",
    "fishery": "藻類養殖業・貝類等垂下式養殖業",
    "season": "9月1日から翌年5月31日まで1月1日から12月31日まで",
    "term": "令和5年9月1日から令和10年8月31日まで",
    "districts": "宮城郡七ヶ浜町代ヶ崎浜、東宮浜、要害",
    "conditions": "",
    "n_vertices": 5,
    "missing_vertices": null,
    "shoreline_bounded": false,
    "valid": true,
    "invalid_reason": null,
    "area_ha": 28.6,
    "source_page": 63
   },
   "geometry": {
    "type": "Polygon",
    "coordinates": [
     [
      [
       141.0628333,
       38.3201667
      ],
      [
       141.0518333,
       38.3158333
      ],
      [
       141.0501667,
       38.3178333
      ],
      [
       141.0538333,
       38.3201667
      ],
      [
       141.0635,
       38.3211667
      ],
      [
       141.0628333,
       38.3201667
      ]
     ]
    ]
   }
  },
  {
   "type": "Feature",
   "id": "区第3403号",
   "properties": {
    "right_no": "区第3403号",
    "holder": "宮城県漁業協同組合",
    "location": "宮城郡七ヶ浜町東宮浜、要害地先",
    "right_type": "第一種区画漁業",
    "fishery": "藻類養殖業・貝類等垂下式養殖業",
    "season": "9月1日から翌年5月31日まで1月1日から12月31日まで",
    "term": "令和5年9月1日から令和10年8月31日まで",
    "districts": "宮城郡七ヶ浜町代ヶ崎浜、東宮浜、要害",
    "conditions": "",
    "n_vertices": 6,
    "missing_vertices": null,
    "shoreline_bounded": false,
    "valid": true,
    "invalid_reason": null,
    "area_ha": 16.22,
    "source_page": 63
   },
   "geometry": {
    "type": "Polygon",
    "coordinates": [
     [
      [
       141.0526667,
       38.3153333
      ],
      [
       141.0528333,
       38.316
      ],
      [
       141.0631667,
       38.32
      ],
      [
       141.0621667,
       38.3181667
      ],
      [
       141.0556667,
       38.3146667
      ],
      [
       141.055,
       38.3155
      ],
      [
       141.0526667,
       38.3153333
      ]
     ]
    ]
   }
  },
  {
   "type": "Feature",
   "id": "区第3404号",
   "properties": {
    "right_no": "区第3404号",
    "holder": "宮城県漁業協同組合",
    "location": "宮城郡七ヶ浜町東宮浜、要害地先",
    "right_type": "第一種区画漁業",
    "fishery": "藻類養殖業・貝類等垂下式養殖業",
    "season": "9月1日から翌年5月31日まで1月1日から12月31日まで",
    "term": "令和5年9月1日から令和10年8月31日まで",
    "districts": "宮城郡七ヶ浜町代ヶ崎浜、東宮浜、要害",
    "conditions": "",
    "n_vertices": 4,
    "missing_vertices": null,
    "shoreline_bounded": false,
    "valid": true,
    "invalid_reason": null,
    "area_ha": 2.32,
    "source_page": 63
   },
   "geometry": {
    "type": "Polygon",
    "coordinates": [
     [
      [
       141.0585,
       38.3141667
      ],
      [
       141.0575,
       38.3151667
      ],
      [
       141.0596667,
       38.3161667
      ],
      [
       141.06,
       38.3153333
      ],
      [
       141.0585,
       38.3141667
      ]
     ]
    ]
   }
  },
  {
   "type": "Feature",
   "id": "区第3405号",
   "properties": {
    "right_no": "区第3405号",
    "holder": "宮城県漁業協同組合",
    "location": "宮城郡七ヶ浜町馬放島地先",
    "right_type": "第一種区画漁業",
    "fishery": "藻類養殖業",
    "season": "9月1日から翌年5月31日まで",
    "term": "令和5年9月1日から令和10年8月31日まで",
    "districts": "宮城郡七ヶ浜町代ヶ崎浜、東宮浜、要害",
    "conditions": "",
    "n_vertices": 8,
    "missing_vertices": null,
    "shoreline_bounded": false,
    "valid": true,
    "invalid_reason": null,
    "area_ha": 6.24,
    "source_page": 64
   },
   "geometry": {
    "type": "Polygon",
    "coordinates": [
     [
      [
       141.0718333,
       38.3226667
      ],
      [
       141.0705,
       38.3246667
      ],
      [
       141.0715,
       38.325
      ],
      [
       141.0716667,
       38.3245
      ],
      [
       141.0731667,
       38.3253333
      ],
      [
       141.073,
       38.3256667
      ],
      [
       141.0736667,
       38.326
      ],
      [
       141.0748333,
       38.3245
      ],
      [
       141.0718333,
       38.3226667
      ]
     ]
    ]
   }
  },
  {
   "type": "Feature",
   "id": "区第3406号",
   "properties": {
    "right_no": "区第3406号",
    "holder": "宮城県漁業協同組合",
    "location": "宮城郡七ヶ浜町馬放島地先",
    "right_type": "第一種区画漁業",
    "fishery": "藻類養殖業",
    "season": "9月1日から翌年5月31日まで",
    "term": "令和5年9月1日から令和10年8月31日まで",
    "districts": "宮城郡七ヶ浜町代ヶ崎浜",
    "conditions": "",
    "n_vertices": 7,
    "missing_vertices": null,
    "shoreline_bounded": false,
    "valid": true,
    "invalid_reason": null,
    "area_ha": 6.93,
    "source_page": 64
   },
   "geometry": {
    "type": "Polygon",
    "coordinates": [
     [
      [
       141.0721667,
       38.3226667
      ],
      [
       141.0751667,
       38.3243333
      ],
      [
       141.0745,
       38.3251667
      ],
      [
       141.075,
       38.3256667
      ],
      [
       141.0761667,
       38.3253333
      ],
      [
       141.078,
       38.3265
      ],
      [
       141.0791667,
       38.325
      ],
      [
       141.0721667,
       38.3226667
      ]
     ]
    ]
   }
  },
  {
   "type": "Feature",
   "id": "区第3407号",
   "properties": {
    "right_no": "区第3407号",
    "holder": "宮城県漁業協同組合",
    "location": "宮城郡七ヶ浜町馬放島地先",
    "right_type": "第一種区画漁業",
    "fishery": "藻類養殖業",
    "season": "9月1日から翌年5月31日まで",
    "term": "令和5年9月1日から令和10年8月31日まで",
    "districts": "宮城郡七ヶ浜町代ヶ崎浜、東宮浜、要害",
    "conditions": "",
    "n_vertices": 4,
    "missing_vertices": null,
    "shoreline_bounded": false,
    "valid": true,
    "invalid_reason": null,
    "area_ha": 2.76,
    "source_page": 64
   },
   "geometry": {
    "type": "Polygon",
    "coordinates": [
     [
      [
       141.0763333,
       38.3255
      ],
      [
       141.0758333,
       38.3273333
      ],
      [
       141.0773333,
       38.3278333
      ],
      [
       141.078,
       38.3266667
      ],
      [
       141.0763333,
       38.3255
      ]
     ]
    ]
   }
  },
  {
   "type": "Feature",
   "id": "区第3408号",
   "properties": {
    "right_no": "区第3408号",
    "holder": "宮城県漁業協同組合",
    "location": "宮城郡七ヶ浜町馬放島地先",
    "right_type": "第一種区画漁業",
    "fishery": "藻類養殖業",
    "season": "9月1日から翌年5月31日まで",
    "term": "令和5年9月1日から令和10年8月31日まで",
    "districts": "宮城郡七ヶ浜町代ヶ崎浜、東宮浜、要害",
    "conditions": "アの点に夜間識別可能な赤色の標識を設置しなければならない。（光達距離２キロメートル以上）オの点に夜間識別可能な黄色の標識を設置しなければならない。（光達距離４キロメートル以上）",
    "n_vertices": 5,
    "missing_vertices": null,
    "shoreline_bounded": false,
    "valid": true,
    "invalid_reason": null,
    "area_ha": 36.49,
    "source_page": 64
   },
   "geometry": {
    "type": "Polygon",
    "coordinates": [
     [
      [
       141.0716667,
       38.3348333
      ],
      [
       141.0761667,
       38.3288333
      ],
      [
       141.0665,
       38.3275
      ],
      [
       141.0658333,
       38.3241667
      ],
      [
       141.0635,
       38.324
      ],
      [
       141.0716667,
       38.3348333
      ]
     ]
    ]
   }
  },
  {
   "type": "Feature",
   "id": "区第3409号",
   "properties": {
    "right_no": "区第3409号",
    "holder": "宮城県漁業協同組合",
    "location": "宮城郡七ヶ浜町馬放島地先",
    "right_type": "第一種区画漁業",
    "fishery": "藻類養殖業",
    "season": "9月1日から翌年5月31日まで",
    "term": "令和5年9月1日から令和10年8月31日まで",
    "districts": "宮城郡七ヶ浜町代ヶ崎浜、東宮浜、要害、遠山",
    "conditions": "カの点に夜間識別可能な黄色の標識を設置しなければならない。（光達距離４キロメートル以上）",
    "n_vertices": 6,
    "missing_vertices": null,
    "shoreline_bounded": false,
    "valid": true,
    "invalid_reason": null,
    "area_ha": 61.95,
    "source_page": 64
   },
   "geometry": {
    "type": "Polygon",
    "coordinates": [
     [
      [
       141.0573333,
       38.3233333
      ],
      [
       141.0616667,
       38.328
      ],
      [
       141.0588333,
       38.3286667
      ],
      [
       141.0675,
       38.3375
      ],
      [
       141.0705,
       38.3361667
      ],
      [
       141.0623333,
       38.324
      ],
      [
       141.0573333,
       38.3233333
      ]
     ]
    ]
   }
  },
  {
   "type": "Feature",
   "id": "区第3410号",
   "properties": {
    "right_no": "区第3410号",
    "holder": "宮城県漁業協同組合",
    "location": "宮城郡七ヶ浜町吉田浜地先",
    "right_type": "第一種区画漁業",
    "fishery": "藻類養殖業",
    "season": "9月1日から翌年5月31日まで",
    "term": "令和5年9月1日から令和10年8月31日まで",
    "districts": "宮城郡七ヶ浜町吉田浜",
    "conditions": "ア、ウ、エ、オ、カ、キ及びクの点に夜間識別可能な黄色の標識を設置しなければならない。（ア、ウ、エは光達距離４キロメートル以上、オ、カ、キ、クは光達距離２キロメートル以上）",
    "n_vertices": 8,
    "missing_vertices": null,
    "shoreline_bounded": false,
    "valid": true,
    "invalid_reason": null,
    "area_ha": 168.68,
    "source_page": 64
   },
   "geometry": {
    "type": "Polygon",
    "coordinates": [
     [
      [
       141.0828333,
       38.3178333
      ],
      [
       141.0915,
       38.3173333
      ],
      [
       141.097,
       38.317
      ],
      [
       141.1066667,
       38.3115
      ],
      [
       141.0875,
       38.3076667
      ],
      [
       141.0858333,
       38.3088333
      ],
      [
       141.0813333,
       38.309
      ],
      [
       141.0803333,
       38.3131667
      ],
      [
       141.0828333,
       38.3178333
      ]
     ]
    ]
   }
  },
  {
   "type": "Feature",
   "id": "区第3411号",
   "properties": {
    "right_no": "区第3411号",
    "holder": "宮城県漁業協同組合",
    "location": "宮城郡七ヶ浜町花渕浜地先",
    "right_type": "第一種区画漁業",
    "fishery": "藻類養殖業",
    "season": "9月1日から翌年5月31日まで",
    "term": "令和5年9月1日から令和10年8月31日まで",
    "districts": "宮城郡七ヶ浜町花渕浜、吉田浜、菖蒲田浜",
    "conditions": "ア、エ、オ、カ、キ、ク、ケ及びコの点に夜間識別可能な黄色の標識を設置しなければならない。（ア、オ、カ、キは光達距離４キロメートル以上、エ、ク、ケ、コは光達距離２キロメートル以上）",
    "n_vertices": 10,
    "missing_vertices": null,
    "shoreline_bounded": false,
    "valid": true,
    "invalid_reason": null,
    "area_ha": 317.08,
    "source_page": 64
   },
   "geometry": {
    "type": "Polygon",
    "coordinates": [
     [
      [
       141.1005,
       38.3096667
      ],
      [
       141.1015,
       38.3061667
      ],
      [
       141.1031667,
       38.3061667
      ],
      [
       141.105,
       38.3058333
      ],
      [
       141.1121667,
       38.3023333
      ],
      [
       141.1145,
       38.2908333
      ],
      [
       141.1103333,
       38.2846667
      ],
      [
       141.1,
       38.2928333
      ],
      [
       141.094,
       38.298
      ],
      [
       141.0893333,
       38.3075
      ],
      [
       141.1005,
       38.3096667
      ]
     ]
    ]
   }
  },
  {
   "type": "Feature",
   "id": "区第3412号",
   "properties": {
    "right_no": "区第3412号",
    "holder": "宮城県漁業協同組合",
    "location": "宮城郡七ヶ浜町花渕浜地先",
    "right_type": "第一種区画漁業",
    "fishery": "藻類養殖業",
    "season": "9月1日から翌年5月31日まで",
    "term": "令和5年9月1日から令和10年8月31日まで",
    "districts": "宮城郡七ヶ浜町吉田浜、花渕浜、菖蒲田浜",
    "conditions": "ア、イ、ウ、エ及びオの点に夜間識別可能な黄色の標識を設置しなければならない。（ウ、エ、オは光達距離４キロメートル以上、ア、イは光達距離２キロメートル以上）",
    "n_vertices": 7,
    "missing_vertices": null,
    "shoreline_bounded": false,
    "valid": true,
    "invalid_reason": null,
    "area_ha": 529.81,
    "source_page": 65
   },
   "geometry": {
    "type": "Polygon",
    "coordinates": [
     [
      [
       141.0955,
       38.295
      ],
      [
       141.1013333,
       38.2898333
      ],
      [
       141.109,
       38.2831667
      ],
      [
       141.0943333,
       38.2631667
      ],
      [
       141.073,
       38.2893333
      ],
      [
       141.0796667,
       38.2931667
      ],
      [
       141.0875,
       38.2875
      ],
      [
       141.0955,
       38.295
      ]
     ]
    ]
   }
  },
  {
   "type": "Feature",
   "id": "区第3413号",
   "properties": {
    "right_no": "区第3413号",
    "holder": "宮城県漁業協同組合",
    "location": "宮城郡七ヶ浜町菖蒲田浜地先",
    "right_type": "第一種区画漁業",
    "fishery": "藻類養殖業",
    "season": "9月1日から翌年5月31日まで",
    "term": "令和5年9月1日から令和10年8月31日まで",
    "districts": "宮城郡七ヶ浜町菖蒲田浜",
    "conditions": "イ、ウ、エ及びオの点に夜間識別可能な黄色の標識を設置しなければならない。（光達距離４キロメートル以上）",
    "n_vertices": 8,
    "missing_vertices": null,
    "shoreline_bounded": false,
    "valid": true,
    "invalid_reason": null,
    "area_ha": 268.33,
    "source_page": 65
   },
   "geometry": {
    "type": "Polygon",
    "coordinates": [
     [
      [
       141.0713333,
       38.288
      ],
      [
       141.0928333,
       38.2615
      ],
      [
       141.0911667,
       38.2598333
      ],
      [
       141.081,
       38.2673333
      ],
      [
       141.0701667,
       38.2681667
      ],
      [
       141.0656667,
       38.2735
      ],
      [
       141.069,
       38.2773333
      ],
      [
       141.065,
       38.2818333
      ],
      [
       141.0713333,
       38.288
      ]
     ]
    ]
   }
  },
  {
   "type": "Feature",
   "id": "区第3414号",
   "properties": {
    "right_no": "区第3414号",
    "holder": "宮城県漁業協同組合",
    "location": "宮城郡七ヶ浜町湊浜地先",
    "right_type": "第一種区画漁業",
    "fishery": "藻類養殖業",
    "season": "9月1日から翌年5月31日まで",
    "term": "令和5年9月1日から令和10年8月31日まで",
    "districts": "宮城郡七ヶ浜町松ヶ浜、湊浜、遠山",
    "conditions": "アの点に夜間識別可能な黄色の標識を設置しなければならない。（光達距離４キロメートル以上）",
    "n_vertices": 4,
    "missing_vertices": null,
    "shoreline_bounded": false,
    "valid": true,
    "invalid_reason": null,
    "area_ha": 30.06,
    "source_page": 65
   },
   "geometry": {
    "type": "Polygon",
    "coordinates": [
     [
      [
       141.0535,
       38.273
      ],
      [
       141.0518333,
       38.2766667
      ],
      [
       141.0585,
       38.2796667
      ],
      [
       141.0611667,
       38.2766667
      ],
      [
       141.0535,
       38.273
      ]
     ]
    ]
   }
  },
  {
   "type": "Feature",
   "id": "区第3415号",
   "properties": {
    "right_no": "区第3415号",
    "holder": "宮城県漁業協同組合",
    "location": "宮城郡七ヶ浜町湊浜地先",
    "right_type": "第一種区画漁業",
    "fishery": "藻類養殖業",
    "season": "9月1日から翌年5月31日まで",
    "term": "令和5年9月1日から令和10年8月31日まで",
    "districts": "七ヶ浜町松ヶ浜、湊浜、遠山",
    "conditions": "ア及びイの点に昼間及び夜間識別可能な標識を設置しなければならない。（夜間標識は黄色でかつ光達距離４キロメートル以上）ウ及びカの点に夜間識別可能な黄色の標識を設置しなければならない。（光達距離２キロメートル以上）",
    "n_vertices": 6,
    "missing_vertices": null,
    "shoreline_bounded": false,
    "valid": true,
    "invalid_reason": null,
    "area_ha": 326.38,
    "source_page": 65
   },
   "geometry": {
    "type": "Polygon",
    "coordinates": [
     [
      [
       141.05,
       38.2595
      ],
      [
       141.065,
       38.2451667
      ],
      [
       141.0645,
       38.2425
      ],
      [
       141.05,
       38.2268333
      ],
      [
       141.0456667,
       38.2503333
      ],
      [
       141.0471667,
       38.2565
      ],
      [
       141.05,
       38.2595
      ]
     ]
    ]
   }
  },
  {
   "type": "Feature",
   "id": "区第3416号",
   "properties": {
    "right_no": "区第3416号",
    "holder": "宮城県漁業協同組合",
    "location": "宮城郡七ヶ浜町花渕浜地先",
    "right_type": "第一種区画漁業",
    "fishery": "藻類養殖業",
    "season": "9月1日から翌年5月31日まで",
    "term": "令和5年9月1日から令和10年8月31日まで",
    "districts": "七ヶ浜町花渕浜、吉田浜、菖蒲田浜",
    "conditions": "イ及びウの点に夜間識別可能な黄色の標識を設置しなければならない。（光達距離４キロメートル以上）",
    "n_vertices": 4,
    "missing_vertices": null,
    "shoreline_bounded": false,
    "valid": true,
    "invalid_reason": null,
    "area_ha": 24.21,
    "source_page": 65
   },
   "geometry": {
    "type": "Polygon",
    "coordinates": [
     [
      [
       141.1145,
       38.2908333
      ],
      [
       141.1156667,
       38.2836667
      ],
      [
       141.1141667,
       38.2815
      ],
      [
       141.1103333,
       38.2846667
      ],
      [
       141.1145,
       38.2908333
      ]
     ]
    ]
   }
  },
  {
   "type": "Feature",
   "id": "区第3417号",
   "properties": {
    "right_no": "区第3417号",
    "holder": "宮城県漁業協同組合",
    "location": "宮城郡七ヶ浜町花渕浜地先",
    "right_type": "第一種区画漁業",
    "fishery": "藻類養殖業",
    "season": "9月1日から翌年5月31日まで",
    "term": "令和5年9月1日から令和10年8月31日まで",
    "districts": "七ヶ浜町吉田浜、花渕浜、菖蒲田浜",
    "conditions": "イ及びウの点に夜間識別可能な黄色の標識を設置しなければならない。（光達距離４キロメートル以上）",
    "n_vertices": 4,
    "missing_vertices": null,
    "shoreline_bounded": false,
    "valid": true,
    "invalid_reason": null,
    "area_ha": 120.01,
    "source_page": 65
   },
   "geometry": {
    "type": "Polygon",
    "coordinates": [
     [
      [
       141.109,
       38.2831667
      ],
      [
       141.1128333,
       38.2796667
      ],
      [
       141.0973333,
       38.2593333
      ],
      [
       141.0943333,
       38.2631667
      ],
      [
       141.109,
       38.2831667
      ]
     ]
    ]
   }
  },
  {
   "type": "Feature",
   "id": "区第3418号",
   "properties": {
    "right_no": "区第3418号",
    "holder": "宮城県漁業協同組合",
    "location": "宮城郡七ヶ浜町湊浜地先",
    "right_type": "第一種区画漁業",
    "fishery": "藻類養殖業",
    "season": "9月1日から翌年5月31日まで",
    "term": "令和5年9月1日から令和10年8月31日まで",
    "districts": "七ヶ浜町菖蒲田浜、松ケ浜、湊浜、遠山、代ケ崎浜、東宮浜、要害",
    "conditions": "イの点に昼間及び夜間識別可能な標識を設置しなければならない。（夜間標識は黄色でかつ光達距離４キロメートル以上）",
    "n_vertices": 4,
    "missing_vertices": null,
    "shoreline_bounded": false,
    "valid": true,
    "invalid_reason": null,
    "area_ha": 111.19,
    "source_page": 65
   },
   "geometry": {
    "type": "Polygon",
    "coordinates": [
     [
      [
       141.0645,
       38.2425
      ],
      [
       141.0628333,
       38.2338333
      ],
      [
       141.0518333,
       38.2176667
      ],
      [
       141.05,
       38.2268333
      ],
      [
       141.0645,
       38.2425
      ]
     ]
    ]
   }
  },
  {
   "type": "Feature",
   "id": "区第3501号",
   "properties": {
    "right_no": "区第3501号",
    "holder": "宮城県漁業協同組合",
    "location": "仙台市蒲生地先",
    "right_type": "第一種区画漁業",
    "fishery": "藻類養殖業",
    "season": "9月1日から翌年5月31日まで",
    "term": "令和5年9月1日から令和10年8月31日まで",
    "districts": "仙台市",
    "conditions": "イ、ウ、エ、オ及びカの点に夜間識別可能な黄色の標識を設置しなければならない。（イは光達距離４キロメートル以上、ウ、エ、オ、カは光達距離２キロメートル以上）キの点に昼間及び夜間識別可能な標識を設置しなければならない。（夜間標識は黄色でかつ光達距離４キロメートル以上）",
    "n_vertices": 7,
    "missing_vertices": null,
    "shoreline_bounded": false,
    "valid": true,
    "invalid_reason": null,
    "area_ha": 641.98,
    "source_page": 66
   },
   "geometry": {
    "type": "Polygon",
    "coordinates": [
     [
      [
       141.05,
       38.2268333
      ],
      [
       141.0446667,
       38.2213333
      ],
      [
       141.012,
       38.2371667
      ],
      [
       141.0191667,
       38.2473333
      ],
      [
       141.0345,
       38.2465
      ],
      [
       141.0373333,
       38.2506667
      ],
      [
       141.0456667,
       38.2503333
      ],
      [
       141.05,
       38.2268333
      ]
     ]
    ]
   }
  },
  {
   "type": "Feature",
   "id": "区第3502号",
   "properties": {
    "right_no": "区第3502号",
    "holder": "宮城県漁業協同組合",
    "location": "仙台市荒浜地先",
    "right_type": "第一種区画漁業",
    "fishery": "藻類養殖業",
    "season": "9月1日から翌年5月31日まで",
    "term": "令和5年9月1日から令和10年8月31日まで",
    "districts": "仙台市",
    "conditions": "ア、イ、ウ及びエの点に夜間識別可能な黄色の標識を設置しなければならない。（光達距離２キロメートル以上）",
    "n_vertices": 4,
    "missing_vertices": null,
    "shoreline_bounded": false,
    "valid": true,
    "invalid_reason": null,
    "area_ha": 250.26,
    "source_page": 66
   },
   "geometry": {
    "type": "Polygon",
    "coordinates": [
     [
      [
       141.0085,
       38.2326667
      ],
      [
       141.0408333,
       38.2168333
      ],
      [
       141.0355,
       38.2113333
      ],
      [
       141.0043333,
       38.2265
      ],
      [
       141.0085,
       38.2326667
      ]
     ]
    ]
   }
  },
  {
   "type": "Feature",
   "id": "区第3503号",
   "properties": {
    "right_no": "区第3503号",
    "holder": "宮城県漁業協同組合",
    "location": "仙台市荒浜地先",
    "right_type": "第一種区画漁業",
    "fishery": "藻類養殖業",
    "season": "9月1日から翌年5月31日まで",
    "term": "令和5年9月1日から令和10年8月31日まで",
    "districts": "仙台市",
    "conditions": "ア、イ、ウ及びエの点に夜間識別可能な黄色の標識を設置しなければならない。（光達距離２キロメートル以上）",
    "n_vertices": 4,
    "missing_vertices": null,
    "shoreline_bounded": false,
    "valid": true,
    "invalid_reason": null,
    "area_ha": 237.53,
    "source_page": 66
   },
   "geometry": {
    "type": "Polygon",
    "coordinates": [
     [
      [
       141.0006667,
       38.2221667
      ],
      [
       141.0316667,
       38.2071667
      ],
      [
       141.0266667,
       38.2016667
      ],
      [
       140.9965,
       38.216
      ],
      [
       141.0006667,
       38.2221667
      ]
     ]
    ]
   }
  },
  {
   "type": "Feature",
   "id": "区第3504号",
   "properties": {
    "right_no": "区第3504号",
    "holder": "宮城県漁業協同組合",
    "location": "仙台市荒浜地先",
    "right_type": "第一種区画漁業",
    "fishery": "藻類養殖業",
    "season": "9月1日から翌年5月31日まで",
    "term": "令和5年9月1日から令和10年8月31日まで",
    "districts": "仙台市",
    "conditions": "ア、イ、ウ及びエの点に夜間識別可能な黄色の標識を設置しなければならない。（ウは光達距離４キロメートル以上、ア、イ、エは光達距離２キロメートル以上)",
    "n_vertices": 4,
    "missing_vertices": null,
    "shoreline_bounded": false,
    "valid": true,
    "invalid_reason": null,
    "area_ha": 221.97,
    "source_page": 66
   },
   "geometry": {
    "type": "Polygon",
    "coordinates": [
     [
      [
       140.9933333,
       38.2116667
      ],
      [
       141.0225,
       38.1971667
      ],
      [
       141.0175,
       38.1918333
      ],
      [
       140.989,
       38.2056667
      ],
      [
       140.9933333,
       38.2116667
      ]
     ]
    ]
   }
  },
  {
   "type": "Feature",
   "id": "区第3505号",
   "properties": {
    "right_no": "区第3505号",
    "holder": "宮城県漁業協同組合",
    "location": "仙台市荒浜地先",
    "right_type": "第一種区画漁業",
    "fishery": "藻類養殖業",
    "season": "9月1日から翌年5月31日まで",
    "term": "令和5年9月1日から令和10年8月31日まで",
    "districts": "仙台市",
    "conditions": "ア、イ、ウ及びエの点に夜間識別可能な黄色の標識を設置しなければならない。（光達距離２キロメートル以上）",
    "n_vertices": 4,
    "missing_vertices": null,
    "shoreline_bounded": false,
    "valid": true,
    "invalid_reason": null,
    "area_ha": 316.85,
    "source_page": 66
   },
   "geometry": {
    "type": "Polygon",
    "coordinates": [
     [
      [
       140.9853333,
       38.201
      ],
      [
       141.0133333,
       38.1875
      ],
      [
       141.0093333,
       38.1793333
      ],
      [
       140.9786667,
       38.1915
      ],
      [
       140.9853333,
       38.201
      ]
     ]
    ]
   }
  },
  {
   "type": "Feature",
   "id": "区第3506号",
   "properties": {
    "right_no": "区第3506号",
    "holder": "宮城県漁業協同組合",
    "location": "仙台市蒲生地先",
    "right_type": "第一種区画漁業",
    "fishery": "藻類養殖業",
    "season": "9月1日から翌年5月31日まで",
    "term": "令和5年9月1日から令和10年8月31日まで",
    "districts": "仙台市",
    "conditions": "イの点に昼間及び夜間識別可能な標識を設置しなければならない。（夜間標識は黄色でかつ光達距離４キロメートル以上）",
    "n_vertices": 3,
    "missing_vertices": null,
    "shoreline_bounded": false,
    "valid": true,
    "invalid_reason": null,
    "area_ha": 28.51,
    "source_page": 66
   },
   "geometry": {
    "type": "Polygon",
    "coordinates": [
     [
      [
       141.05,
       38.2268333
      ],
      [
       141.0518333,
       38.2176667
      ],
      [
       141.0446667,
       38.2213333
      ],
      [
       141.05,
       38.2268333
      ]
     ]
    ]
   }
  },
  {
   "type": "Feature",
   "id": "区第3601号",
   "properties": {
    "right_no": "区第3601号",
    "holder": "宮城県漁業協同組合",
    "location": "仙台市井土地先",
    "right_type": "第一種区画漁業",
    "fishery": "藻類養殖業",
    "season": "9月1日から翌年5月31日まで",
    "term": "令和5年9月1日から令和10年8月31日まで",
    "districts": "名取市閖上",
    "conditions": "ア、イ、ウ及びエの点に夜間識別可能な黄色の標識を設置しなければならない。（ウは光達距離４キロメートル以上、ア、イ、エは光達距離２キロメートル以上）",
    "n_vertices": 4,
    "missing_vertices": null,
    "shoreline_bounded": false,
    "valid": true,
    "invalid_reason": null,
    "area_ha": 410.27,
    "source_page": 66
   },
   "geometry": {
    "type": "Polygon",
    "coordinates": [
     [
      [
       140.9815,
       38.1871667
      ],
      [
       141.0076667,
       38.1763333
      ],
      [
       141.0013333,
       38.1641667
      ],
      [
       140.9736667,
       38.173
      ],
      [
       140.9815,
       38.1871667
      ]
     ]
    ]
   }
  },
  {
   "type": "Feature",
   "id": "区第3602号",
   "properties": {
    "right_no": "区第3602号",
    "holder": "宮城県漁業協同組合",
    "location": "名取市閖上地先",
    "right_type": "第一種区画漁業",
    "fishery": "藻類養殖業",
    "season": "9月1日から翌年5月31日まで",
    "term": "令和5年9月1日から令和10年8月31日まで",
    "districts": "名取市閖上",
    "conditions": "ア、イ、ウ及びエの点に夜間識別可能な黄色の標識を設置しなければならない。（ウは光達距離４キロメートル以上、ア、イ、エは光達距離２キロメートル以上）",
    "n_vertices": 4,
    "missing_vertices": null,
    "shoreline_bounded": false,
    "valid": true,
    "invalid_reason": null,
    "area_ha": 360.37,
    "source_page": 66
   },
   "geometry": {
    "type": "Polygon",
    "coordinates": [
     [
      [
       140.9728333,
       38.1663333
      ],
      [
       140.9915,
       38.1601667
      ],
      [
       140.9831667,
       38.1435
      ],
      [
       140.9633333,
       38.1503333
      ],
      [
       140.9728333,
       38.1663333
      ]
     ]
    ]
   }
  },
  {
   "type": "Feature",
   "id": "区第3701号",
   "properties": {
    "right_no": "区第3701号",
    "holder": "宮城県漁業協同組合",
    "location": "亘理郡亘理町荒浜、岩沼市地先",
    "right_type": "第一種区画漁業",
    "fishery": "藻類養殖業",
    "season": "9月1日から翌年5月31日まで",
    "term": "令和5年9月1日から令和10年8月31日まで",
    "districts": "亘理郡亘理町",
    "conditions": "ア、イ、ウ及びエの点に夜間識別可能な黄色の標識を設置しなければならない。（イ、ウは光達距離４キロメートル以上、ア、エは光達距離２キロメートル以上）",
    "n_vertices": 4,
    "missing_vertices": null,
    "shoreline_bounded": false,
    "valid": true,
    "invalid_reason": null,
    "area_ha": 846.69,
    "source_page": 66
   },
   "geometry": {
    "type": "Polygon",
    "coordinates": [
     [
      [
       140.9408333,
       38.088
      ],
      [
       140.9678333,
       38.0855
      ],
      [
       140.9643333,
       38.0545
      ],
      [
       140.936,
       38.0565
      ],
      [
       140.9408333,
       38.088
      ]
     ]
    ]
   }
  },
  {
   "type": "Feature",
   "id": "区第3702号",
   "properties": {
    "right_no": "区第3702号",
    "holder": "宮城県漁業協同組合",
    "location": "亘理郡亘理町吉田地先",
    "right_type": "第一種区画漁業",
    "fishery": "藻類養殖業",
    "season": "9月1日から翌年5月31日まで",
    "term": "令和5年9月1日から令和10年8月31日まで",
    "districts": "亘理郡亘理町",
    "conditions": "ア、イ、ウ及びエの点に夜間識別可能な黄色の標識を設置しなければならない。（イ、ウは光達距離４キロメートル以上、ア、エは光達距離２キロメートル以上）",
    "n_vertices": 4,
    "missing_vertices": null,
    "shoreline_bounded": false,
    "valid": true,
    "invalid_reason": null,
    "area_ha": 965.46,
    "source_page": 67
   },
   "geometry": {
    "type": "Polygon",
    "coordinates": [
     [
      [
       140.9318333,
       38.0296667
      ],
      [
       140.9626667,
       38.0285
      ],
      [
       140.9598333,
       37.9993333
      ],
      [
       140.9271667,
       37.9958333
      ],
      [
       140.9318333,
       38.0296667
      ]
     ]
    ]
   }
  },
  {
   "type": "Feature",
   "id": "区第3703号",
   "properties": {
    "right_no": "区第3703号",
    "holder": "宮城県漁業協同組合",
    "location": "亘理郡亘理町荒浜鳥の海地先",
    "right_type": "第一種区画漁業",
    "fishery": "藻類養殖業",
    "season": "9月1日から翌年5月31日まで",
    "term": "令和5年9月1日から令和10年8月31日まで",
    "districts": "亘理郡亘理町",
    "conditions": "",
    "n_vertices": 4,
    "missing_vertices": null,
    "shoreline_bounded": false,
    "valid": true,
    "invalid_reason": null,
    "area_ha": 4.16,
    "source_page": 67
   },
   "geometry": {
    "type": "Polygon",
    "coordinates": [
     [
      [
       140.9153333,
       38.034
      ],
      [
       140.9171667,
       38.0315
      ],
      [
       140.9158333,
       38.0315
      ],
      [
       140.9133333,
       38.0335
      ],
      [
       140.9153333,
       38.034
      ]
     ]
    ]
   }
  },
  {
   "type": "Feature",
   "id": "区第3704号",
   "properties": {
    "right_no": "区第3704号",
    "holder": "宮城県漁業協同組合",
    "location": "亘理郡亘理町荒浜鳥の海地先",
    "right_type": "第一種区画漁業",
    "fishery": "藻類養殖業",
    "season": "9月1日から翌年5月31日まで",
    "term": "令和5年9月1日から令和10年8月31日まで",
    "districts": "亘理郡亘理町",
    "conditions": "",
    "n_vertices": 3,
    "missing_vertices": null,
    "shoreline_bounded": false,
    "valid": true,
    "invalid_reason": null,
    "area_ha": 2.07,
    "source_page": 67
   },
   "geometry": {
    "type": "Polygon",
    "coordinates": [
     [
      [
       140.9166667,
       38.0308333
      ],
      [
       140.9145,
       38.029
      ],
      [
       140.9143333,
       38.0308333
      ],
      [
       140.9166667,
       38.0308333
      ]
     ]
    ]
   }
  },
  {
   "type": "Feature",
   "id": "区第3705号",
   "properties": {
    "right_no": "区第3705号",
    "holder": "宮城県漁業協同組合",
    "location": "亘理郡亘理町荒浜鳥の海地先",
    "right_type": "第一種区画漁業",
    "fishery": "藻類養殖業",
    "season": "9月1日から翌年5月31日まで",
    "term": "令和5年9月1日から令和10年8月31日まで",
    "districts": "亘理郡亘理町",
    "conditions": "",
    "n_vertices": 4,
    "missing_vertices": null,
    "shoreline_bounded": false,
    "valid": true,
    "invalid_reason": null,
    "area_ha": 5.58,
    "source_page": 67
   },
   "geometry": {
    "type": "Polygon",
    "coordinates": [
     [
      [
       140.9141667,
       38.0313333
      ],
      [
       140.9105,
       38.0315
      ],
      [
       140.9096667,
       38.0325
      ],
      [
       140.912,
       38.0336667
      ],
      [
       140.9141667,
       38.0313333
      ]
     ]
    ]
   }
  },
  {
   "type": "Feature",
   "id": "区第3706号",
   "properties": {
    "right_no": "区第3706号",
    "holder": "宮城県漁業協同組合",
    "location": "亘理郡亘理町荒浜鳥の海地先",
    "right_type": "第一種区画漁業",
    "fishery": "藻類養殖業",
    "season": "9月1日から翌年5月31日まで",
    "term": "令和5年9月1日から令和10年8月31日まで",
    "districts": "亘理郡亘理町",
    "conditions": "",
    "n_vertices": 5,
    "missing_vertices": null,
    "shoreline_bounded": false,
    "valid": true,
    "invalid_reason": null,
    "area_ha": 2.37,
    "source_page": 67
   },
   "geometry": {
    "type": "Polygon",
    "coordinates": [
     [
      [
       140.9045,
       38.0316667
      ],
      [
       140.9045,
       38.0321667
      ],
      [
       140.9068333,
       38.032
      ],
      [
       140.9083333,
       38.0325
      ],
      [
       140.909,
       38.0315
      ],
      [
       140.9045,
       38.0316667
      ]
     ]
    ]
   }
  },
  {
   "type": "Feature",
   "id": "区第3707号",
   "properties": {
    "right_no": "区第3707号",
    "holder": "宮城県漁業協同組合",
    "location": "亘理郡亘理町荒浜鳥の海地先",
    "right_type": "第一種区画漁業",
    "fishery": "藻類養殖業",
    "season": "9月1日から翌年5月31日まで",
    "term": "令和5年9月1日から令和10年8月31日まで",
    "districts": "亘理郡亘理町",
    "conditions": "",
    "n_vertices": 7,
    "missing_vertices": null,
    "shoreline_bounded": false,
    "valid": true,
    "invalid_reason": null,
    "area_ha": 8.52,
    "source_page": 67
   },
   "geometry": {
    "type": "Polygon",
    "coordinates": [
     [
      [
       140.9018333,
       38.0358333
      ],
      [
       140.9041667,
       38.0358333
      ],
      [
       140.9041667,
       38.0331667
      ],
      [
       140.908,
       38.0331667
      ],
      [
       140.908,
       38.0326667
      ],
      [
       140.9018333,
       38.0328333
      ],
      [
       140.9018333,
       38.0328333
      ],
      [
       140.9018333,
       38.0358333
      ]
     ]
    ]
   }
  },
  {
   "type": "Feature",
   "id": "区第3708号",
   "properties": {
    "right_no": "区第3708号",
    "holder": "宮城県漁業協同組合",
    "location": "亘理郡亘理町荒浜鳥の海地先",
    "right_type": "第一種区画漁業",
    "fishery": "藻類養殖業・貝類等垂下式養殖業",
    "season": "9月1日から翌年5月31日まで1月1日から12月31日まで",
    "term": "令和5年9月1日から令和10年8月31日まで",
    "districts": "亘理郡亘理町",
    "conditions": "",
    "n_vertices": 6,
    "missing_vertices": null,
    "shoreline_bounded": false,
    "valid": true,
    "invalid_reason": null,
    "area_ha": 3.6,
    "source_page": 67
   },
   "geometry": {
    "type": "Polygon",
    "coordinates": [
     [
      [
       140.9088333,
       38.0353333
      ],
      [
       140.9091667,
       38.0351667
      ],
      [
       140.9123333,
       38.035
      ],
      [
       140.9088333,
       38.0333333
      ],
      [
       140.9086667,
       38.0336667
      ],
      [
       140.9083333,
       38.0336667
      ],
      [
       140.9088333,
       38.0353333
      ]
     ]
    ]
   }
  },
  {
   "type": "Feature",
   "id": "区第3709号",
   "properties": {
    "right_no": "区第3709号",
    "holder": "宮城県漁業協同組合",
    "location": "亘理郡亘理町荒浜鳥の海地先",
    "right_type": "第一種区画漁業",
    "fishery": "藻類養殖業・貝類等垂下式養殖業",
    "season": "9月1日から翌年5月31日まで1月1日から12月31日まで",
    "term": "令和5年9月1日から令和10年8月31日まで",
    "districts": "亘理郡亘理町",
    "conditions": "",
    "n_vertices": 6,
    "missing_vertices": null,
    "shoreline_bounded": false,
    "valid": true,
    "invalid_reason": null,
    "area_ha": 2.91,
    "source_page": 67
   },
   "geometry": {
    "type": "Polygon",
    "coordinates": [
     [
      [
       140.9073333,
       38.0373333
      ],
      [
       140.9103333,
       38.037
      ],
      [
       140.9101667,
       38.036
      ],
      [
       140.9071667,
       38.0363333
      ],
      [
       140.9073333,
       38.0366667
      ],
      [
       140.9073333,
       38.0368333
      ],
      [
       140.9073333,
       38.0373333
      ]
     ]
    ]
   }
  }
 ]
}